{
  "target_assay": "TOX21_DT40_657_LUC",
  "n_folds": 3,
  "random_state": 21,
  "global_threshold": 0.33214274048805237,
  "cv_roc_auc_mean": 0.9049617496415231,
  "cv_roc_auc_std": 0.01266718848287174,
  "cv_pr_auc_mean": 0.8914287689273683,
  "cv_pr_auc_std": 0.018013321356942932,
  "cv_average_precision_mean": 0.8919235473347021,
  "cv_average_precision_std": 0.017792515744757036,
  "cv_f1_mean": 0.8246035663807776,
  "cv_f1_std": 0.016447050819651476,
  "cv_accuracy_mean": 0.8487302329756724,
  "cv_accuracy_std": 0.011920641474542616,
  "cv_precision_mean": 0.8083105814837418,
  "cv_precision_std": 0.023042775373688117,
  "cv_recall_mean": 0.8439610654632999,
  "cv_recall_std": 0.05535281116879674,
  "cv_specificity_mean": 0.8527827408632479,
  "cv_specificity_std": 0.027253073278533445,
  "cv_brier_score_mean": 0.1200052450846436,
  "cv_brier_score_std": 0.010090780406372608,
  "cv_log_loss_mean": 0.4263747385534271,
  "cv_log_loss_std": 0.015147976287912134,
  "oof_roc_auc": 0.9052238450792157,
  "oof_pr_auc": 0.8923292167156908,
  "oof_accuracy": 0.8504132231404958,
  "oof_f1": 0.820969337289812,
  "samples_with_target": 1210,
  "n_httr_features": 16821,
  "n_chemical_features": 163,
  "target_positives": 511,
  "target_negatives": 699,
  "target_balance_ratio": 0.7310443490701002,
  "unique_chemicals": 1179,
  "ablation_mode": "single_cell_httr_structure",
  "cell_type_filter": "MCF7"
}