{
  "target_assay": "TOX21_AR_LUC_MDAKB2_Antagonist_0_5nM_R1881",
  "n_folds": 3,
  "random_state": 21,
  "global_threshold": 0.35781893134117126,
  "cv_roc_auc_mean": 0.9169995563591531,
  "cv_roc_auc_std": 0.016366753490706935,
  "cv_pr_auc_mean": 0.7953049052285643,
  "cv_pr_auc_std": 0.05368562111729794,
  "cv_average_precision_mean": 0.7963306346189527,
  "cv_average_precision_std": 0.05323344317970645,
  "cv_f1_mean": 0.7592379465881827,
  "cv_f1_std": 0.03713218651803282,
  "cv_accuracy_mean": 0.8768690863750148,
  "cv_accuracy_std": 0.020559923756774273,
  "cv_precision_mean": 0.7113059030487107,
  "cv_precision_std": 0.04374120728339218,
  "cv_recall_mean": 0.8148480541758764,
  "cv_recall_std": 0.0376243455751117,
  "cv_specificity_mean": 0.8965062340207023,
  "cv_specificity_std": 0.01747226320118486,
  "cv_brier_score_mean": 0.09059402295890633,
  "cv_brier_score_std": 0.01473734661119878,
  "cv_log_loss_mean": 0.3180881644418101,
  "cv_log_loss_std": 0.06105264459543729,
  "oof_roc_auc": 0.9119149667899288,
  "oof_pr_auc": 0.7779971668757696,
  "oof_accuracy": 0.8795896328293736,
  "oof_f1": 0.7535911602209945,
  "samples_with_target": 1852,
  "n_httr_features": 16821,
  "n_chemical_features": 163,
  "target_positives": 441,
  "target_negatives": 1411,
  "target_balance_ratio": 0.31254429482636426,
  "unique_chemicals": 1269,
  "ablation_mode": "double_cell_httr_structure",
  "cell_type_filter": null,
  "cell_type_filter_1": "MCF7",
  "cell_type_filter_2": "HepRG"
}