{
  "target_assay": "TOX21_ERa_BLA_Agonist_ratio",
  "n_folds": 3,
  "random_state": 21,
  "global_threshold": 0.5054471492767334,
  "cv_roc_auc_mean": 0.8863010193913962,
  "cv_roc_auc_std": 0.03980335917600027,
  "cv_pr_auc_mean": 0.5703576434524139,
  "cv_pr_auc_std": 0.10086197747411563,
  "cv_average_precision_mean": 0.5748382851415711,
  "cv_average_precision_std": 0.09874325786854793,
  "cv_f1_mean": 0.6078203639179248,
  "cv_f1_std": 0.05143663547887688,
  "cv_accuracy_mean": 0.970065854746441,
  "cv_accuracy_std": 0.010582132569730828,
  "cv_precision_mean": 0.6305555555555555,
  "cv_precision_std": 0.067871065127059,
  "cv_recall_mean": 0.5870194003527337,
  "cv_recall_std": 0.03734135496332076,
  "cv_specificity_mean": 0.9856846227234932,
  "cv_specificity_std": 0.005899097790989678,
  "cv_brier_score_mean": 0.025261185983499274,
  "cv_brier_score_std": 0.006394084485084535,
  "cv_log_loss_mean": 0.1254577109728068,
  "cv_log_loss_std": 0.04367466012394749,
  "oof_roc_auc": 0.8610323260132483,
  "oof_pr_auc": 0.5653898678175581,
  "oof_accuracy": 0.9707968293700459,
  "oof_f1": 0.5833333333333334,
  "samples_with_target": 2397,
  "n_httr_features": 16821,
  "n_chemical_features": 163,
  "target_positives": 94,
  "target_negatives": 2303,
  "target_balance_ratio": 0.04081632653061224,
  "unique_chemicals": 1659,
  "ablation_mode": "double_cell_httr_structure",
  "cell_type_filter": null,
  "cell_type_filter_1": "MCF7",
  "cell_type_filter_2": "U2OS"
}