{
  "target_assay": "TOX21_ERa_LUC_VM7_Antagonist_0_5nM_E2",
  "n_folds": 3,
  "random_state": 21,
  "global_threshold": 0.4629429578781128,
  "cv_roc_auc_mean": 0.9033505912224448,
  "cv_roc_auc_std": 0.018346408215126772,
  "cv_pr_auc_mean": 0.6718644973252603,
  "cv_pr_auc_std": 0.07099775975804551,
  "cv_average_precision_mean": 0.6785644732658286,
  "cv_average_precision_std": 0.06638593175945814,
  "cv_f1_mean": 0.6822716548702393,
  "cv_f1_std": 0.027028632420100736,
  "cv_accuracy_mean": 0.9438630673002484,
  "cv_accuracy_std": 0.005906041547480275,
  "cv_precision_mean": 0.6719425375031781,
  "cv_precision_std": 0.07945341974305903,
  "cv_recall_mean": 0.699720315280956,
  "cv_recall_std": 0.03526415143165178,
  "cv_specificity_mean": 0.9670989170989172,
  "cv_specificity_std": 0.010923169872507727,
  "cv_brier_score_mean": 0.04904965452690538,
  "cv_brier_score_std": 0.0021298950779533067,
  "cv_log_loss_mean": 0.20834727655444232,
  "cv_log_loss_std": 0.02889452582670355,
  "oof_roc_auc": 0.8864615311391923,
  "oof_pr_auc": 0.6313068216277447,
  "oof_accuracy": 0.9410958904109589,
  "oof_f1": 0.656,
  "samples_with_target": 730,
  "n_httr_features": 16821,
  "n_chemical_features": 163,
  "target_positives": 63,
  "target_negatives": 667,
  "target_balance_ratio": 0.0944527736131934,
  "unique_chemicals": 718,
  "ablation_mode": "single_cell_httr_structure",
  "cell_type_filter": "HepRG"
}