{
  "target_assay": "TOX21_PGC_ERR_LUC_Antagonist",
  "n_folds": 3,
  "random_state": 21,
  "global_threshold": 0.20046162605285645,
  "cv_roc_auc_mean": 0.7726744633133645,
  "cv_roc_auc_std": 0.02032863425636181,
  "cv_pr_auc_mean": 0.3634212159666121,
  "cv_pr_auc_std": 0.06092472069954395,
  "cv_average_precision_mean": 0.3742192028454849,
  "cv_average_precision_std": 0.058434204033902794,
  "cv_f1_mean": 0.4585208594913355,
  "cv_f1_std": 0.02655036234156329,
  "cv_accuracy_mean": 0.8217127973692295,
  "cv_accuracy_std": 0.03307178276766671,
  "cv_precision_mean": 0.41616284269936427,
  "cv_precision_std": 0.09517309089937998,
  "cv_recall_mean": 0.5486663451090329,
  "cv_recall_std": 0.1197880978326651,
  "cv_specificity_mean": 0.8665448808185171,
  "cv_specificity_std": 0.06042882559154693,
  "cv_brier_score_mean": 0.12171837615931032,
  "cv_brier_score_std": 0.002440975742097904,
  "cv_log_loss_mean": 0.42361204266968144,
  "cv_log_loss_std": 0.02602656989178014,
  "oof_roc_auc": 0.7668236815368984,
  "oof_pr_auc": 0.3452782645991056,
  "oof_accuracy": 0.7805925289823958,
  "oof_f1": 0.4463705308775731,
  "samples_with_target": 2329,
  "n_httr_features": 0,
  "n_chemical_features": 163,
  "target_positives": 324,
  "target_negatives": 2005,
  "target_balance_ratio": 0.16159600997506235,
  "unique_chemicals": 1137,
  "ablation_mode": "structure_only",
  "cell_type_filter": null
}