{
  "target_assay": "TOX21_ERb_BLA_Antagonist_ratio",
  "n_folds": 3,
  "random_state": 21,
  "global_threshold": 0.2397097647190094,
  "cv_roc_auc_mean": 0.8198826494532835,
  "cv_roc_auc_std": 0.02597856073384468,
  "cv_pr_auc_mean": 0.5285639497859685,
  "cv_pr_auc_std": 0.12389855010052211,
  "cv_average_precision_mean": 0.5366847222440388,
  "cv_average_precision_std": 0.12044447478152182,
  "cv_f1_mean": 0.5830131366401243,
  "cv_f1_std": 0.06821710183395975,
  "cv_accuracy_mean": 0.8004506903043774,
  "cv_accuracy_std": 0.05383258913258197,
  "cv_precision_mean": 0.5060048254791828,
  "cv_precision_std": 0.11935954806272261,
  "cv_recall_mean": 0.7164337990685296,
  "cv_recall_std": 0.06526530895414191,
  "cv_specificity_mean": 0.8228204245544136,
  "cv_specificity_std": 0.08158077406676977,
  "cv_brier_score_mean": 0.13773471665040155,
  "cv_brier_score_std": 0.006976265003672071,
  "cv_log_loss_mean": 0.5210423830607174,
  "cv_log_loss_std": 0.07925660136959699,
  "oof_roc_auc": 0.8183779715417799,
  "oof_pr_auc": 0.5103754577133367,
  "oof_accuracy": 0.8098188751191611,
  "oof_f1": 0.572347266881029,
  "samples_with_target": 2098,
  "n_httr_features": 0,
  "n_chemical_features": 163,
  "target_positives": 407,
  "target_negatives": 1691,
  "target_balance_ratio": 0.24068598462448257,
  "unique_chemicals": 1038,
  "ablation_mode": "structure_only",
  "cell_type_filter": null
}