{
  "target_assay": "TOX21_HDAC_LUC_Antagonist",
  "n_folds": 3,
  "random_state": 21,
  "global_threshold": 0.40939611196517944,
  "cv_roc_auc_mean": 0.884504027775045,
  "cv_roc_auc_std": 0.019042657678399914,
  "cv_pr_auc_mean": 0.35760778032934115,
  "cv_pr_auc_std": 0.08900955129843868,
  "cv_average_precision_mean": 0.3728756170053536,
  "cv_average_precision_std": 0.09238297622947823,
  "cv_f1_mean": 0.4613476537527171,
  "cv_f1_std": 0.149458303651298,
  "cv_accuracy_mean": 0.9590212242553552,
  "cv_accuracy_std": 0.01658995524420364,
  "cv_precision_mean": 0.4931623931623932,
  "cv_precision_std": 0.22741628761373717,
  "cv_recall_mean": 0.4714324754291961,
  "cv_recall_std": 0.10222070074320691,
  "cv_specificity_mean": 0.9773523580354717,
  "cv_specificity_std": 0.018991408707598252,
  "cv_brier_score_mean": 0.034058193521494966,
  "cv_brier_score_std": 0.009232590044988673,
  "cv_log_loss_mean": 0.16036517980466022,
  "cv_log_loss_std": 0.04279072447561756,
  "oof_roc_auc": 0.8746171830468848,
  "oof_pr_auc": 0.3032006552694186,
  "oof_accuracy": 0.9601501588218307,
  "oof_f1": 0.4435483870967742,
  "samples_with_target": 3463,
  "n_httr_features": 0,
  "n_chemical_features": 163,
  "target_positives": 124,
  "target_negatives": 3339,
  "target_balance_ratio": 0.03713686732554657,
  "unique_chemicals": 1708,
  "ablation_mode": "structure_only",
  "cell_type_filter": null
}