{
  "target_assay": "TOX21_AR_LUC_MDAKB2_Antagonist_0_5nM_R1881",
  "n_folds": 3,
  "random_state": 21,
  "global_threshold": 0.49928587675094604,
  "cv_roc_auc_mean": 0.9169131134182419,
  "cv_roc_auc_std": 0.015115653272113557,
  "cv_pr_auc_mean": 0.7946324144905342,
  "cv_pr_auc_std": 0.03819686878485151,
  "cv_average_precision_mean": 0.7954840532399649,
  "cv_average_precision_std": 0.03786069008575334,
  "cv_f1_mean": 0.7414264104361679,
  "cv_f1_std": 0.03225149313935666,
  "cv_accuracy_mean": 0.8807663070801985,
  "cv_accuracy_std": 0.013099911958083464,
  "cv_precision_mean": 0.7474247037350414,
  "cv_precision_std": 0.019672203796267558,
  "cv_recall_mean": 0.7358657370748155,
  "cv_recall_std": 0.0450591274193048,
  "cv_specificity_mean": 0.9238410074970308,
  "cv_specificity_std": 0.01390882943075104,
  "cv_brier_score_mean": 0.09459247235089095,
  "cv_brier_score_std": 0.010484947019760469,
  "cv_log_loss_mean": 0.34174318174978424,
  "cv_log_loss_std": 0.06021435509909194,
  "oof_roc_auc": 0.9031759066823042,
  "oof_pr_auc": 0.782858867899018,
  "oof_accuracy": 0.879742033383915,
  "oof_f1": 0.7356130108423686,
  "samples_with_target": 2636,
  "n_httr_features": 16821,
  "n_chemical_features": 163,
  "target_positives": 617,
  "target_negatives": 2019,
  "target_balance_ratio": 0.3055968301139178,
  "unique_chemicals": 1269
}