{
  "target_assay": "TOX21_ERa_LUC_VM7_Antagonist_0_5nM_E2",
  "n_folds": 3,
  "random_state": 21,
  "global_threshold": 0.33047619462013245,
  "cv_roc_auc_mean": 0.8543945622596189,
  "cv_roc_auc_std": 0.034755708633173024,
  "cv_pr_auc_mean": 0.41626123147089705,
  "cv_pr_auc_std": 0.14228232689132428,
  "cv_average_precision_mean": 0.435127186147738,
  "cv_average_precision_std": 0.13810145608984373,
  "cv_f1_mean": 0.4825574177529485,
  "cv_f1_std": 0.09154311864886029,
  "cv_accuracy_mean": 0.8940555133574478,
  "cv_accuracy_std": 0.03662523738058748,
  "cv_precision_mean": 0.45886670080218467,
  "cv_precision_std": 0.12598096077678606,
  "cv_recall_mean": 0.5275639011104127,
  "cv_recall_std": 0.08432776935117658,
  "cv_specificity_mean": 0.9300909725152149,
  "cv_specificity_std": 0.04126395544011205,
  "cv_brier_score_mean": 0.0765700623279098,
  "cv_brier_score_std": 0.014852847775454002,
  "cv_log_loss_mean": 0.3435708566877673,
  "cv_log_loss_std": 0.08711545004008017,
  "oof_roc_auc": 0.8485397646907548,
  "oof_pr_auc": 0.37575837732998213,
  "oof_accuracy": 0.9071954210956664,
  "oof_f1": 0.4556354916067146,
  "samples_with_target": 2446,
  "n_httr_features": 0,
  "n_chemical_features": 163,
  "target_positives": 224,
  "target_negatives": 2222,
  "target_balance_ratio": 0.10081008100810081,
  "unique_chemicals": 1173,
  "ablation_mode": "structure_only",
  "cell_type_filter": null
}