{
  "target_assay": "TOX21_AR_LUC_MDAKB2_Antagonist_0_5nM_R1881",
  "n_folds": 3,
  "random_state": 21,
  "global_threshold": 0.3948339819908142,
  "cv_roc_auc_mean": 0.9318934362437115,
  "cv_roc_auc_std": 0.008374531339827717,
  "cv_pr_auc_mean": 0.8134238735565741,
  "cv_pr_auc_std": 0.028022218166969478,
  "cv_average_precision_mean": 0.8152450650615757,
  "cv_average_precision_std": 0.027828225535506255,
  "cv_f1_mean": 0.7880851809416489,
  "cv_f1_std": 0.03403248222471318,
  "cv_accuracy_mean": 0.8848695209357963,
  "cv_accuracy_std": 0.029747451863292855,
  "cv_precision_mean": 0.7371235902801999,
  "cv_precision_std": 0.0792049409600175,
  "cv_recall_mean": 0.8533335659618023,
  "cv_recall_std": 0.03636148871871805,
  "cv_specificity_mean": 0.8953613989630126,
  "cv_specificity_std": 0.049551926543685565,
  "cv_brier_score_mean": 0.09540121881027541,
  "cv_brier_score_std": 0.020776485786435515,
  "cv_log_loss_mean": 0.3593232415945479,
  "cv_log_loss_std": 0.0810081861570182,
  "oof_roc_auc": 0.916784004505773,
  "oof_pr_auc": 0.796763427293636,
  "oof_accuracy": 0.8840037418147801,
  "oof_f1": 0.7728937728937729,
  "samples_with_target": 1069,
  "n_httr_features": 16821,
  "n_chemical_features": 163,
  "target_positives": 265,
  "target_negatives": 804,
  "target_balance_ratio": 0.32960199004975127,
  "unique_chemicals": 1043,
  "ablation_mode": "single_cell_httr_structure",
  "cell_type_filter": "MCF7"
}