{
  "target_assay": "TOX21_p450_CYP1A2_Antagonist",
  "n_folds": 3,
  "random_state": 21,
  "global_threshold": 0.39510196447372437,
  "cv_roc_auc_mean": 0.826074724341073,
  "cv_roc_auc_std": 0.014477516886547418,
  "cv_pr_auc_mean": 0.8834097085198626,
  "cv_pr_auc_std": 0.016035110521270133,
  "cv_average_precision_mean": 0.8836741360430818,
  "cv_average_precision_std": 0.015968007084694192,
  "cv_f1_mean": 0.8198809480511092,
  "cv_f1_std": 0.012796204867164191,
  "cv_accuracy_mean": 0.7623058926354235,
  "cv_accuracy_std": 0.0022092011732464494,
  "cv_precision_mean": 0.7656576921454484,
  "cv_precision_std": 0.010245963184535052,
  "cv_recall_mean": 0.8826967270668207,
  "cv_recall_std": 0.026312273650865758,
  "cv_specificity_mean": 0.5638894186958273,
  "cv_specificity_std": 0.07812552280955812,
  "cv_brier_score_mean": 0.16603243321898262,
  "cv_brier_score_std": 0.00672327654668463,
  "cv_log_loss_mean": 0.5138938193441414,
  "cv_log_loss_std": 0.026447693708216206,
  "oof_roc_auc": 0.8282713747574294,
  "oof_pr_auc": 0.8832508659357481,
  "oof_accuracy": 0.7611044417767107,
  "oof_f1": 0.8170955882352942,
  "samples_with_target": 1666,
  "n_httr_features": 16821,
  "n_chemical_features": 163,
  "target_positives": 1025,
  "target_negatives": 641,
  "target_balance_ratio": 0.6253658536585366,
  "unique_chemicals": 1138,
  "ablation_mode": "double_cell_httr_structure",
  "cell_type_filter": null,
  "cell_type_filter_1": "MCF7",
  "cell_type_filter_2": "HepRG"
}