{
  "target_assay": "TOX21_CAR_LUC_Agonist",
  "n_folds": 3,
  "random_state": 21,
  "global_threshold": 0.27179592847824097,
  "cv_roc_auc_mean": 0.9275735707999844,
  "cv_roc_auc_std": 0.006494665587584393,
  "cv_pr_auc_mean": 0.5579386974266094,
  "cv_pr_auc_std": 0.056532570859321805,
  "cv_average_precision_mean": 0.5658318172703349,
  "cv_average_precision_std": 0.05812243743638826,
  "cv_f1_mean": 0.6293192648059904,
  "cv_f1_std": 0.06692884675508745,
  "cv_accuracy_mean": 0.9391317008166885,
  "cv_accuracy_std": 0.007031979393824529,
  "cv_precision_mean": 0.6090225563909774,
  "cv_precision_std": 0.08431975495246948,
  "cv_recall_mean": 0.6521109810044236,
  "cv_recall_std": 0.04623775094371324,
  "cv_specificity_mean": 0.9638327791387362,
  "cv_specificity_std": 0.005959634007945948,
  "cv_brier_score_mean": 0.05018501538659576,
  "cv_brier_score_std": 0.005304753808543566,
  "cv_log_loss_mean": 0.19044735991694392,
  "cv_log_loss_std": 0.010336888023895305,
  "oof_roc_auc": 0.9246921850079745,
  "oof_pr_auc": 0.5514002983835125,
  "oof_accuracy": 0.9341404358353511,
  "oof_f1": 0.6179775280898876,
  "samples_with_target": 2065,
  "n_httr_features": 16821,
  "n_chemical_features": 163,
  "target_positives": 165,
  "target_negatives": 1900,
  "target_balance_ratio": 0.0868421052631579,
  "unique_chemicals": 1457,
  "ablation_mode": "double_cell_httr_structure",
  "cell_type_filter": null,
  "cell_type_filter_1": "MCF7",
  "cell_type_filter_2": "U2OS"
}