{
  "target_assay": "TOX21_Aromatase_LUC_Antagonist",
  "n_folds": 3,
  "random_state": 21,
  "global_threshold": 0.4090118110179901,
  "cv_roc_auc_mean": 0.8597942074534103,
  "cv_roc_auc_std": 0.012384636330584897,
  "cv_pr_auc_mean": 0.5176741836370055,
  "cv_pr_auc_std": 0.04225301083712111,
  "cv_average_precision_mean": 0.5216814695075972,
  "cv_average_precision_std": 0.04189212756165739,
  "cv_f1_mean": 0.5567683642941029,
  "cv_f1_std": 0.036644555784216534,
  "cv_accuracy_mean": 0.8927312699072151,
  "cv_accuracy_std": 0.014489468908841358,
  "cv_precision_mean": 0.49918724727337166,
  "cv_precision_std": 0.07954367078582025,
  "cv_recall_mean": 0.6493833171048361,
  "cv_recall_std": 0.0915081127910366,
  "cv_specificity_mean": 0.9220162883110149,
  "cv_specificity_std": 0.023414098572348087,
  "cv_brier_score_mean": 0.07964993978347468,
  "cv_brier_score_std": 0.010622989000318345,
  "cv_log_loss_mean": 0.2811868035463054,
  "cv_log_loss_std": 0.021871767587470753,
  "oof_roc_auc": 0.8586196530222365,
  "oof_pr_auc": 0.502485439575534,
  "oof_accuracy": 0.8899038461538461,
  "oof_f1": 0.5447316103379721,
  "samples_with_target": 2080,
  "n_httr_features": 16821,
  "n_chemical_features": 0,
  "target_positives": 222,
  "target_negatives": 1858,
  "target_balance_ratio": 0.11948331539289558,
  "unique_chemicals": 991,
  "ablation_mode": "httr_only",
  "cell_type_filter": null
}