{
  "target_assay": "TOX21_ERR_LUC_Antagonist",
  "n_folds": 3,
  "random_state": 21,
  "global_threshold": 0.27746307849884033,
  "cv_roc_auc_mean": 0.9145891908817424,
  "cv_roc_auc_std": 0.022906902017913237,
  "cv_pr_auc_mean": 0.808547980279538,
  "cv_pr_auc_std": 0.029630825644241382,
  "cv_average_precision_mean": 0.8094045102360274,
  "cv_average_precision_std": 0.02970543897534943,
  "cv_f1_mean": 0.7537288101803991,
  "cv_f1_std": 0.04486944530536899,
  "cv_accuracy_mean": 0.8890238043566496,
  "cv_accuracy_std": 0.033165508809102864,
  "cv_precision_mean": 0.7693315138967313,
  "cv_precision_std": 0.07524540779732038,
  "cv_recall_mean": 0.7401182166886752,
  "cv_recall_std": 0.019739017097065752,
  "cv_specificity_mean": 0.9319443631178798,
  "cv_specificity_std": 0.03216501161167918,
  "cv_brier_score_mean": 0.09323057726400245,
  "cv_brier_score_std": 0.027846554150363752,
  "cv_log_loss_mean": 0.35547009731931406,
  "cv_log_loss_std": 0.116038695946535,
  "oof_roc_auc": 0.9019210824185948,
  "oof_pr_auc": 0.7965714461084812,
  "oof_accuracy": 0.8753213367609255,
  "oof_f1": 0.7366515837104073,
  "samples_with_target": 2334,
  "n_httr_features": 16821,
  "n_chemical_features": 0,
  "target_positives": 525,
  "target_negatives": 1809,
  "target_balance_ratio": 0.2902155887230514,
  "unique_chemicals": 1131,
  "ablation_mode": "httr_only",
  "cell_type_filter": null
}