{
  "target_assay": "TOX21_FXR_BLA_Antagonist_ratio",
  "n_folds": 3,
  "random_state": 21,
  "global_threshold": 0.48203253746032715,
  "cv_roc_auc_mean": 0.9120776174913052,
  "cv_roc_auc_std": 0.006063826134040193,
  "cv_pr_auc_mean": 0.5870066138118649,
  "cv_pr_auc_std": 0.0450242869293504,
  "cv_average_precision_mean": 0.5901989188740585,
  "cv_average_precision_std": 0.04458123680613187,
  "cv_f1_mean": 0.5893284344708225,
  "cv_f1_std": 0.036222189509548385,
  "cv_accuracy_mean": 0.9174292583775904,
  "cv_accuracy_std": 0.016431656702995578,
  "cv_precision_mean": 0.5624697942557305,
  "cv_precision_std": 0.0787863134341948,
  "cv_recall_mean": 0.650425289665796,
  "cv_recall_std": 0.1712384031161537,
  "cv_specificity_mean": 0.943999404728037,
  "cv_specificity_std": 0.034343074794427435,
  "cv_brier_score_mean": 0.05989738396737387,
  "cv_brier_score_std": 0.0031469549309480756,
  "cv_log_loss_mean": 0.20465747968760473,
  "cv_log_loss_std": 0.014311396249886877,
  "oof_roc_auc": 0.9052533245851271,
  "oof_pr_auc": 0.5752300998768616,
  "oof_accuracy": 0.920836751435603,
  "oof_f1": 0.562358276643991,
  "samples_with_target": 2438,
  "n_httr_features": 16821,
  "n_chemical_features": 163,
  "target_positives": 226,
  "target_negatives": 2212,
  "target_balance_ratio": 0.10216998191681737,
  "unique_chemicals": 1180
}