{
  "target_assay": "TOX21_MMP_ratio",
  "n_folds": 3,
  "random_state": 21,
  "global_threshold": 0.4360382556915283,
  "cv_roc_auc_mean": 0.9319542849577876,
  "cv_roc_auc_std": 0.017936940469736675,
  "cv_pr_auc_mean": 0.7762523802374123,
  "cv_pr_auc_std": 0.012690901820785637,
  "cv_average_precision_mean": 0.7772247147233774,
  "cv_average_precision_std": 0.012911504769299873,
  "cv_f1_mean": 0.7275784933073935,
  "cv_f1_std": 0.025799850381106874,
  "cv_accuracy_mean": 0.9103699502130761,
  "cv_accuracy_std": 0.00832775107146919,
  "cv_precision_mean": 0.7264499806673704,
  "cv_precision_std": 0.05942163618785588,
  "cv_recall_mean": 0.7437067584836407,
  "cv_recall_std": 0.12371115795122554,
  "cv_specificity_mean": 0.9418523400531614,
  "cv_specificity_std": 0.030261049119527667,
  "cv_brier_score_mean": 0.07019603569869577,
  "cv_brier_score_std": 0.003332398739816005,
  "cv_log_loss_mean": 0.23916913745076837,
  "cv_log_loss_std": 0.010833269579482092,
  "oof_roc_auc": 0.9324321289199584,
  "oof_pr_auc": 0.7672491644603254,
  "oof_accuracy": 0.9086139046786182,
  "oof_f1": 0.7164179104477612,
  "samples_with_target": 2287,
  "n_httr_features": 16821,
  "n_chemical_features": 163,
  "target_positives": 372,
  "target_negatives": 1915,
  "target_balance_ratio": 0.19425587467362923,
  "unique_chemicals": 1569,
  "ablation_mode": "double_cell_httr_structure",
  "cell_type_filter": null,
  "cell_type_filter_1": "MCF7",
  "cell_type_filter_2": "HepRG"
}