{
  "target_assay": "TOX21_PGC_ERR_LUC_Antagonist",
  "n_folds": 3,
  "random_state": 21,
  "global_threshold": 0.2909072935581207,
  "cv_roc_auc_mean": 0.8804825304530032,
  "cv_roc_auc_std": 0.008725231152005132,
  "cv_pr_auc_mean": 0.6262887708268744,
  "cv_pr_auc_std": 0.03568868045753912,
  "cv_average_precision_mean": 0.6297065097604363,
  "cv_average_precision_std": 0.03570540359877372,
  "cv_f1_mean": 0.6178502419788748,
  "cv_f1_std": 0.043396647617109395,
  "cv_accuracy_mean": 0.8741072874871643,
  "cv_accuracy_std": 0.01649268394396004,
  "cv_precision_mean": 0.5444746532206534,
  "cv_precision_std": 0.04774963595153847,
  "cv_recall_mean": 0.7197844363993232,
  "cv_recall_std": 0.08694900502579639,
  "cv_specificity_mean": 0.8983310670810671,
  "cv_specificity_std": 0.030503735359551486,
  "cv_brier_score_mean": 0.08740851976515845,
  "cv_brier_score_std": 0.007582752038968835,
  "cv_log_loss_mean": 0.315552117294091,
  "cv_log_loss_std": 0.03459871476124019,
  "oof_roc_auc": 0.8710856519367158,
  "oof_pr_auc": 0.626980904227912,
  "oof_accuracy": 0.8734793187347932,
  "oof_f1": 0.6162361623616236,
  "samples_with_target": 1644,
  "n_httr_features": 16821,
  "n_chemical_features": 163,
  "target_positives": 234,
  "target_negatives": 1410,
  "target_balance_ratio": 0.16595744680851063,
  "unique_chemicals": 1137,
  "ablation_mode": "double_cell_httr_structure",
  "cell_type_filter": null,
  "cell_type_filter_1": "MCF7",
  "cell_type_filter_2": "U2OS"
}