{
  "target_assay": "TOX21_AhR_LUC_Agonist",
  "n_folds": 3,
  "random_state": 21,
  "global_threshold": 0.5685397982597351,
  "cv_roc_auc_mean": 0.8729152978609404,
  "cv_roc_auc_std": 0.02148442152530794,
  "cv_pr_auc_mean": 0.5122312679213205,
  "cv_pr_auc_std": 0.033094711609964654,
  "cv_average_precision_mean": 0.5161918007151814,
  "cv_average_precision_std": 0.03373777049063285,
  "cv_f1_mean": 0.5339477726574501,
  "cv_f1_std": 0.03247240617320753,
  "cv_accuracy_mean": 0.9615032092193898,
  "cv_accuracy_std": 0.024774785615105342,
  "cv_precision_mean": 0.8020434227330778,
  "cv_precision_std": 0.25282518210496685,
  "cv_recall_mean": 0.4493626940435451,
  "cv_recall_std": 0.16385599104987628,
  "cv_specificity_mean": 0.9845161420990806,
  "cv_specificity_std": 0.025462954558373527,
  "cv_brier_score_mean": 0.03460620395327938,
  "cv_brier_score_std": 0.009780538122357716,
  "cv_log_loss_mean": 0.15849530958925004,
  "cv_log_loss_std": 0.027025335534469036,
  "oof_roc_auc": 0.8819687595372194,
  "oof_pr_auc": 0.5110238984839651,
  "oof_accuracy": 0.9618473895582329,
  "oof_f1": 0.525,
  "samples_with_target": 1992,
  "n_httr_features": 16821,
  "n_chemical_features": 163,
  "target_positives": 95,
  "target_negatives": 1897,
  "target_balance_ratio": 0.05007907221929362,
  "unique_chemicals": 1374,
  "ablation_mode": "double_cell_httr_structure",
  "cell_type_filter": null,
  "cell_type_filter_1": "MCF7",
  "cell_type_filter_2": "U2OS"
}