{
  "target_assay": "TOX21_PGC_ERR_LUC_Antagonist",
  "n_folds": 3,
  "random_state": 21,
  "global_threshold": 0.3320075273513794,
  "cv_roc_auc_mean": 0.8742667042028417,
  "cv_roc_auc_std": 0.030184076534494574,
  "cv_pr_auc_mean": 0.6282795721348066,
  "cv_pr_auc_std": 0.05167580855270338,
  "cv_average_precision_mean": 0.6331012213845519,
  "cv_average_precision_std": 0.04928615414173931,
  "cv_f1_mean": 0.6376171743990272,
  "cv_f1_std": 0.03526925644401128,
  "cv_accuracy_mean": 0.8984428312666579,
  "cv_accuracy_std": 0.015110358118824233,
  "cv_precision_mean": 0.6459951566414728,
  "cv_precision_std": 0.04925925329902555,
  "cv_recall_mean": 0.63003663003663,
  "cv_recall_std": 0.025378033810532975,
  "cv_specificity_mean": 0.9424609116934596,
  "cv_specificity_std": 0.012852090165772675,
  "cv_brier_score_mean": 0.0816353693103145,
  "cv_brier_score_std": 0.01107758802187383,
  "cv_log_loss_mean": 0.28541526967286596,
  "cv_log_loss_std": 0.03087830502260023,
  "oof_roc_auc": 0.8738360842690154,
  "oof_pr_auc": 0.6136073156775341,
  "oof_accuracy": 0.887401095556908,
  "oof_f1": 0.6247464503042597,
  "samples_with_target": 1643,
  "n_httr_features": 16821,
  "n_chemical_features": 163,
  "target_positives": 234,
  "target_negatives": 1409,
  "target_balance_ratio": 0.1660752306600426,
  "unique_chemicals": 1137,
  "ablation_mode": "double_cell_httr_structure",
  "cell_type_filter": null,
  "cell_type_filter_1": "MCF7",
  "cell_type_filter_2": "HepRG"
}