{
  "target_assay": "TOX21_AR_BLA_Antagonist_ratio",
  "n_folds": 3,
  "random_state": 21,
  "global_threshold": 0.4808195233345032,
  "cv_roc_auc_mean": 0.9007395855046824,
  "cv_roc_auc_std": 0.010528764299593464,
  "cv_pr_auc_mean": 0.6236468996187753,
  "cv_pr_auc_std": 0.07245514713175259,
  "cv_average_precision_mean": 0.631679010053912,
  "cv_average_precision_std": 0.06915684737402429,
  "cv_f1_mean": 0.6715203106332139,
  "cv_f1_std": 0.06076379425910301,
  "cv_accuracy_mean": 0.8752199859421673,
  "cv_accuracy_std": 0.038807671340748286,
  "cv_precision_mean": 0.5696007696007696,
  "cv_precision_std": 0.10371570571135533,
  "cv_recall_mean": 0.8362573099415206,
  "cv_recall_std": 0.045735813320580805,
  "cv_specificity_mean": 0.8820437881351587,
  "cv_specificity_std": 0.05288650291359475,
  "cv_brier_score_mean": 0.09323834039962774,
  "cv_brier_score_std": 0.017596950152369454,
  "cv_log_loss_mean": 0.3272319281743891,
  "cv_log_loss_std": 0.09150087253380337,
  "oof_roc_auc": 0.8767511998962251,
  "oof_pr_auc": 0.5764886439605067,
  "oof_accuracy": 0.8823529411764706,
  "oof_f1": 0.6238532110091743,
  "samples_with_target": 697,
  "n_httr_features": 16821,
  "n_chemical_features": 163,
  "target_positives": 104,
  "target_negatives": 593,
  "target_balance_ratio": 0.17537942664418213,
  "unique_chemicals": 689,
  "ablation_mode": "single_cell_httr_structure",
  "cell_type_filter": "U2OS"
}