{
  "target_assay": "TOX21_DT40_LUC",
  "n_folds": 3,
  "random_state": 21,
  "global_threshold": 0.4071996808052063,
  "cv_roc_auc_mean": 0.8338764034712773,
  "cv_roc_auc_std": 0.036914494698215616,
  "cv_pr_auc_mean": 0.7734571757016249,
  "cv_pr_auc_std": 0.05023842859493056,
  "cv_average_precision_mean": 0.7749453805247293,
  "cv_average_precision_std": 0.04966345967188106,
  "cv_f1_mean": 0.7413287632195033,
  "cv_f1_std": 0.039947520219100745,
  "cv_accuracy_mean": 0.7686118245476248,
  "cv_accuracy_std": 0.028452331887353,
  "cv_precision_mean": 0.6877724882473101,
  "cv_precision_std": 0.04031576993017381,
  "cv_recall_mean": 0.8051669438199195,
  "cv_recall_std": 0.05462630267811854,
  "cv_specificity_mean": 0.7433434343972233,
  "cv_specificity_std": 0.019255050078387778,
  "cv_brier_score_mean": 0.16778413631607647,
  "cv_brier_score_std": 0.019873245345703373,
  "cv_log_loss_mean": 0.5811107190737669,
  "cv_log_loss_std": 0.13772722908796853,
  "oof_roc_auc": 0.8282254809486354,
  "oof_pr_auc": 0.764033758407526,
  "oof_accuracy": 0.764620414093716,
  "oof_f1": 0.7359413202933985,
  "samples_with_target": 2753,
  "n_httr_features": 0,
  "n_chemical_features": 163,
  "target_positives": 1139,
  "target_negatives": 1614,
  "target_balance_ratio": 0.7057001239157373,
  "unique_chemicals": 1334,
  "ablation_mode": "structure_only",
  "cell_type_filter": null
}