{
  "target_assay": "TOX21_p450_CYP1A2_Antagonist",
  "n_folds": 3,
  "random_state": 21,
  "global_threshold": 0.3333900272846222,
  "cv_roc_auc_mean": 0.7726455908927173,
  "cv_roc_auc_std": 0.03446332626308276,
  "cv_pr_auc_mean": 0.8357058714651995,
  "cv_pr_auc_std": 0.031960234387771645,
  "cv_average_precision_mean": 0.8366933104348367,
  "cv_average_precision_std": 0.03171117414814138,
  "cv_f1_mean": 0.8160731995773749,
  "cv_f1_std": 0.03391051156033187,
  "cv_accuracy_mean": 0.7357357357357358,
  "cv_accuracy_std": 0.057037297036704446,
  "cv_precision_mean": 0.7197715826243077,
  "cv_precision_std": 0.06395307189757671,
  "cv_recall_mean": 0.9468995510662177,
  "cv_recall_std": 0.02693301268558341,
  "cv_specificity_mean": 0.4012181943216426,
  "cv_specificity_std": 0.15505539887277628,
  "cv_brier_score_mean": 0.18810475645565564,
  "cv_brier_score_std": 0.022525945105596936,
  "cv_log_loss_mean": 0.5581207793791783,
  "cv_log_loss_std": 0.05237940216619945,
  "oof_roc_auc": 0.7756023090501407,
  "oof_pr_auc": 0.8387876539434429,
  "oof_accuracy": 0.7237237237237237,
  "oof_f1": 0.8008658008658008,
  "samples_with_target": 666,
  "n_httr_features": 16821,
  "n_chemical_features": 163,
  "target_positives": 411,
  "target_negatives": 255,
  "target_balance_ratio": 0.6204379562043796,
  "unique_chemicals": 654,
  "ablation_mode": "single_cell_httr_structure",
  "cell_type_filter": "U2OS"
}