{
  "target_assay": "TOX21_DT40_100_LUC",
  "n_folds": 3,
  "random_state": 21,
  "global_threshold": 0.41245394945144653,
  "cv_roc_auc_mean": 0.9170279215979384,
  "cv_roc_auc_std": 0.01502244954279412,
  "cv_pr_auc_mean": 0.8991735636751074,
  "cv_pr_auc_std": 0.018087969767159297,
  "cv_average_precision_mean": 0.8994051079423077,
  "cv_average_precision_std": 0.018080773594822398,
  "cv_f1_mean": 0.8404471843712199,
  "cv_f1_std": 0.034376394470861424,
  "cv_accuracy_mean": 0.8746449715890406,
  "cv_accuracy_std": 0.023608045520476864,
  "cv_precision_mean": 0.8756400409626216,
  "cv_precision_std": 0.029831470927312396,
  "cv_recall_mean": 0.8087474067823909,
  "cv_recall_std": 0.048565214181034856,
  "cv_specificity_mean": 0.920010089718119,
  "cv_specificity_std": 0.020404643519662456,
  "cv_brier_score_mean": 0.10387235724339534,
  "cv_brier_score_std": 0.015831525885742062,
  "cv_log_loss_mean": 0.36236242270578556,
  "cv_log_loss_std": 0.033049543559638586,
  "oof_roc_auc": 0.9161854285999049,
  "oof_pr_auc": 0.8977572920633727,
  "oof_accuracy": 0.8658240155566359,
  "oof_f1": 0.8335343787696019,
  "samples_with_target": 2057,
  "n_httr_features": 16821,
  "n_chemical_features": 163,
  "target_positives": 843,
  "target_negatives": 1214,
  "target_balance_ratio": 0.6943986820428336,
  "unique_chemicals": 1398,
  "ablation_mode": "double_cell_httr_structure",
  "cell_type_filter": null,
  "cell_type_filter_1": "MCF7",
  "cell_type_filter_2": "U2OS"
}