{
  "target_assay": "TOX21_GR_BLA_Agonist_ratio",
  "n_folds": 3,
  "random_state": 21,
  "global_threshold": 0.4137052297592163,
  "cv_roc_auc_mean": 0.8806438389643021,
  "cv_roc_auc_std": 0.03643355727027283,
  "cv_pr_auc_mean": 0.34628118215783155,
  "cv_pr_auc_std": 0.04934219761684015,
  "cv_average_precision_mean": 0.3611982284851618,
  "cv_average_precision_std": 0.04636561315723346,
  "cv_f1_mean": 0.45722528193023865,
  "cv_f1_std": 0.04959756628678517,
  "cv_accuracy_mean": 0.9636710409396109,
  "cv_accuracy_std": 0.008757326196979578,
  "cv_precision_mean": 0.4350931677018634,
  "cv_precision_std": 0.08845917725517241,
  "cv_recall_mean": 0.5006913021618904,
  "cv_recall_std": 0.10768684376687569,
  "cv_specificity_mean": 0.9784015766586901,
  "cv_specificity_std": 0.008724599066224855,
  "cv_brier_score_mean": 0.03286998829215677,
  "cv_brier_score_std": 0.003431558880753478,
  "cv_log_loss_mean": 0.13822197355458807,
  "cv_log_loss_std": 0.02255278763987026,
  "oof_roc_auc": 0.8705838781818441,
  "oof_pr_auc": 0.34308433455524884,
  "oof_accuracy": 0.9588167053364269,
  "oof_f1": 0.4274193548387097,
  "samples_with_target": 3448,
  "n_httr_features": 16821,
  "n_chemical_features": 0,
  "target_positives": 105,
  "target_negatives": 3343,
  "target_balance_ratio": 0.031408914148967994,
  "unique_chemicals": 1677,
  "ablation_mode": "httr_only",
  "cell_type_filter": null
}