{
  "target_assay": "TOX21_ERa_BLA_Antagonist_ratio",
  "n_folds": 3,
  "random_state": 21,
  "global_threshold": 0.5599111318588257,
  "cv_roc_auc_mean": 0.8919113971740235,
  "cv_roc_auc_std": 0.04438441677624394,
  "cv_pr_auc_mean": 0.5984750158202624,
  "cv_pr_auc_std": 0.15462767979185754,
  "cv_average_precision_mean": 0.6072968593827851,
  "cv_average_precision_std": 0.14926338218232918,
  "cv_f1_mean": 0.616076014381099,
  "cv_f1_std": 0.1073793388846484,
  "cv_accuracy_mean": 0.9119821695494341,
  "cv_accuracy_std": 0.024398371325307623,
  "cv_precision_mean": 0.6160493827160494,
  "cv_precision_std": 0.11772496680732211,
  "cv_recall_mean": 0.6176111944027985,
  "cv_recall_std": 0.10236058270489715,
  "cv_specificity_mean": 0.9494188295429035,
  "cv_specificity_std": 0.01804439328670546,
  "cv_brier_score_mean": 0.07507784420806392,
  "cv_brier_score_std": 0.012713240294122493,
  "cv_log_loss_mean": 0.29781095888022896,
  "cv_log_loss_std": 0.0835344982449981,
  "oof_roc_auc": 0.8811896366702437,
  "oof_pr_auc": 0.5814796949484605,
  "oof_accuracy": 0.9164179104477612,
  "oof_f1": 0.5942028985507246,
  "samples_with_target": 670,
  "n_httr_features": 16821,
  "n_chemical_features": 163,
  "target_positives": 77,
  "target_negatives": 593,
  "target_balance_ratio": 0.12984822934232715,
  "unique_chemicals": 664,
  "ablation_mode": "single_cell_httr_structure",
  "cell_type_filter": "HepRG"
}