{
  "target_assay": "TOX21_AP1_BLA_Agonist_ratio",
  "n_folds": 3,
  "random_state": 21,
  "global_threshold": 0.12871041893959045,
  "cv_roc_auc_mean": 0.7482079550367488,
  "cv_roc_auc_std": 0.022967178347821835,
  "cv_pr_auc_mean": 0.16964328752566118,
  "cv_pr_auc_std": 0.10198419799833455,
  "cv_average_precision_mean": 0.18588044584212662,
  "cv_average_precision_std": 0.09670285444091198,
  "cv_f1_mean": 0.2756907175511827,
  "cv_f1_std": 0.07868562950559604,
  "cv_accuracy_mean": 0.9135426166322795,
  "cv_accuracy_std": 0.05152000427743024,
  "cv_precision_mean": 0.4532671629445823,
  "cv_precision_std": 0.4762091969290171,
  "cv_recall_mean": 0.3316239316239316,
  "cv_recall_std": 0.13077760992092421,
  "cv_specificity_mean": 0.9391407514654281,
  "cv_specificity_std": 0.05447462744649692,
  "cv_brier_score_mean": 0.05650120486760874,
  "cv_brier_score_std": 0.007711555327350895,
  "cv_log_loss_mean": 0.24397485665093546,
  "cv_log_loss_std": 0.050108490488627457,
  "oof_roc_auc": 0.6856405529953917,
  "oof_pr_auc": 0.09808326996879835,
  "oof_accuracy": 0.8814814814814815,
  "oof_f1": 0.2,
  "samples_with_target": 810,
  "n_httr_features": 16821,
  "n_chemical_features": 163,
  "target_positives": 35,
  "target_negatives": 775,
  "target_balance_ratio": 0.04516129032258064,
  "unique_chemicals": 800,
  "ablation_mode": "single_cell_httr_structure",
  "cell_type_filter": "U2OS"
}