{
  "target_assay": "TOX21_DT40_657_LUC",
  "n_folds": 3,
  "random_state": 21,
  "global_threshold": 0.2184375822544098,
  "cv_roc_auc_mean": 0.8816990948498721,
  "cv_roc_auc_std": 0.011777492866822595,
  "cv_pr_auc_mean": 0.8607686704265971,
  "cv_pr_auc_std": 0.018516374381386567,
  "cv_average_precision_mean": 0.8610416438510454,
  "cv_average_precision_std": 0.01847179876823055,
  "cv_f1_mean": 0.7779734972804068,
  "cv_f1_std": 0.02812209591884004,
  "cv_accuracy_mean": 0.8207175959383944,
  "cv_accuracy_std": 0.007943014479381713,
  "cv_precision_mean": 0.778113103838079,
  "cv_precision_std": 0.05846414298064943,
  "cv_recall_mean": 0.7869857014335232,
  "cv_recall_std": 0.09140346919553799,
  "cv_specificity_mean": 0.841877785267573,
  "cv_specificity_std": 0.06415285578593859,
  "cv_brier_score_mean": 0.13483631685358952,
  "cv_brier_score_std": 0.005263200510136297,
  "cv_log_loss_mean": 0.4647605003245015,
  "cv_log_loss_std": 0.05561019026814538,
  "oof_roc_auc": 0.8793481805715453,
  "oof_pr_auc": 0.854104275781604,
  "oof_accuracy": 0.7997083130772971,
  "oof_f1": 0.7721238938053098,
  "samples_with_target": 2057,
  "n_httr_features": 16821,
  "n_chemical_features": 163,
  "target_positives": 829,
  "target_negatives": 1228,
  "target_balance_ratio": 0.6750814332247557,
  "unique_chemicals": 1407,
  "ablation_mode": "double_cell_httr_structure",
  "cell_type_filter": null,
  "cell_type_filter_1": "MCF7",
  "cell_type_filter_2": "HepRG"
}