{
  "target_assay": "TOX21_SBE_BLA_Antagonist_ratio",
  "n_folds": 3,
  "random_state": 21,
  "global_threshold": 0.5326040983200073,
  "cv_roc_auc_mean": 0.9079596637774441,
  "cv_roc_auc_std": 0.017055028068865455,
  "cv_pr_auc_mean": 0.6870180489472638,
  "cv_pr_auc_std": 0.08909135658488306,
  "cv_average_precision_mean": 0.6884323353793301,
  "cv_average_precision_std": 0.08854195660215834,
  "cv_f1_mean": 0.6492354809190471,
  "cv_f1_std": 0.09702821479509884,
  "cv_accuracy_mean": 0.9256268352536065,
  "cv_accuracy_std": 0.01861329778080431,
  "cv_precision_mean": 0.6544959871725985,
  "cv_precision_std": 0.11124705232464946,
  "cv_recall_mean": 0.6450363569505236,
  "cv_recall_std": 0.08759374515967622,
  "cv_specificity_mean": 0.9587876031184553,
  "cv_specificity_std": 0.014377943027667666,
  "cv_brier_score_mean": 0.06284178883128268,
  "cv_brier_score_std": 0.013044665707229392,
  "cv_log_loss_mean": 0.243715593139234,
  "cv_log_loss_std": 0.06218881287726036,
  "oof_roc_auc": 0.8918274789262366,
  "oof_pr_auc": 0.6563288048493887,
  "oof_accuracy": 0.9232682060390763,
  "oof_f1": 0.6351351351351351,
  "samples_with_target": 2815,
  "n_httr_features": 16821,
  "n_chemical_features": 0,
  "target_positives": 303,
  "target_negatives": 2512,
  "target_balance_ratio": 0.12062101910828026,
  "unique_chemicals": 1385,
  "ablation_mode": "httr_only",
  "cell_type_filter": null
}