{
  "target_assay": "TOX21_RAR_LUC_Antagonist",
  "n_folds": 3,
  "random_state": 21,
  "global_threshold": 0.4221077561378479,
  "cv_roc_auc_mean": 0.9260954780636338,
  "cv_roc_auc_std": 0.025190526029153573,
  "cv_pr_auc_mean": 0.6123537680146622,
  "cv_pr_auc_std": 0.07592027367991132,
  "cv_average_precision_mean": 0.6280207697322114,
  "cv_average_precision_std": 0.06386456045854745,
  "cv_f1_mean": 0.6289146289146289,
  "cv_f1_std": 0.050592957487106203,
  "cv_accuracy_mean": 0.90905694889928,
  "cv_accuracy_std": 0.023644806930699272,
  "cv_precision_mean": 0.5195267131242741,
  "cv_precision_std": 0.07525028770250389,
  "cv_recall_mean": 0.8110516934046346,
  "cv_recall_std": 0.07828945189304008,
  "cv_specificity_mean": 0.9216466490902581,
  "cv_specificity_std": 0.013991711379916106,
  "cv_brier_score_mean": 0.06270445547491144,
  "cv_brier_score_std": 0.01271142554697589,
  "cv_log_loss_mean": 0.22792997213829855,
  "cv_log_loss_std": 0.0534679975469274,
  "oof_roc_auc": 0.9018911954883563,
  "oof_pr_auc": 0.5834190020877692,
  "oof_accuracy": 0.9148311306901615,
  "oof_f1": 0.6081081081081081,
  "samples_with_target": 681,
  "n_httr_features": 16821,
  "n_chemical_features": 163,
  "target_positives": 67,
  "target_negatives": 614,
  "target_balance_ratio": 0.10912052117263844,
  "unique_chemicals": 671,
  "ablation_mode": "single_cell_httr_structure",
  "cell_type_filter": "U2OS"
}