{
  "target_assay": "TOX21_ERa_BLA_Antagonist_ratio",
  "n_folds": 3,
  "random_state": 21,
  "global_threshold": 0.44939595460891724,
  "cv_roc_auc_mean": 0.9255541735809133,
  "cv_roc_auc_std": 0.009592774330455326,
  "cv_pr_auc_mean": 0.6840484297407431,
  "cv_pr_auc_std": 0.048196922478803465,
  "cv_average_precision_mean": 0.6870113899296836,
  "cv_average_precision_std": 0.04694733422233477,
  "cv_f1_mean": 0.6662883313420948,
  "cv_f1_std": 0.01831996821778022,
  "cv_accuracy_mean": 0.9187073704224789,
  "cv_accuracy_std": 0.009521682376155709,
  "cv_precision_mean": 0.6574342014606587,
  "cv_precision_std": 0.07501543897265962,
  "cv_recall_mean": 0.6840928152082751,
  "cv_recall_std": 0.061228797991811634,
  "cv_specificity_mean": 0.9506565699823737,
  "cv_specificity_std": 0.01770070699837689,
  "cv_brier_score_mean": 0.06337537345742177,
  "cv_brier_score_std": 0.00401996254567932,
  "cv_log_loss_mean": 0.25694424401770627,
  "cv_log_loss_std": 0.0401395989819962,
  "oof_roc_auc": 0.9216608463820359,
  "oof_pr_auc": 0.6744120906352613,
  "oof_accuracy": 0.9257447754557581,
  "oof_f1": 0.6612576064908722,
  "samples_with_target": 2249,
  "n_httr_features": 16821,
  "n_chemical_features": 163,
  "target_positives": 269,
  "target_negatives": 1980,
  "target_balance_ratio": 0.13585858585858585,
  "unique_chemicals": 1091
}