{
  "target_assay": "TOX21_SHH_3T3_GLI3_LUC_Antagonist",
  "n_folds": 3,
  "random_state": 21,
  "global_threshold": 0.4859851896762848,
  "cv_roc_auc_mean": 0.7718250816812541,
  "cv_roc_auc_std": 0.008392347376893903,
  "cv_pr_auc_mean": 0.5305734977106592,
  "cv_pr_auc_std": 0.03963783073632427,
  "cv_average_precision_mean": 0.5386919053369611,
  "cv_average_precision_std": 0.04129681323194093,
  "cv_f1_mean": 0.5526394796994271,
  "cv_f1_std": 0.04020509191589334,
  "cv_accuracy_mean": 0.789133341083469,
  "cv_accuracy_std": 0.025929663653442948,
  "cv_precision_mean": 0.5081372204659876,
  "cv_precision_std": 0.11190692537026238,
  "cv_recall_mean": 0.6326758335635029,
  "cv_recall_std": 0.08711624238033255,
  "cv_specificity_mean": 0.8323473465116334,
  "cv_specificity_std": 0.06307254819859684,
  "cv_brier_score_mean": 0.14319868756315834,
  "cv_brier_score_std": 0.008458091064430687,
  "cv_log_loss_mean": 0.536901650359618,
  "cv_log_loss_std": 0.12595848978267218,
  "oof_roc_auc": 0.7681628724159846,
  "oof_pr_auc": 0.5291432414674767,
  "oof_accuracy": 0.8169873298920695,
  "oof_f1": 0.5266990291262136,
  "samples_with_target": 2131,
  "n_httr_features": 0,
  "n_chemical_features": 163,
  "target_positives": 444,
  "target_negatives": 1687,
  "target_balance_ratio": 0.26318909306461175,
  "unique_chemicals": 1039,
  "ablation_mode": "structure_only",
  "cell_type_filter": null
}