{
  "target_assay": "TOX21_ERa_LUC_VM7_Agonist",
  "n_folds": 3,
  "random_state": 21,
  "global_threshold": 0.6076979041099548,
  "cv_roc_auc_mean": 0.8092711328718546,
  "cv_roc_auc_std": 0.013942805227980996,
  "cv_pr_auc_mean": 0.5479991433806761,
  "cv_pr_auc_std": 0.039102274783037905,
  "cv_average_precision_mean": 0.5507531039203143,
  "cv_average_precision_std": 0.03826177522536791,
  "cv_f1_mean": 0.5436472140645335,
  "cv_f1_std": 0.04756515888745028,
  "cv_accuracy_mean": 0.8945432380366629,
  "cv_accuracy_std": 0.03554240254752349,
  "cv_precision_mean": 0.5725945058273944,
  "cv_precision_std": 0.17476895132110562,
  "cv_recall_mean": 0.5756059009483666,
  "cv_recall_std": 0.14702728646674765,
  "cv_specificity_mean": 0.935725102400592,
  "cv_specificity_std": 0.057663877693742524,
  "cv_brier_score_mean": 0.08408282844075672,
  "cv_brier_score_std": 0.007161503550346366,
  "cv_log_loss_mean": 0.35167562043776684,
  "cv_log_loss_std": 0.10763053908909472,
  "oof_roc_auc": 0.7631764921774644,
  "oof_pr_auc": 0.5102537131765055,
  "oof_accuracy": 0.9107142857142857,
  "oof_f1": 0.5276872964169381,
  "samples_with_target": 1624,
  "n_httr_features": 16821,
  "n_chemical_features": 163,
  "target_positives": 177,
  "target_negatives": 1447,
  "target_balance_ratio": 0.12232204561161023,
  "unique_chemicals": 1124,
  "ablation_mode": "double_cell_httr_structure",
  "cell_type_filter": null,
  "cell_type_filter_1": "MCF7",
  "cell_type_filter_2": "HepRG"
}