{
  "target_assay": "TOX21_DT40_LUC",
  "n_folds": 3,
  "random_state": 21,
  "global_threshold": 0.33614635467529297,
  "cv_roc_auc_mean": 0.8499320049606439,
  "cv_roc_auc_std": 0.010457068629281498,
  "cv_pr_auc_mean": 0.8172135935944519,
  "cv_pr_auc_std": 0.022503482591492884,
  "cv_average_precision_mean": 0.8182023802975747,
  "cv_average_precision_std": 0.02220652038953579,
  "cv_f1_mean": 0.7450465368583338,
  "cv_f1_std": 0.005028730396003875,
  "cv_accuracy_mean": 0.7860976903602479,
  "cv_accuracy_std": 0.01753750400448829,
  "cv_precision_mean": 0.7055198275282922,
  "cv_precision_std": 0.0413983618864603,
  "cv_recall_mean": 0.7930130746842338,
  "cv_recall_std": 0.04634575679315566,
  "cv_specificity_mean": 0.7807866399847532,
  "cv_specificity_std": 0.06057163777516358,
  "cv_brier_score_mean": 0.15260076282920262,
  "cv_brier_score_std": 0.008689577030033667,
  "cv_log_loss_mean": 0.4930750522904212,
  "cv_log_loss_std": 0.039746134193623786,
  "oof_roc_auc": 0.8453299226026498,
  "oof_pr_auc": 0.8083114095406365,
  "oof_accuracy": 0.7784730913642053,
  "oof_f1": 0.736998514115899,
  "samples_with_target": 799,
  "n_httr_features": 16821,
  "n_chemical_features": 163,
  "target_positives": 315,
  "target_negatives": 484,
  "target_balance_ratio": 0.6508264462809917,
  "unique_chemicals": 784,
  "ablation_mode": "single_cell_httr_structure",
  "cell_type_filter": "HepRG"
}