{
  "target_assay": "TOX21_ERa_LUC_VM7_Antagonist_0_5nM_E2",
  "n_folds": 3,
  "random_state": 21,
  "global_threshold": 0.20107905566692352,
  "cv_roc_auc_mean": 0.9077239786965189,
  "cv_roc_auc_std": 0.021014415753755327,
  "cv_pr_auc_mean": 0.5434430148192861,
  "cv_pr_auc_std": 0.08043868492172507,
  "cv_average_precision_mean": 0.551011410047471,
  "cv_average_precision_std": 0.07710973099087365,
  "cv_f1_mean": 0.61187638200923,
  "cv_f1_std": 0.01299407275189711,
  "cv_accuracy_mean": 0.9191899690289013,
  "cv_accuracy_std": 0.009037742218332038,
  "cv_precision_mean": 0.5230837789661319,
  "cv_precision_std": 0.007255471297302788,
  "cv_recall_mean": 0.738167883476808,
  "cv_recall_std": 0.041318062623340174,
  "cv_specificity_mean": 0.9362689962689963,
  "cv_specificity_std": 0.009197549095059734,
  "cv_brier_score_mean": 0.05901384930375611,
  "cv_brier_score_std": 0.005285796633403973,
  "cv_log_loss_mean": 0.22869409621804201,
  "cv_log_loss_std": 0.03139438983723933,
  "oof_roc_auc": 0.9010970705123628,
  "oof_pr_auc": 0.5122398420576016,
  "oof_accuracy": 0.9178082191780822,
  "oof_f1": 0.6052631578947368,
  "samples_with_target": 1460,
  "n_httr_features": 16821,
  "n_chemical_features": 163,
  "target_positives": 126,
  "target_negatives": 1334,
  "target_balance_ratio": 0.0944527736131934,
  "unique_chemicals": 718,
  "ablation_mode": "double_cell_httr_structure",
  "cell_type_filter": null,
  "cell_type_filter_1": "U2OS",
  "cell_type_filter_2": "HepRG"
}