{
  "target_assay": "TOX21_MMP_ratio",
  "n_folds": 3,
  "random_state": 21,
  "global_threshold": 0.28563836216926575,
  "cv_roc_auc_mean": 0.9026921675002298,
  "cv_roc_auc_std": 0.0072974051621277364,
  "cv_pr_auc_mean": 0.7043745521825887,
  "cv_pr_auc_std": 0.040403956918302474,
  "cv_average_precision_mean": 0.7073218577170763,
  "cv_average_precision_std": 0.03979775882303387,
  "cv_f1_mean": 0.6636575071065552,
  "cv_f1_std": 0.04237815198870189,
  "cv_accuracy_mean": 0.8970055576289787,
  "cv_accuracy_std": 0.01776712528208821,
  "cv_precision_mean": 0.6711680761099365,
  "cv_precision_std": 0.0824067938627661,
  "cv_recall_mean": 0.660879954818807,
  "cv_recall_std": 0.03794734524828855,
  "cv_specificity_mean": 0.9399211015628927,
  "cv_specificity_std": 0.021653089962446335,
  "cv_brier_score_mean": 0.08456400170955956,
  "cv_brier_score_std": 0.004817603395706082,
  "cv_log_loss_mean": 0.30997378853102786,
  "cv_log_loss_std": 0.030138920397090357,
  "oof_roc_auc": 0.8965116181774062,
  "oof_pr_auc": 0.6935578332736314,
  "oof_accuracy": 0.8802083333333334,
  "oof_f1": 0.6461538461538462,
  "samples_with_target": 960,
  "n_httr_features": 16821,
  "n_chemical_features": 163,
  "target_positives": 147,
  "target_negatives": 813,
  "target_balance_ratio": 0.18081180811808117,
  "unique_chemicals": 948,
  "ablation_mode": "single_cell_httr_structure",
  "cell_type_filter": "U2OS"
}