{
  "target_assay": "TOX21_hERG_U2OS_Antagonist",
  "n_folds": 3,
  "random_state": 21,
  "global_threshold": 0.28168192505836487,
  "cv_roc_auc_mean": 0.9383322920712467,
  "cv_roc_auc_std": 0.017209927188432117,
  "cv_pr_auc_mean": 0.700658387595892,
  "cv_pr_auc_std": 0.06878032374990677,
  "cv_average_precision_mean": 0.7035016731649142,
  "cv_average_precision_std": 0.0677619663967781,
  "cv_f1_mean": 0.6839776545230363,
  "cv_f1_std": 0.03182504273409847,
  "cv_accuracy_mean": 0.9337559161595671,
  "cv_accuracy_std": 0.013969164214538624,
  "cv_precision_mean": 0.6438335110203433,
  "cv_precision_std": 0.06828953252556517,
  "cv_recall_mean": 0.7369131878509703,
  "cv_recall_std": 0.06406324458814044,
  "cv_specificity_mean": 0.9542711695151076,
  "cv_specificity_std": 0.02041823138718145,
  "cv_brier_score_mean": 0.05088462506083222,
  "cv_brier_score_std": 0.005071193265297796,
  "cv_log_loss_mean": 0.19350603019356963,
  "cv_log_loss_std": 0.009261909412794365,
  "oof_roc_auc": 0.9324569030847898,
  "oof_pr_auc": 0.6826608206094832,
  "oof_accuracy": 0.9276061776061776,
  "oof_f1": 0.6559633027522935,
  "samples_with_target": 2072,
  "n_httr_features": 16821,
  "n_chemical_features": 163,
  "target_positives": 201,
  "target_negatives": 1871,
  "target_balance_ratio": 0.10742918225547836,
  "unique_chemicals": 1439,
  "ablation_mode": "double_cell_httr_structure",
  "cell_type_filter": null,
  "cell_type_filter_1": "MCF7",
  "cell_type_filter_2": "U2OS"
}