{
  "target_assay": "TOX21_p450_CYP1A2_Antagonist",
  "n_folds": 3,
  "random_state": 21,
  "global_threshold": 0.351536363363266,
  "cv_roc_auc_mean": 0.8118534851467331,
  "cv_roc_auc_std": 0.021606954709083335,
  "cv_pr_auc_mean": 0.8781238122682925,
  "cv_pr_auc_std": 0.011092171347575142,
  "cv_average_precision_mean": 0.8785499466266392,
  "cv_average_precision_std": 0.01102969174859763,
  "cv_f1_mean": 0.8104099000855688,
  "cv_f1_std": 0.013921956551234385,
  "cv_accuracy_mean": 0.758781887413075,
  "cv_accuracy_std": 0.02846586941924089,
  "cv_precision_mean": 0.7866968891592498,
  "cv_precision_std": 0.04260528208081283,
  "cv_recall_mean": 0.8372783612540925,
  "cv_recall_std": 0.020296088496976818,
  "cv_specificity_mean": 0.6329197684036393,
  "cv_specificity_std": 0.10296722818721467,
  "cv_brier_score_mean": 0.1772875104214308,
  "cv_brier_score_std": 0.011903798208468689,
  "cv_log_loss_mean": 0.5445939492694124,
  "cv_log_loss_std": 0.029274339349590364,
  "oof_roc_auc": 0.810741590859226,
  "oof_pr_auc": 0.8768612541777533,
  "oof_accuracy": 0.743,
  "oof_f1": 0.8012374323279196,
  "samples_with_target": 1000,
  "n_httr_features": 16821,
  "n_chemical_features": 163,
  "target_positives": 614,
  "target_negatives": 386,
  "target_balance_ratio": 0.6286644951140065,
  "unique_chemicals": 979,
  "ablation_mode": "single_cell_httr_structure",
  "cell_type_filter": "MCF7"
}