{
  "target_assay": "TOX21_HDAC_LUC_Antagonist",
  "n_folds": 3,
  "random_state": 21,
  "global_threshold": 0.04366733878850937,
  "cv_roc_auc_mean": 0.7850211252522433,
  "cv_roc_auc_std": 0.02520055352282591,
  "cv_pr_auc_mean": 0.18160554986140634,
  "cv_pr_auc_std": 0.04283417192666074,
  "cv_average_precision_mean": 0.19483636423967324,
  "cv_average_precision_std": 0.04713899957145714,
  "cv_f1_mean": 0.29969920700027347,
  "cv_f1_std": 0.10993025023135673,
  "cv_accuracy_mean": 0.912015424202986,
  "cv_accuracy_std": 0.07118648732877247,
  "cv_precision_mean": 0.28844375963020036,
  "cv_precision_std": 0.16274804659108796,
  "cv_recall_mean": 0.43015873015873013,
  "cv_recall_std": 0.14756783545874877,
  "cv_specificity_mean": 0.9306659454416671,
  "cv_specificity_std": 0.08118723662766683,
  "cv_brier_score_mean": 0.034981452289607924,
  "cv_brier_score_std": 0.0031697654348612817,
  "cv_log_loss_mean": 0.18665390952931205,
  "cv_log_loss_std": 0.02588087485526223,
  "oof_roc_auc": 0.777040757914019,
  "oof_pr_auc": 0.15780818292517715,
  "oof_accuracy": 0.9264778936910084,
  "oof_f1": 0.24489795918367346,
  "samples_with_target": 2013,
  "n_httr_features": 16821,
  "n_chemical_features": 163,
  "target_positives": 72,
  "target_negatives": 1941,
  "target_balance_ratio": 0.03709428129829984,
  "unique_chemicals": 994,
  "ablation_mode": "double_cell_httr_structure",
  "cell_type_filter": null,
  "cell_type_filter_1": "U2OS",
  "cell_type_filter_2": "HepRG"
}