{
  "target_assay": "TOX21_DT40_100_LUC",
  "n_folds": 3,
  "random_state": 21,
  "global_threshold": 0.3788612484931946,
  "cv_roc_auc_mean": 0.9227110806765745,
  "cv_roc_auc_std": 0.01828568520573358,
  "cv_pr_auc_mean": 0.9109777898715109,
  "cv_pr_auc_std": 0.005601417837370448,
  "cv_average_precision_mean": 0.9112853912639772,
  "cv_average_precision_std": 0.00559990935100477,
  "cv_f1_mean": 0.851648641215624,
  "cv_f1_std": 0.018998174210493515,
  "cv_accuracy_mean": 0.8744892473118279,
  "cv_accuracy_std": 0.011656039210929016,
  "cv_precision_mean": 0.8704069620481709,
  "cv_precision_std": 0.037223085056576344,
  "cv_recall_mean": 0.8373568606956763,
  "cv_recall_std": 0.06340215630066703,
  "cv_specificity_mean": 0.9038108019924148,
  "cv_specificity_std": 0.03276768956954929,
  "cv_brier_score_mean": 0.10660527974670342,
  "cv_brier_score_std": 0.011068405020279726,
  "cv_log_loss_mean": 0.4049322254460919,
  "cv_log_loss_std": 0.08913154618171364,
  "oof_roc_auc": 0.9182058790404324,
  "oof_pr_auc": 0.9092710668968002,
  "oof_accuracy": 0.8711554447215295,
  "oof_f1": 0.848780487804878,
  "samples_with_target": 1203,
  "n_httr_features": 16821,
  "n_chemical_features": 163,
  "target_positives": 520,
  "target_negatives": 683,
  "target_balance_ratio": 0.7613469985358712,
  "unique_chemicals": 1174,
  "ablation_mode": "single_cell_httr_structure",
  "cell_type_filter": "MCF7"
}