{
  "target_assay": "TOX21_TR_LUC_GH3_Antagonist",
  "n_folds": 3,
  "random_state": 21,
  "global_threshold": 0.18480037152767181,
  "cv_roc_auc_mean": 0.819762072293032,
  "cv_roc_auc_std": 0.05934066725038444,
  "cv_pr_auc_mean": 0.501004935058356,
  "cv_pr_auc_std": 0.049657342346764555,
  "cv_average_precision_mean": 0.5180589794258122,
  "cv_average_precision_std": 0.05408792969246681,
  "cv_f1_mean": 0.5761574074074075,
  "cv_f1_std": 0.08391099935501425,
  "cv_accuracy_mean": 0.8637340461776345,
  "cv_accuracy_std": 0.009499373241019704,
  "cv_precision_mean": 0.5423076923076923,
  "cv_precision_std": 0.006661733875264953,
  "cv_recall_mean": 0.6387878787878788,
  "cv_recall_std": 0.2000110189802017,
  "cv_specificity_mean": 0.9039141972578504,
  "cv_specificity_std": 0.033048756902687486,
  "cv_brier_score_mean": 0.10939428543662005,
  "cv_brier_score_std": 0.016435086234951813,
  "cv_log_loss_mean": 0.3914922890698569,
  "cv_log_loss_std": 0.04523472934222439,
  "oof_roc_auc": 0.8287722908093278,
  "oof_pr_auc": 0.4873007410909485,
  "oof_accuracy": 0.8218029350104822,
  "oof_f1": 0.5641025641025641,
  "samples_with_target": 477,
  "n_httr_features": 16821,
  "n_chemical_features": 163,
  "target_positives": 72,
  "target_negatives": 405,
  "target_balance_ratio": 0.17777777777777778,
  "unique_chemicals": 471,
  "ablation_mode": "single_cell_httr_structure",
  "cell_type_filter": "U2OS"
}