{
  "target_assay": "TOX21_RAR_LUC_Antagonist",
  "n_folds": 3,
  "random_state": 21,
  "global_threshold": 0.45717889070510864,
  "cv_roc_auc_mean": 0.9095084086359472,
  "cv_roc_auc_std": 0.03064068357184585,
  "cv_pr_auc_mean": 0.5724993778406935,
  "cv_pr_auc_std": 0.07597518890354805,
  "cv_average_precision_mean": 0.5775944154575412,
  "cv_average_precision_std": 0.0749726484085646,
  "cv_f1_mean": 0.6346560175794456,
  "cv_f1_std": 0.059072707268972104,
  "cv_accuracy_mean": 0.9205311414377054,
  "cv_accuracy_std": 0.014346706394705245,
  "cv_precision_mean": 0.6049430641821947,
  "cv_precision_std": 0.0703082859034193,
  "cv_recall_mean": 0.6789859981933152,
  "cv_recall_std": 0.10694182265923947,
  "cv_specificity_mean": 0.9475250720189993,
  "cv_specificity_std": 0.021474380822446525,
  "cv_brier_score_mean": 0.06447190379331638,
  "cv_brier_score_std": 0.008426369587301093,
  "cv_log_loss_mean": 0.2467537688087935,
  "cv_log_loss_std": 0.06297404611637583,
  "oof_roc_auc": 0.8975337321659776,
  "oof_pr_auc": 0.5532431612533036,
  "oof_accuracy": 0.9186707477044163,
  "oof_f1": 0.628,
  "samples_with_target": 2287,
  "n_httr_features": 16821,
  "n_chemical_features": 0,
  "target_positives": 234,
  "target_negatives": 2053,
  "target_balance_ratio": 0.11397954213346323,
  "unique_chemicals": 1093,
  "ablation_mode": "httr_only",
  "cell_type_filter": null
}