{
  "target_assay": "TOX21_p450_CYP2C19_Antagonist",
  "n_folds": 3,
  "random_state": 21,
  "global_threshold": 0.43133455514907837,
  "cv_roc_auc_mean": 0.8357914744969813,
  "cv_roc_auc_std": 0.02299692016414137,
  "cv_pr_auc_mean": 0.8157476983142234,
  "cv_pr_auc_std": 0.012361675841829033,
  "cv_average_precision_mean": 0.8171873012094376,
  "cv_average_precision_std": 0.01232236287734618,
  "cv_f1_mean": 0.7587363954739347,
  "cv_f1_std": 0.012658002771891719,
  "cv_accuracy_mean": 0.7842723599912098,
  "cv_accuracy_std": 0.007988212633620961,
  "cv_precision_mean": 0.7665330225330226,
  "cv_precision_std": 0.02946174689668488,
  "cv_recall_mean": 0.7535800332552852,
  "cv_recall_std": 0.04739492040227689,
  "cv_specificity_mean": 0.8098166123462868,
  "cv_specificity_std": 0.03530295442883059,
  "cv_brier_score_mean": 0.16057804648105298,
  "cv_brier_score_std": 0.011072289817794102,
  "cv_log_loss_mean": 0.5031416857579768,
  "cv_log_loss_std": 0.03484447707670057,
  "oof_roc_auc": 0.8325034199726402,
  "oof_pr_auc": 0.8155275054537418,
  "oof_accuracy": 0.7810839532412327,
  "oof_f1": 0.7553444180522565,
  "samples_with_target": 941,
  "n_httr_features": 16821,
  "n_chemical_features": 163,
  "target_positives": 425,
  "target_negatives": 516,
  "target_balance_ratio": 0.8236434108527132,
  "unique_chemicals": 926,
  "ablation_mode": "single_cell_httr_structure",
  "cell_type_filter": "U2OS"
}