{
  "target_assay": "TOX21_DT40_657_LUC",
  "n_folds": 3,
  "random_state": 21,
  "global_threshold": 0.38004380464553833,
  "cv_roc_auc_mean": 0.8704681256968313,
  "cv_roc_auc_std": 0.00900320897003552,
  "cv_pr_auc_mean": 0.8327623513440683,
  "cv_pr_auc_std": 0.009920170770196144,
  "cv_average_precision_mean": 0.8334575400529461,
  "cv_average_precision_std": 0.010226667390198122,
  "cv_f1_mean": 0.7686277937290765,
  "cv_f1_std": 0.020887925207300904,
  "cv_accuracy_mean": 0.8269181064051084,
  "cv_accuracy_std": 0.02817163508074639,
  "cv_precision_mean": 0.7824698480320649,
  "cv_precision_std": 0.09042752122534363,
  "cv_recall_mean": 0.7625614699459639,
  "cv_recall_std": 0.044697710306720054,
  "cv_specificity_mean": 0.8657847838368179,
  "cv_specificity_std": 0.06961617374059373,
  "cv_brier_score_mean": 0.13287301488473832,
  "cv_brier_score_std": 0.011919746743503264,
  "cv_log_loss_mean": 0.4733253904341173,
  "cv_log_loss_std": 0.05568124518244063,
  "oof_roc_auc": 0.8685597019919251,
  "oof_pr_auc": 0.8291144178942779,
  "oof_accuracy": 0.8276269185360094,
  "oof_f1": 0.762987012987013,
  "samples_with_target": 1694,
  "n_httr_features": 16821,
  "n_chemical_features": 163,
  "target_positives": 635,
  "target_negatives": 1059,
  "target_balance_ratio": 0.5996222851746931,
  "unique_chemicals": 834,
  "ablation_mode": "double_cell_httr_structure",
  "cell_type_filter": null,
  "cell_type_filter_1": "U2OS",
  "cell_type_filter_2": "HepRG"
}