{
  "target_assay": "TOX21_ERa_BLA_Antagonist_ratio",
  "n_folds": 3,
  "random_state": 21,
  "global_threshold": 0.515007495880127,
  "cv_roc_auc_mean": 0.9197231553476476,
  "cv_roc_auc_std": 0.021994842140472603,
  "cv_pr_auc_mean": 0.6022073153669143,
  "cv_pr_auc_std": 0.08211513394871718,
  "cv_average_precision_mean": 0.6130423556398491,
  "cv_average_precision_std": 0.0853842939692265,
  "cv_f1_mean": 0.6569926352535048,
  "cv_f1_std": 0.06158824554886119,
  "cv_accuracy_mean": 0.9019233453713196,
  "cv_accuracy_std": 0.02751027720074804,
  "cv_precision_mean": 0.6061253561253562,
  "cv_precision_std": 0.11144618553669579,
  "cv_recall_mean": 0.7298695456590193,
  "cv_recall_std": 0.05781089426696015,
  "cv_specificity_mean": 0.9267686845940889,
  "cv_specificity_std": 0.03326006938618975,
  "cv_brier_score_mean": 0.08093578197496441,
  "cv_brier_score_std": 0.017646509496506018,
  "cv_log_loss_mean": 0.3233799884752208,
  "cv_log_loss_std": 0.09509528441312079,
  "oof_roc_auc": 0.9168875260102946,
  "oof_pr_auc": 0.5932915847689001,
  "oof_accuracy": 0.9042904290429042,
  "oof_f1": 0.6390041493775933,
  "samples_with_target": 909,
  "n_httr_features": 16821,
  "n_chemical_features": 163,
  "target_positives": 115,
  "target_negatives": 794,
  "target_balance_ratio": 0.14483627204030228,
  "unique_chemicals": 888,
  "ablation_mode": "single_cell_httr_structure",
  "cell_type_filter": "MCF7"
}