{
  "target_assay": "TOX21_hERG_U2OS_Antagonist",
  "n_folds": 3,
  "random_state": 21,
  "global_threshold": 0.3352297842502594,
  "cv_roc_auc_mean": 0.8753894190019115,
  "cv_roc_auc_std": 0.033596082475330066,
  "cv_pr_auc_mean": 0.5183750159287384,
  "cv_pr_auc_std": 0.06663972852346439,
  "cv_average_precision_mean": 0.5225134621426991,
  "cv_average_precision_std": 0.06553121422162161,
  "cv_f1_mean": 0.544055116289823,
  "cv_f1_std": 0.04045477195925497,
  "cv_accuracy_mean": 0.912864518549971,
  "cv_accuracy_std": 0.008399305407208712,
  "cv_precision_mean": 0.5356994603569946,
  "cv_precision_std": 0.0319587528123668,
  "cv_recall_mean": 0.567894969997181,
  "cv_recall_std": 0.12804896006891608,
  "cv_specificity_mean": 0.947825404255065,
  "cv_specificity_std": 0.02113887496807822,
  "cv_brier_score_mean": 0.06733998613641724,
  "cv_brier_score_std": 0.007169558217008958,
  "cv_log_loss_mean": 0.24801453926690384,
  "cv_log_loss_std": 0.038097036635369654,
  "oof_roc_auc": 0.8711533352520534,
  "oof_pr_auc": 0.5102493795679685,
  "oof_accuracy": 0.902697166268351,
  "oof_f1": 0.527363184079602,
  "samples_with_target": 2929,
  "n_httr_features": 16821,
  "n_chemical_features": 0,
  "target_positives": 272,
  "target_negatives": 2657,
  "target_balance_ratio": 0.10237109522017313,
  "unique_chemicals": 1440,
  "ablation_mode": "httr_only",
  "cell_type_filter": null
}