{
  "target_assay": "TOX21_ERa_BLA_Antagonist_ratio",
  "n_folds": 3,
  "random_state": 21,
  "global_threshold": 0.4866127371788025,
  "cv_roc_auc_mean": 0.8744392598512798,
  "cv_roc_auc_std": 0.01697927927396344,
  "cv_pr_auc_mean": 0.627410422327498,
  "cv_pr_auc_std": 0.02493602447204076,
  "cv_average_precision_mean": 0.6299360025369857,
  "cv_average_precision_std": 0.02407032269921205,
  "cv_f1_mean": 0.6277245756169193,
  "cv_f1_std": 0.02838795386638037,
  "cv_accuracy_mean": 0.9101887421709355,
  "cv_accuracy_std": 0.005921817116314335,
  "cv_precision_mean": 0.6203340595497459,
  "cv_precision_std": 0.05161207321741721,
  "cv_recall_mean": 0.640946789674774,
  "cv_recall_std": 0.06288716836995983,
  "cv_specificity_mean": 0.9468927364976282,
  "cv_specificity_std": 0.010070888652207044,
  "cv_brier_score_mean": 0.07258405965505851,
  "cv_brier_score_std": 0.005960028538883185,
  "cv_log_loss_mean": 0.25747828590624294,
  "cv_log_loss_std": 0.024984736862942895,
  "oof_roc_auc": 0.8686249108182194,
  "oof_pr_auc": 0.6201308242770889,
  "oof_accuracy": 0.9106269453090262,
  "oof_f1": 0.62708719851577,
  "samples_with_target": 2249,
  "n_httr_features": 16821,
  "n_chemical_features": 0,
  "target_positives": 269,
  "target_negatives": 1980,
  "target_balance_ratio": 0.13585858585858585,
  "unique_chemicals": 1091,
  "ablation_mode": "httr_only",
  "cell_type_filter": null
}