{
  "target_assay": "TOX21_p450_CYP3A4_Antagonist",
  "n_folds": 3,
  "random_state": 21,
  "global_threshold": 0.4840644299983978,
  "cv_roc_auc_mean": 0.8833280653063628,
  "cv_roc_auc_std": 0.018266191489491154,
  "cv_pr_auc_mean": 0.8574775511581695,
  "cv_pr_auc_std": 0.03288149846533299,
  "cv_average_precision_mean": 0.8581499308516459,
  "cv_average_precision_std": 0.03273097645472319,
  "cv_f1_mean": 0.8011920099718233,
  "cv_f1_std": 0.028484717261375497,
  "cv_accuracy_mean": 0.8406610032538094,
  "cv_accuracy_std": 0.014841303766263168,
  "cv_precision_mean": 0.8099438219055445,
  "cv_precision_std": 0.040346128429658526,
  "cv_recall_mean": 0.7934620566339213,
  "cv_recall_std": 0.032900997279937845,
  "cv_specificity_mean": 0.8734503911538254,
  "cv_specificity_std": 0.01744455336882667,
  "cv_brier_score_mean": 0.13364042624843628,
  "cv_brier_score_std": 0.015003709790102822,
  "cv_log_loss_mean": 0.474192909899496,
  "cv_log_loss_std": 0.09128058671134065,
  "oof_roc_auc": 0.8747950894320791,
  "oof_pr_auc": 0.8447565595913253,
  "oof_accuracy": 0.8385744234800838,
  "oof_f1": 0.7973684210526316,
  "samples_with_target": 954,
  "n_httr_features": 16821,
  "n_chemical_features": 163,
  "target_positives": 388,
  "target_negatives": 566,
  "target_balance_ratio": 0.6855123674911661,
  "unique_chemicals": 933,
  "ablation_mode": "single_cell_httr_structure",
  "cell_type_filter": "MCF7"
}