{
  "target_assay": "TOX21_ERa_LUC_VM7_Agonist",
  "n_folds": 3,
  "random_state": 21,
  "global_threshold": 0.6459300518035889,
  "cv_roc_auc_mean": 0.6852256308016113,
  "cv_roc_auc_std": 0.011444872950744624,
  "cv_pr_auc_mean": 0.28058882185314965,
  "cv_pr_auc_std": 0.04475761649301701,
  "cv_average_precision_mean": 0.2865309485477948,
  "cv_average_precision_std": 0.042610722100948566,
  "cv_f1_mean": 0.3552947462945119,
  "cv_f1_std": 0.016466551983278892,
  "cv_accuracy_mean": 0.8531104358000029,
  "cv_accuracy_std": 0.030440666310892768,
  "cv_precision_mean": 0.353181707018831,
  "cv_precision_std": 0.06766677453427986,
  "cv_recall_mean": 0.3740908801149765,
  "cv_recall_std": 0.07165338588261912,
  "cv_specificity_mean": 0.9107501223852391,
  "cv_specificity_std": 0.03989400015604269,
  "cv_brier_score_mean": 0.16006531628016374,
  "cv_brier_score_std": 0.01458724536324148,
  "cv_log_loss_mean": 0.49508895087975063,
  "cv_log_loss_std": 0.034751635356194695,
  "oof_roc_auc": 0.6835383123181378,
  "oof_pr_auc": 0.27502821415459255,
  "oof_accuracy": 0.8520761245674741,
  "oof_f1": 0.3346303501945525,
  "samples_with_target": 2312,
  "n_httr_features": 16821,
  "n_chemical_features": 0,
  "target_positives": 250,
  "target_negatives": 2062,
  "target_balance_ratio": 0.12124151309408342,
  "unique_chemicals": 1124,
  "ablation_mode": "httr_only",
  "cell_type_filter": null
}