{
  "target_assay": "TOX21_hERG_U2OS_Antagonist",
  "n_folds": 3,
  "random_state": 21,
  "global_threshold": 0.3932902216911316,
  "cv_roc_auc_mean": 0.9031403587136616,
  "cv_roc_auc_std": 0.03454677340475735,
  "cv_pr_auc_mean": 0.5764590599606185,
  "cv_pr_auc_std": 0.0773011350550267,
  "cv_average_precision_mean": 0.5842954853947854,
  "cv_average_precision_std": 0.07751883136161312,
  "cv_f1_mean": 0.6068783068783069,
  "cv_f1_std": 0.10009233999868837,
  "cv_accuracy_mean": 0.9416013697360315,
  "cv_accuracy_std": 0.008715484193164359,
  "cv_precision_mean": 0.6611408199643494,
  "cv_precision_std": 0.03407526466383014,
  "cv_recall_mean": 0.5854017435726581,
  "cv_recall_std": 0.18596331831281243,
  "cv_specificity_mean": 0.9705145914027492,
  "cv_specificity_std": 0.017812481629291884,
  "cv_brier_score_mean": 0.05485658346675686,
  "cv_brier_score_std": 0.00424606470610752,
  "cv_log_loss_mean": 0.23819585776265506,
  "cv_log_loss_std": 0.014280145010376824,
  "oof_roc_auc": 0.905288985823337,
  "oof_pr_auc": 0.5841041405005708,
  "oof_accuracy": 0.9345794392523364,
  "oof_f1": 0.5882352941176471,
  "samples_with_target": 856,
  "n_httr_features": 16821,
  "n_chemical_features": 163,
  "target_positives": 70,
  "target_negatives": 786,
  "target_balance_ratio": 0.089058524173028,
  "unique_chemicals": 840,
  "ablation_mode": "single_cell_httr_structure",
  "cell_type_filter": "U2OS"
}