{
  "target_assay": "TOX21_ERa_LUC_VM7_Antagonist_0_5nM_E2",
  "n_folds": 3,
  "random_state": 21,
  "global_threshold": 0.1626005470752716,
  "cv_roc_auc_mean": 0.9423150900987708,
  "cv_roc_auc_std": 0.0037242859356924653,
  "cv_pr_auc_mean": 0.6425175460277014,
  "cv_pr_auc_std": 0.055905388102817255,
  "cv_average_precision_mean": 0.6498959541105972,
  "cv_average_precision_std": 0.05131916319401875,
  "cv_f1_mean": 0.6527894542387296,
  "cv_f1_std": 0.007023364390099732,
  "cv_accuracy_mean": 0.9236105809969901,
  "cv_accuracy_std": 0.016060495501860336,
  "cv_precision_mean": 0.5748682491950671,
  "cv_precision_std": 0.03224653933637317,
  "cv_recall_mean": 0.7596852948829805,
  "cv_recall_std": 0.054186393455100276,
  "cv_specificity_mean": 0.9399438719585339,
  "cv_specificity_std": 0.021393332061965333,
  "cv_brier_score_mean": 0.05895326537185772,
  "cv_brier_score_std": 0.009474771916601904,
  "cv_log_loss_mean": 0.22542878809974656,
  "cv_log_loss_std": 0.05528470289095469,
  "oof_roc_auc": 0.9269836831698987,
  "oof_pr_auc": 0.6376379642870563,
  "oof_accuracy": 0.9114219114219114,
  "oof_f1": 0.6180904522613065,
  "samples_with_target": 1716,
  "n_httr_features": 16821,
  "n_chemical_features": 163,
  "target_positives": 161,
  "target_negatives": 1555,
  "target_balance_ratio": 0.10353697749196142,
  "unique_chemicals": 1173,
  "ablation_mode": "double_cell_httr_structure",
  "cell_type_filter": null,
  "cell_type_filter_1": "MCF7",
  "cell_type_filter_2": "U2OS"
}