{
  "target_assay": "TOX21_TR_LUC_GH3_Antagonist",
  "n_folds": 3,
  "random_state": 21,
  "global_threshold": 0.4062904417514801,
  "cv_roc_auc_mean": 0.8429337946980738,
  "cv_roc_auc_std": 0.020592767777159078,
  "cv_pr_auc_mean": 0.5406060211582026,
  "cv_pr_auc_std": 0.021123825466162947,
  "cv_average_precision_mean": 0.546185925860731,
  "cv_average_precision_std": 0.0201681604016089,
  "cv_f1_mean": 0.5736774847114671,
  "cv_f1_std": 0.01187094833121595,
  "cv_accuracy_mean": 0.8540908891560165,
  "cv_accuracy_std": 0.0070019619916892725,
  "cv_precision_mean": 0.5305027274067521,
  "cv_precision_std": 0.024734204236490087,
  "cv_recall_mean": 0.6291917324235874,
  "cv_recall_std": 0.06085323466781945,
  "cv_specificity_mean": 0.8967961081503324,
  "cv_specificity_std": 0.008343030963926896,
  "cv_brier_score_mean": 0.10668271792919563,
  "cv_brier_score_std": 0.013166930569861289,
  "cv_log_loss_mean": 0.36926925706422015,
  "cv_log_loss_std": 0.06540252335190905,
  "oof_roc_auc": 0.8265482954545454,
  "oof_pr_auc": 0.5254154434872266,
  "oof_accuracy": 0.8577559779276518,
  "oof_f1": 0.5703703703703704,
  "samples_with_target": 1631,
  "n_httr_features": 16821,
  "n_chemical_features": 0,
  "target_positives": 256,
  "target_negatives": 1375,
  "target_balance_ratio": 0.18618181818181817,
  "unique_chemicals": 790,
  "ablation_mode": "httr_only",
  "cell_type_filter": null
}