{
  "target_assay": "TOX21_ERa_LUC_VM7_Agonist",
  "n_folds": 3,
  "random_state": 21,
  "global_threshold": 0.2449766993522644,
  "cv_roc_auc_mean": 0.7756937323260121,
  "cv_roc_auc_std": 0.022454587078264025,
  "cv_pr_auc_mean": 0.4207067035206111,
  "cv_pr_auc_std": 0.03996563819554974,
  "cv_average_precision_mean": 0.4331990052382899,
  "cv_average_precision_std": 0.033521426501385315,
  "cv_f1_mean": 0.4966953910432171,
  "cv_f1_std": 0.03112739735218714,
  "cv_accuracy_mean": 0.8843460556273571,
  "cv_accuracy_std": 0.034344323432345655,
  "cv_precision_mean": 0.5038878887888788,
  "cv_precision_std": 0.11291475757069147,
  "cv_recall_mean": 0.5229535747608037,
  "cv_recall_std": 0.11548093295213241,
  "cv_specificity_mean": 0.9272642274662098,
  "cv_specificity_std": 0.0459057406332719,
  "cv_brier_score_mean": 0.0945524825431554,
  "cv_brier_score_std": 0.0011022511082898728,
  "cv_log_loss_mean": 0.3618273987213732,
  "cv_log_loss_std": 0.056869341882377175,
  "oof_roc_auc": 0.7655693501454898,
  "oof_pr_auc": 0.3958115141913646,
  "oof_accuracy": 0.8490484429065744,
  "oof_f1": 0.4622496147919877,
  "samples_with_target": 2312,
  "n_httr_features": 0,
  "n_chemical_features": 163,
  "target_positives": 250,
  "target_negatives": 2062,
  "target_balance_ratio": 0.12124151309408342,
  "unique_chemicals": 1124,
  "ablation_mode": "structure_only",
  "cell_type_filter": null
}