{
  "target_assay": "TOX21_RORg_LUC_CHO_Antagonist",
  "n_folds": 3,
  "random_state": 21,
  "global_threshold": 0.2568971812725067,
  "cv_roc_auc_mean": 0.8555049381621552,
  "cv_roc_auc_std": 0.023297967757781975,
  "cv_pr_auc_mean": 0.6161463033606193,
  "cv_pr_auc_std": 0.10308712044904932,
  "cv_average_precision_mean": 0.6240504747165326,
  "cv_average_precision_std": 0.09676733091950221,
  "cv_f1_mean": 0.6421868625050999,
  "cv_f1_std": 0.07487156984870615,
  "cv_accuracy_mean": 0.9319205725022233,
  "cv_accuracy_std": 0.01288604895787218,
  "cv_precision_mean": 0.7298850574712644,
  "cv_precision_std": 0.18193841771556615,
  "cv_recall_mean": 0.5932467532467532,
  "cv_recall_std": 0.10559264196958863,
  "cv_specificity_mean": 0.9704773127548756,
  "cv_specificity_std": 0.021568894410385744,
  "cv_brier_score_mean": 0.0659844873207296,
  "cv_brier_score_std": 0.013908916935504544,
  "cv_log_loss_mean": 0.2797491329149214,
  "cv_log_loss_std": 0.07284890551075167,
  "oof_roc_auc": 0.8564961240310077,
  "oof_pr_auc": 0.574705379009845,
  "oof_accuracy": 0.9111111111111111,
  "oof_f1": 0.6144578313253012,
  "samples_with_target": 720,
  "n_httr_features": 16821,
  "n_chemical_features": 163,
  "target_positives": 75,
  "target_negatives": 645,
  "target_balance_ratio": 0.11627906976744186,
  "unique_chemicals": 711,
  "ablation_mode": "single_cell_httr_structure",
  "cell_type_filter": "U2OS"
}