{
  "target_assay": "TOX21_ARE_BLA_Agonist_ratio",
  "n_folds": 3,
  "random_state": 21,
  "global_threshold": 0.40273281931877136,
  "cv_roc_auc_mean": 0.8943663454637883,
  "cv_roc_auc_std": 0.024157817730297227,
  "cv_pr_auc_mean": 0.6352200354495272,
  "cv_pr_auc_std": 0.09316662609383122,
  "cv_average_precision_mean": 0.6385628550569716,
  "cv_average_precision_std": 0.09106318925304094,
  "cv_f1_mean": 0.621187277407525,
  "cv_f1_std": 0.04540725785530258,
  "cv_accuracy_mean": 0.8887276051835977,
  "cv_accuracy_std": 0.025880632095542817,
  "cv_precision_mean": 0.5949845679012346,
  "cv_precision_std": 0.13338844614996032,
  "cv_recall_mean": 0.6839139748576583,
  "cv_recall_std": 0.1156555303152046,
  "cv_specificity_mean": 0.9222633117027779,
  "cv_specificity_std": 0.04478490884172088,
  "cv_brier_score_mean": 0.07853729051824816,
  "cv_brier_score_std": 0.016300671530577647,
  "cv_log_loss_mean": 0.2851177851234048,
  "cv_log_loss_std": 0.07762165279620872,
  "oof_roc_auc": 0.8909164257379143,
  "oof_pr_auc": 0.6276157097088846,
  "oof_accuracy": 0.8977556109725686,
  "oof_f1": 0.6019417475728155,
  "samples_with_target": 1604,
  "n_httr_features": 16821,
  "n_chemical_features": 163,
  "target_positives": 214,
  "target_negatives": 1390,
  "target_balance_ratio": 0.1539568345323741,
  "unique_chemicals": 1095,
  "ablation_mode": "double_cell_httr_structure",
  "cell_type_filter": null,
  "cell_type_filter_1": "MCF7",
  "cell_type_filter_2": "HepRG"
}