{
  "target_assay": "TOX21_PXR_LUC_Agonist",
  "n_folds": 3,
  "random_state": 21,
  "global_threshold": 0.35757073760032654,
  "cv_roc_auc_mean": 0.9435221924421873,
  "cv_roc_auc_std": 0.015810694136460683,
  "cv_pr_auc_mean": 0.8985814059144616,
  "cv_pr_auc_std": 0.01985815145507413,
  "cv_average_precision_mean": 0.8989851294659742,
  "cv_average_precision_std": 0.01956408383588535,
  "cv_f1_mean": 0.8337999972057029,
  "cv_f1_std": 0.006567829927498101,
  "cv_accuracy_mean": 0.8932226076464822,
  "cv_accuracy_std": 0.01820472441566314,
  "cv_precision_mean": 0.8408203933038406,
  "cv_precision_std": 0.016864367687075263,
  "cv_recall_mean": 0.8271155052270932,
  "cv_recall_std": 0.009393645144505894,
  "cv_specificity_mean": 0.9236051232072082,
  "cv_specificity_std": 0.022829677237846544,
  "cv_brier_score_mean": 0.08867994442329906,
  "cv_brier_score_std": 0.01585567915875447,
  "cv_log_loss_mean": 0.3259385632153294,
  "cv_log_loss_std": 0.0811865469758649,
  "oof_roc_auc": 0.9355663028812883,
  "oof_pr_auc": 0.8820450201088982,
  "oof_accuracy": 0.883785025264125,
  "oof_f1": 0.8246708246708246,
  "samples_with_target": 2177,
  "n_httr_features": 16821,
  "n_chemical_features": 163,
  "target_positives": 701,
  "target_negatives": 1476,
  "target_balance_ratio": 0.4749322493224932,
  "unique_chemicals": 1060
}