{
  "target_assay": "TOX21_ERa_LUC_VM7_Antagonist_0_5nM_E2",
  "n_folds": 3,
  "random_state": 21,
  "global_threshold": 0.38716936111450195,
  "cv_roc_auc_mean": 0.9351057364466215,
  "cv_roc_auc_std": 0.016592827587370473,
  "cv_pr_auc_mean": 0.6848940966149377,
  "cv_pr_auc_std": 0.08189022933136074,
  "cv_average_precision_mean": 0.6884878046177029,
  "cv_average_precision_std": 0.08011152207376039,
  "cv_f1_mean": 0.6819898492312285,
  "cv_f1_std": 0.04742790833613887,
  "cv_accuracy_mean": 0.937631502366449,
  "cv_accuracy_std": 0.006354642119272484,
  "cv_precision_mean": 0.6636279136279136,
  "cv_precision_std": 0.08183909396770844,
  "cv_recall_mean": 0.7311274236470545,
  "cv_recall_std": 0.16447077725763787,
  "cv_specificity_mean": 0.9580386503411211,
  "cv_specificity_std": 0.022432751824610485,
  "cv_brier_score_mean": 0.050673756875646285,
  "cv_brier_score_std": 0.0018742236838432621,
  "cv_log_loss_mean": 0.2041175532167208,
  "cv_log_loss_std": 0.030358457650631044,
  "oof_roc_auc": 0.9281699986019851,
  "oof_pr_auc": 0.6849650232655269,
  "oof_accuracy": 0.9358974358974359,
  "oof_f1": 0.6666666666666666,
  "samples_with_target": 1716,
  "n_httr_features": 16821,
  "n_chemical_features": 163,
  "target_positives": 161,
  "target_negatives": 1555,
  "target_balance_ratio": 0.10353697749196142,
  "unique_chemicals": 1173,
  "ablation_mode": "double_cell_httr_structure",
  "cell_type_filter": null,
  "cell_type_filter_1": "MCF7",
  "cell_type_filter_2": "HepRG"
}