{
  "target_assay": "TOX21_p450_CYP3A4_Antagonist",
  "n_folds": 3,
  "random_state": 21,
  "global_threshold": 0.5237201452255249,
  "cv_roc_auc_mean": 0.8912558803943501,
  "cv_roc_auc_std": 0.028130152209021445,
  "cv_pr_auc_mean": 0.8358439372534955,
  "cv_pr_auc_std": 0.041639242842093215,
  "cv_average_precision_mean": 0.8380165854823701,
  "cv_average_precision_std": 0.039586080673586765,
  "cv_f1_mean": 0.7971095571095571,
  "cv_f1_std": 0.015448901499772643,
  "cv_accuracy_mean": 0.8348413320071169,
  "cv_accuracy_std": 0.029296713291606016,
  "cv_precision_mean": 0.763203153280473,
  "cv_precision_std": 0.03706649867746868,
  "cv_recall_mean": 0.8359507115604675,
  "cv_recall_std": 0.03092061006113463,
  "cv_specificity_mean": 0.8329987050235123,
  "cv_specificity_std": 0.054749232562571595,
  "cv_brier_score_mean": 0.1356414615381938,
  "cv_brier_score_std": 0.028266609142916094,
  "cv_log_loss_mean": 0.4862624095684293,
  "cv_log_loss_std": 0.18109943465353556,
  "oof_roc_auc": 0.871719988428323,
  "oof_pr_auc": 0.808015995776048,
  "oof_accuracy": 0.8322295805739515,
  "oof_f1": 0.779837775202781,
  "samples_with_target": 2265,
  "n_httr_features": 0,
  "n_chemical_features": 163,
  "target_positives": 876,
  "target_negatives": 1389,
  "target_balance_ratio": 0.6306695464362851,
  "unique_chemicals": 1118,
  "ablation_mode": "structure_only",
  "cell_type_filter": null
}