{
  "target_assay": "TOX21_DT40_LUC",
  "n_folds": 3,
  "random_state": 21,
  "global_threshold": 0.3485948145389557,
  "cv_roc_auc_mean": 0.9089583937091184,
  "cv_roc_auc_std": 0.02941059421200597,
  "cv_pr_auc_mean": 0.9010759821131042,
  "cv_pr_auc_std": 0.04034189449159589,
  "cv_average_precision_mean": 0.9018672901066093,
  "cv_average_precision_std": 0.03935245055001707,
  "cv_f1_mean": 0.8383931991558004,
  "cv_f1_std": 0.03189488690465652,
  "cv_accuracy_mean": 0.8561984928624623,
  "cv_accuracy_std": 0.019298178781049134,
  "cv_precision_mean": 0.82640701681111,
  "cv_precision_std": 0.009726953955724529,
  "cv_recall_mean": 0.8515495475289953,
  "cv_recall_std": 0.05493015062990513,
  "cv_specificity_mean": 0.8587556250598946,
  "cv_specificity_std": 0.008923210961401654,
  "cv_brier_score_mean": 0.11742671493424568,
  "cv_brier_score_std": 0.0186272653862788,
  "cv_log_loss_mean": 0.44394275372189834,
  "cv_log_loss_std": 0.1501011311122192,
  "oof_roc_auc": 0.9000638394892841,
  "oof_pr_auc": 0.8899414381579638,
  "oof_accuracy": 0.8536796536796537,
  "oof_f1": 0.8363988383349468,
  "samples_with_target": 1155,
  "n_httr_features": 16821,
  "n_chemical_features": 163,
  "target_positives": 510,
  "target_negatives": 645,
  "target_balance_ratio": 0.7906976744186046,
  "unique_chemicals": 1129,
  "ablation_mode": "single_cell_httr_structure",
  "cell_type_filter": "MCF7"
}