{
  "target_assay": "TOX21_AR_BLA_Agonist_ratio",
  "n_folds": 3,
  "random_state": 21,
  "global_threshold": 0.1898859441280365,
  "cv_roc_auc_mean": 0.8487361581231313,
  "cv_roc_auc_std": 0.13101320389378276,
  "cv_pr_auc_mean": 0.6024915385795656,
  "cv_pr_auc_std": 0.34425244378654185,
  "cv_average_precision_mean": 0.6132732700114357,
  "cv_average_precision_std": 0.3349854666862593,
  "cv_f1_mean": 0.6560386473429952,
  "cv_f1_std": 0.30192734295336743,
  "cv_accuracy_mean": 0.9725651577503429,
  "cv_accuracy_std": 0.02677533785451732,
  "cv_precision_mean": 0.6944444444444443,
  "cv_precision_std": 0.29265704869035386,
  "cv_recall_mean": 0.632996632996633,
  "cv_recall_std": 0.31787436377462286,
  "cv_specificity_mean": 0.9870935258866295,
  "cv_specificity_std": 0.015551441847744771,
  "cv_brier_score_mean": 0.023143470799960972,
  "cv_brier_score_std": 0.017100889948184025,
  "cv_log_loss_mean": 0.12944635059776574,
  "cv_log_loss_std": 0.0961154102367016,
  "oof_roc_auc": 0.7777777777777778,
  "oof_pr_auc": 0.39529937372901974,
  "oof_accuracy": 0.9724137931034482,
  "oof_f1": 0.5,
  "samples_with_target": 725,
  "n_httr_features": 16821,
  "n_chemical_features": 163,
  "target_positives": 23,
  "target_negatives": 702,
  "target_balance_ratio": 0.03276353276353276,
  "unique_chemicals": 714,
  "ablation_mode": "single_cell_httr_structure",
  "cell_type_filter": "HepRG"
}