{
  "target_assay": "TOX21_ERa_LUC_VM7_Antagonist_0_5nM_E2",
  "n_folds": 3,
  "random_state": 21,
  "global_threshold": 0.37992703914642334,
  "cv_roc_auc_mean": 0.9205896378697069,
  "cv_roc_auc_std": 0.003976007425363258,
  "cv_pr_auc_mean": 0.6156109509577292,
  "cv_pr_auc_std": 0.06838929082202191,
  "cv_average_precision_mean": 0.6194568283193366,
  "cv_average_precision_std": 0.06716168769552575,
  "cv_f1_mean": 0.6427618702984387,
  "cv_f1_std": 0.04727004582292522,
  "cv_accuracy_mean": 0.9279530893492205,
  "cv_accuracy_std": 0.028549669954706817,
  "cv_precision_mean": 0.6283587509077705,
  "cv_precision_std": 0.12318562963262968,
  "cv_recall_mean": 0.6830576943222292,
  "cv_recall_std": 0.11567186879446861,
  "cv_specificity_mean": 0.9513524346857679,
  "cv_specificity_std": 0.03802697962370595,
  "cv_brier_score_mean": 0.056853279262788874,
  "cv_brier_score_std": 0.015240339805473695,
  "cv_log_loss_mean": 0.23223110992670468,
  "cv_log_loss_std": 0.051938429043867446,
  "oof_roc_auc": 0.9176357367879645,
  "oof_pr_auc": 0.6038342126374034,
  "oof_accuracy": 0.9272281275551921,
  "oof_f1": 0.6044444444444445,
  "samples_with_target": 2446,
  "n_httr_features": 16821,
  "n_chemical_features": 163,
  "target_positives": 224,
  "target_negatives": 2222,
  "target_balance_ratio": 0.10081008100810081,
  "unique_chemicals": 1173
}