{
  "target_assay": "TOX21_Aromatase_LUC_Antagonist",
  "n_folds": 3,
  "random_state": 21,
  "global_threshold": 0.18117202818393707,
  "cv_roc_auc_mean": 0.9086509990772006,
  "cv_roc_auc_std": 0.022955683545576352,
  "cv_pr_auc_mean": 0.5967302021111273,
  "cv_pr_auc_std": 0.08833303418065229,
  "cv_average_precision_mean": 0.6072694210398198,
  "cv_average_precision_std": 0.08348787391902909,
  "cv_f1_mean": 0.6348499485560346,
  "cv_f1_std": 0.04048322421708982,
  "cv_accuracy_mean": 0.9230608587177139,
  "cv_accuracy_std": 0.005121240565275228,
  "cv_precision_mean": 0.637179245874898,
  "cv_precision_std": 0.08253514340878597,
  "cv_recall_mean": 0.6383732057416268,
  "cv_recall_std": 0.04667198631842117,
  "cv_specificity_mean": 0.9571571242766895,
  "cv_specificity_std": 0.00957397621872517,
  "cv_brier_score_mean": 0.0753664966897056,
  "cv_brier_score_std": 0.008222790932515394,
  "cv_log_loss_mean": 0.26927334161358113,
  "cv_log_loss_std": 0.038802297063597245,
  "oof_roc_auc": 0.8925002715325295,
  "oof_pr_auc": 0.5516352454082937,
  "oof_accuracy": 0.8878205128205128,
  "oof_f1": 0.5783132530120482,
  "samples_with_target": 624,
  "n_httr_features": 16821,
  "n_chemical_features": 163,
  "target_positives": 66,
  "target_negatives": 558,
  "target_balance_ratio": 0.11827956989247312,
  "unique_chemicals": 617,
  "ablation_mode": "single_cell_httr_structure",
  "cell_type_filter": "U2OS"
}