{
  "target_assay": "TOX21_FXR_BLA_Antagonist_ratio",
  "n_folds": 3,
  "random_state": 21,
  "global_threshold": 0.27806371450424194,
  "cv_roc_auc_mean": 0.8883868934418736,
  "cv_roc_auc_std": 0.05846707781765408,
  "cv_pr_auc_mean": 0.5833243120717511,
  "cv_pr_auc_std": 0.13371701521251844,
  "cv_average_precision_mean": 0.6000904214896257,
  "cv_average_precision_std": 0.12346142407129364,
  "cv_f1_mean": 0.6442655244704691,
  "cv_f1_std": 0.05612531922121967,
  "cv_accuracy_mean": 0.9358183107267802,
  "cv_accuracy_std": 0.02166039630317654,
  "cv_precision_mean": 0.6553724053724053,
  "cv_precision_std": 0.04369133255922362,
  "cv_recall_mean": 0.6547413793103448,
  "cv_recall_std": 0.16918474078962417,
  "cv_specificity_mean": 0.964643571454717,
  "cv_specificity_std": 0.01607813000566791,
  "cv_brier_score_mean": 0.05645668368914544,
  "cv_brier_score_std": 0.02144813826690426,
  "cv_log_loss_mean": 0.2407837205246568,
  "cv_log_loss_std": 0.10684639614543878,
  "oof_roc_auc": 0.8825389334591788,
  "oof_pr_auc": 0.5536417367130004,
  "oof_accuracy": 0.9260808926080892,
  "oof_f1": 0.624113475177305,
  "samples_with_target": 717,
  "n_httr_features": 16821,
  "n_chemical_features": 163,
  "target_positives": 65,
  "target_negatives": 652,
  "target_balance_ratio": 0.09969325153374232,
  "unique_chemicals": 706,
  "ablation_mode": "single_cell_httr_structure",
  "cell_type_filter": "U2OS"
}