{
  "target_assay": "TOX21_p450_CYP2D6_Antagonist",
  "n_folds": 3,
  "random_state": 21,
  "global_threshold": 0.32572507858276367,
  "cv_roc_auc_mean": 0.8292311241611362,
  "cv_roc_auc_std": 0.01660408536737307,
  "cv_pr_auc_mean": 0.7736042964254732,
  "cv_pr_auc_std": 0.01738764426812985,
  "cv_average_precision_mean": 0.774212217012744,
  "cv_average_precision_std": 0.017406416813103762,
  "cv_f1_mean": 0.7085841856363518,
  "cv_f1_std": 0.024492873938507,
  "cv_accuracy_mean": 0.7718270904155483,
  "cv_accuracy_std": 0.0189757717599108,
  "cv_precision_mean": 0.6707267841260283,
  "cv_precision_std": 0.05404351698060159,
  "cv_recall_mean": 0.7534385615581106,
  "cv_recall_std": 0.01476183725509657,
  "cv_specificity_mean": 0.7835820297066497,
  "cv_specificity_std": 0.038226489746457974,
  "cv_brier_score_mean": 0.16038462369302167,
  "cv_brier_score_std": 0.006980540124279811,
  "cv_log_loss_mean": 0.5138154876626482,
  "cv_log_loss_std": 0.03284950093157997,
  "oof_roc_auc": 0.8287115950621466,
  "oof_pr_auc": 0.773992115517439,
  "oof_accuracy": 0.7685904550499445,
  "oof_f1": 0.7053003533568905,
  "samples_with_target": 1802,
  "n_httr_features": 16821,
  "n_chemical_features": 163,
  "target_positives": 664,
  "target_negatives": 1138,
  "target_balance_ratio": 0.5834797891036907,
  "unique_chemicals": 1246,
  "ablation_mode": "double_cell_httr_structure",
  "cell_type_filter": null,
  "cell_type_filter_1": "MCF7",
  "cell_type_filter_2": "U2OS"
}