{
  "target_assay": "TOX21_AP1_BLA_Agonist_ratio",
  "n_folds": 3,
  "random_state": 21,
  "global_threshold": 0.1595342457294464,
  "cv_roc_auc_mean": 0.8739564596236006,
  "cv_roc_auc_std": 0.03955046235572815,
  "cv_pr_auc_mean": 0.3670057596572193,
  "cv_pr_auc_std": 0.08926542594993772,
  "cv_average_precision_mean": 0.37679803653724825,
  "cv_average_precision_std": 0.08370035709305884,
  "cv_f1_mean": 0.4415020644292454,
  "cv_f1_std": 0.05108489800799436,
  "cv_accuracy_mean": 0.9512206088274381,
  "cv_accuracy_std": 0.034446257218842716,
  "cv_precision_mean": 0.5246913580246914,
  "cv_precision_std": 0.1177273447612104,
  "cv_recall_mean": 0.4015174036913167,
  "cv_recall_std": 0.10145465254821198,
  "cv_specificity_mean": 0.9755424232617774,
  "cv_specificity_std": 0.027808184586249816,
  "cv_brier_score_mean": 0.04041820059960157,
  "cv_brier_score_std": 0.018240212766969924,
  "cv_log_loss_mean": 0.17159172789189694,
  "cv_log_loss_std": 0.08507021450474184,
  "oof_roc_auc": 0.8339578685271241,
  "oof_pr_auc": 0.31661933620339155,
  "oof_accuracy": 0.9295877417001095,
  "oof_f1": 0.37540453074433655,
  "samples_with_target": 2741,
  "n_httr_features": 16821,
  "n_chemical_features": 163,
  "target_positives": 124,
  "target_negatives": 2617,
  "target_balance_ratio": 0.047382499044707684,
  "unique_chemicals": 1323
}