{
  "target_assay": "TOX21_FXR_BLA_Antagonist_ratio",
  "n_folds": 3,
  "random_state": 21,
  "global_threshold": 0.2437543272972107,
  "cv_roc_auc_mean": 0.9087474617491195,
  "cv_roc_auc_std": 0.009637410796117251,
  "cv_pr_auc_mean": 0.5259036807740279,
  "cv_pr_auc_std": 0.0654453295510358,
  "cv_average_precision_mean": 0.5336120440640907,
  "cv_average_precision_std": 0.06523784838081498,
  "cv_f1_mean": 0.5601944778982113,
  "cv_f1_std": 0.011299518414436978,
  "cv_accuracy_mean": 0.8962355393449731,
  "cv_accuracy_std": 0.020928367202192138,
  "cv_precision_mean": 0.46604077945541356,
  "cv_precision_std": 0.019541481201202165,
  "cv_recall_mean": 0.7050321902509525,
  "cv_recall_std": 0.049983545211005675,
  "cv_specificity_mean": 0.9153682170542635,
  "cv_specificity_std": 0.023914815058957237,
  "cv_brier_score_mean": 0.06651603142799496,
  "cv_brier_score_std": 0.00999734772697916,
  "cv_log_loss_mean": 0.24894539128651147,
  "cv_log_loss_std": 0.05546942651725265,
  "oof_roc_auc": 0.9000955566172957,
  "oof_pr_auc": 0.5266322375609926,
  "oof_accuracy": 0.9070307960488089,
  "oof_f1": 0.5454545454545454,
  "samples_with_target": 1721,
  "n_httr_features": 16821,
  "n_chemical_features": 163,
  "target_positives": 161,
  "target_negatives": 1560,
  "target_balance_ratio": 0.1032051282051282,
  "unique_chemicals": 1180,
  "ablation_mode": "double_cell_httr_structure",
  "cell_type_filter": null,
  "cell_type_filter_1": "MCF7",
  "cell_type_filter_2": "HepRG"
}