{
  "target_assay": "TOX21_CAR_LUC_Agonist",
  "n_folds": 3,
  "random_state": 21,
  "global_threshold": 0.15070602297782898,
  "cv_roc_auc_mean": 0.9244801788200893,
  "cv_roc_auc_std": 0.027456812537675415,
  "cv_pr_auc_mean": 0.544910411587655,
  "cv_pr_auc_std": 0.03794540131742933,
  "cv_average_precision_mean": 0.5514421727433086,
  "cv_average_precision_std": 0.03772495601482109,
  "cv_f1_mean": 0.6062932228607905,
  "cv_f1_std": 0.026557856398091443,
  "cv_accuracy_mean": 0.9332780666673369,
  "cv_accuracy_std": 0.015260413597969166,
  "cv_precision_mean": 0.5648992416689326,
  "cv_precision_std": 0.02254950349277559,
  "cv_recall_mean": 0.6574151478369566,
  "cv_recall_std": 0.06577538318223738,
  "cv_specificity_mean": 0.9561240475178541,
  "cv_specificity_std": 0.014909779261018727,
  "cv_brier_score_mean": 0.051010188588691587,
  "cv_brier_score_std": 0.01074169961417978,
  "cv_log_loss_mean": 0.19430983024225487,
  "cv_log_loss_std": 0.0370921384271362,
  "oof_roc_auc": 0.9203281351526965,
  "oof_pr_auc": 0.5242391362184433,
  "oof_accuracy": 0.9204234972677595,
  "oof_f1": 0.5831842576028623,
  "samples_with_target": 2928,
  "n_httr_features": 16821,
  "n_chemical_features": 163,
  "target_positives": 228,
  "target_negatives": 2700,
  "target_balance_ratio": 0.08444444444444445,
  "unique_chemicals": 1458
}