{
  "target_assay": "TOX21_ERa_BLA_Agonist_ratio",
  "n_folds": 3,
  "random_state": 21,
  "global_threshold": 0.8368034362792969,
  "cv_roc_auc_mean": 0.828985386833498,
  "cv_roc_auc_std": 0.051563657788597866,
  "cv_pr_auc_mean": 0.3975624673596479,
  "cv_pr_auc_std": 0.16211192513368422,
  "cv_average_precision_mean": 0.42140847069933046,
  "cv_average_precision_std": 0.16679423514202155,
  "cv_f1_mean": 0.5107589929731491,
  "cv_f1_std": 0.1446797091134368,
  "cv_accuracy_mean": 0.9713761059923093,
  "cv_accuracy_std": 0.007982205812225971,
  "cv_precision_mean": 0.7221479500891266,
  "cv_precision_std": 0.13978475202121704,
  "cv_recall_mean": 0.411764705882353,
  "cv_recall_std": 0.16590580274465935,
  "cv_specificity_mean": 0.9929295970952925,
  "cv_specificity_std": 0.006149774619427896,
  "cv_brier_score_mean": 0.03587537824102133,
  "cv_brier_score_std": 0.010061615100613833,
  "cv_log_loss_mean": 0.17964895179259485,
  "cv_log_loss_std": 0.03997014731360075,
  "oof_roc_auc": 0.8155931464592274,
  "oof_pr_auc": 0.40390912611075036,
  "oof_accuracy": 0.967551622418879,
  "oof_f1": 0.47619047619047616,
  "samples_with_target": 3390,
  "n_httr_features": 0,
  "n_chemical_features": 163,
  "target_positives": 128,
  "target_negatives": 3262,
  "target_balance_ratio": 0.03923973022685469,
  "unique_chemicals": 1660,
  "ablation_mode": "structure_only",
  "cell_type_filter": null
}