{
  "target_assay": "TOX21_PXR_LUC_Agonist",
  "n_folds": 3,
  "random_state": 21,
  "global_threshold": 0.17251424491405487,
  "cv_roc_auc_mean": 0.9454689650207976,
  "cv_roc_auc_std": 0.028210218748377223,
  "cv_pr_auc_mean": 0.9068886860247217,
  "cv_pr_auc_std": 0.042347317336917385,
  "cv_average_precision_mean": 0.9075631616393229,
  "cv_average_precision_std": 0.041919077250607784,
  "cv_f1_mean": 0.8523810143607098,
  "cv_f1_std": 0.044316684338441464,
  "cv_accuracy_mean": 0.893638765160718,
  "cv_accuracy_std": 0.03631066996230581,
  "cv_precision_mean": 0.8304904977452278,
  "cv_precision_std": 0.09307780258059553,
  "cv_recall_mean": 0.8821092901215587,
  "cv_recall_std": 0.0522188270294704,
  "cv_specificity_mean": 0.9021562659829335,
  "cv_specificity_std": 0.05653817756661438,
  "cv_brier_score_mean": 0.09081862824081284,
  "cv_brier_score_std": 0.029598903259827853,
  "cv_log_loss_mean": 0.3433679065053686,
  "cv_log_loss_std": 0.1305361355789567,
  "oof_roc_auc": 0.9448579045890294,
  "oof_pr_auc": 0.9066708538335118,
  "oof_accuracy": 0.8844847112117781,
  "oof_f1": 0.840625,
  "samples_with_target": 883,
  "n_httr_features": 16821,
  "n_chemical_features": 163,
  "target_positives": 305,
  "target_negatives": 578,
  "target_balance_ratio": 0.527681660899654,
  "unique_chemicals": 867,
  "ablation_mode": "single_cell_httr_structure",
  "cell_type_filter": "MCF7"
}