{
  "target_assay": "TOX21_ERa_BLA_Antagonist_ratio",
  "n_folds": 3,
  "random_state": 21,
  "global_threshold": 0.6348869800567627,
  "cv_roc_auc_mean": 0.8944312682763286,
  "cv_roc_auc_std": 0.015106851007887154,
  "cv_pr_auc_mean": 0.6819539060105898,
  "cv_pr_auc_std": 0.005541094141032318,
  "cv_average_precision_mean": 0.6866948581514145,
  "cv_average_precision_std": 0.0044088439001218095,
  "cv_f1_mean": 0.6462297392529951,
  "cv_f1_std": 0.00854429573853572,
  "cv_accuracy_mean": 0.9313322290900766,
  "cv_accuracy_std": 0.0029633297309087413,
  "cv_precision_mean": 0.7965399610136452,
  "cv_precision_std": 0.0709641853991243,
  "cv_recall_mean": 0.5467711301044634,
  "cv_recall_std": 0.03319679261350128,
  "cv_specificity_mean": 0.9815040444038313,
  "cv_specificity_std": 0.007520367478533423,
  "cv_brier_score_mean": 0.06638460953257212,
  "cv_brier_score_std": 0.005185640568257285,
  "cv_log_loss_mean": 0.28705484244168017,
  "cv_log_loss_std": 0.02878448518164706,
  "oof_roc_auc": 0.8909134710146515,
  "oof_pr_auc": 0.6360487092364338,
  "oof_accuracy": 0.926865671641791,
  "oof_f1": 0.631578947368421,
  "samples_with_target": 670,
  "n_httr_features": 16821,
  "n_chemical_features": 163,
  "target_positives": 77,
  "target_negatives": 593,
  "target_balance_ratio": 0.12984822934232715,
  "unique_chemicals": 664,
  "ablation_mode": "single_cell_httr_structure",
  "cell_type_filter": "U2OS"
}