{
  "target_assay": "TOX21_RORg_LUC_CHO_Antagonist",
  "n_folds": 3,
  "random_state": 21,
  "global_threshold": 0.2589169144630432,
  "cv_roc_auc_mean": 0.9070039590295605,
  "cv_roc_auc_std": 0.03686017131887936,
  "cv_pr_auc_mean": 0.6880761856498423,
  "cv_pr_auc_std": 0.04822064845846945,
  "cv_average_precision_mean": 0.6905335283281748,
  "cv_average_precision_std": 0.047710989964138105,
  "cv_f1_mean": 0.6767592742637306,
  "cv_f1_std": 0.04241258270055086,
  "cv_accuracy_mean": 0.9247233213739872,
  "cv_accuracy_std": 0.003997210195482867,
  "cv_precision_mean": 0.6263511368974317,
  "cv_precision_std": 0.03630223321594495,
  "cv_recall_mean": 0.736021505376344,
  "cv_recall_std": 0.050199930151149645,
  "cv_specificity_mean": 0.9470510878156856,
  "cv_specificity_std": 0.004973337378528549,
  "cv_brier_score_mean": 0.058657338041246544,
  "cv_brier_score_std": 0.0005902631285571767,
  "cv_log_loss_mean": 0.228398429440919,
  "cv_log_loss_std": 0.026134189087419966,
  "oof_roc_auc": 0.9045224753736761,
  "oof_pr_auc": 0.6670379711396984,
  "oof_accuracy": 0.9207352096496266,
  "oof_f1": 0.6698564593301436,
  "samples_with_target": 1741,
  "n_httr_features": 16821,
  "n_chemical_features": 163,
  "target_positives": 188,
  "target_negatives": 1553,
  "target_balance_ratio": 0.1210560206052801,
  "unique_chemicals": 1203,
  "ablation_mode": "double_cell_httr_structure",
  "cell_type_filter": null,
  "cell_type_filter_1": "MCF7",
  "cell_type_filter_2": "U2OS"
}