{
  "target_assay": "TOX21_ERa_LUC_VM7_Antagonist_0_1nM_E2",
  "n_folds": 3,
  "random_state": 21,
  "global_threshold": 0.4104138910770416,
  "cv_roc_auc_mean": 0.9199761761604317,
  "cv_roc_auc_std": 0.024801087701447157,
  "cv_pr_auc_mean": 0.636345341350289,
  "cv_pr_auc_std": 0.10017929360125552,
  "cv_average_precision_mean": 0.6446132620571304,
  "cv_average_precision_std": 0.09488722711146022,
  "cv_f1_mean": 0.6390642492486215,
  "cv_f1_std": 0.04289208339392908,
  "cv_accuracy_mean": 0.9152369281045751,
  "cv_accuracy_std": 0.012142931463571186,
  "cv_precision_mean": 0.5832451499118165,
  "cv_precision_std": 0.07898734329788473,
  "cv_recall_mean": 0.7151388888888889,
  "cv_recall_std": 0.04677133599086488,
  "cv_specificity_mean": 0.9388020275576497,
  "cv_specificity_std": 0.018796101189206563,
  "cv_brier_score_mean": 0.06594204690807833,
  "cv_brier_score_std": 0.009467447270007269,
  "cv_log_loss_mean": 0.22340664909771413,
  "cv_log_loss_std": 0.039556039270524965,
  "oof_roc_auc": 0.9151279559442824,
  "oof_pr_auc": 0.6373778593069024,
  "oof_accuracy": 0.9126466753585397,
  "oof_f1": 0.6256983240223464,
  "samples_with_target": 767,
  "n_httr_features": 16821,
  "n_chemical_features": 163,
  "target_positives": 81,
  "target_negatives": 686,
  "target_balance_ratio": 0.11807580174927114,
  "unique_chemicals": 759,
  "ablation_mode": "single_cell_httr_structure",
  "cell_type_filter": "U2OS"
}