{
  "target_assay": "TOX21_DT40_100_LUC",
  "n_folds": 3,
  "random_state": 21,
  "global_threshold": 0.3973465859889984,
  "cv_roc_auc_mean": 0.9110027049583694,
  "cv_roc_auc_std": 0.020858568410943547,
  "cv_pr_auc_mean": 0.8892883221128492,
  "cv_pr_auc_std": 0.02523583745471352,
  "cv_average_precision_mean": 0.889468332091829,
  "cv_average_precision_std": 0.025186819504897644,
  "cv_f1_mean": 0.8297360033890745,
  "cv_f1_std": 0.023713273812203704,
  "cv_accuracy_mean": 0.8626713945510432,
  "cv_accuracy_std": 0.014173027029584097,
  "cv_precision_mean": 0.8220619804024559,
  "cv_precision_std": 0.015062854658886309,
  "cv_recall_mean": 0.8377744114647419,
  "cv_recall_std": 0.034736799759740825,
  "cv_specificity_mean": 0.878847265417302,
  "cv_specificity_std": 0.004710100459533516,
  "cv_brier_score_mean": 0.10865945408963741,
  "cv_brier_score_std": 0.00984320902830251,
  "cv_log_loss_mean": 0.38208093692730033,
  "cv_log_loss_std": 0.023779632902026115,
  "oof_roc_auc": 0.910557828824792,
  "oof_pr_auc": 0.8867688747271089,
  "oof_accuracy": 0.8612160769495019,
  "oof_f1": 0.8251082251082251,
  "samples_with_target": 2911,
  "n_httr_features": 16821,
  "n_chemical_features": 163,
  "target_positives": 1167,
  "target_negatives": 1744,
  "target_balance_ratio": 0.669151376146789,
  "unique_chemicals": 1399
}