{
  "target_assay": "TOX21_AR_LUC_MDAKB2_Antagonist_10nM_R1881",
  "n_folds": 3,
  "random_state": 21,
  "global_threshold": 0.2627352774143219,
  "cv_roc_auc_mean": 0.9040062825273241,
  "cv_roc_auc_std": 0.030571940534410022,
  "cv_pr_auc_mean": 0.6281977097322193,
  "cv_pr_auc_std": 0.1061272463450146,
  "cv_average_precision_mean": 0.6371769833375225,
  "cv_average_precision_std": 0.10047341090368558,
  "cv_f1_mean": 0.6446886446886447,
  "cv_f1_std": 0.06359717044457353,
  "cv_accuracy_mean": 0.937422434163853,
  "cv_accuracy_std": 0.01956759267350118,
  "cv_precision_mean": 0.6316616390145803,
  "cv_precision_std": 0.07112425891741027,
  "cv_recall_mean": 0.6797121007647323,
  "cv_recall_std": 0.16031760083765242,
  "cv_specificity_mean": 0.9590808728489918,
  "cv_specificity_std": 0.02951580080095577,
  "cv_brier_score_mean": 0.05184426835673239,
  "cv_brier_score_std": 0.012244012683934172,
  "cv_log_loss_mean": 0.18696421656318415,
  "cv_log_loss_std": 0.035367050590552083,
  "oof_roc_auc": 0.9027517848478548,
  "oof_pr_auc": 0.6190448529032421,
  "oof_accuracy": 0.9253333333333333,
  "oof_f1": 0.6266666666666667,
  "samples_with_target": 750,
  "n_httr_features": 16821,
  "n_chemical_features": 163,
  "target_positives": 63,
  "target_negatives": 687,
  "target_balance_ratio": 0.09170305676855896,
  "unique_chemicals": 740,
  "ablation_mode": "single_cell_httr_structure",
  "cell_type_filter": "U2OS"
}