{
  "target_assay": "TOX21_AR_BLA_Antagonist_ratio",
  "n_folds": 3,
  "random_state": 21,
  "global_threshold": 0.3149091899394989,
  "cv_roc_auc_mean": 0.8964431135526353,
  "cv_roc_auc_std": 0.017336239223514027,
  "cv_pr_auc_mean": 0.6820660829900511,
  "cv_pr_auc_std": 0.05802395403451823,
  "cv_average_precision_mean": 0.6847028426088694,
  "cv_average_precision_std": 0.05723049176622851,
  "cv_f1_mean": 0.6670355992286959,
  "cv_f1_std": 0.04417541653212145,
  "cv_accuracy_mean": 0.9031197239697862,
  "cv_accuracy_std": 0.01950858187360885,
  "cv_precision_mean": 0.6959621275410749,
  "cv_precision_std": 0.09476061009340961,
  "cv_recall_mean": 0.6442577030812325,
  "cv_recall_std": 0.002425841467183293,
  "cv_specificity_mean": 0.9485665648486988,
  "cv_specificity_std": 0.022893274104327295,
  "cv_brier_score_mean": 0.08067547097176615,
  "cv_brier_score_std": 0.011354600085097298,
  "cv_log_loss_mean": 0.2989957140164641,
  "cv_log_loss_std": 0.035865368303390675,
  "oof_roc_auc": 0.8962999026290166,
  "oof_pr_auc": 0.6746217859951232,
  "oof_accuracy": 0.8930366116295765,
  "oof_f1": 0.6510538641686182,
  "samples_with_target": 1393,
  "n_httr_features": 16821,
  "n_chemical_features": 163,
  "target_positives": 208,
  "target_negatives": 1185,
  "target_balance_ratio": 0.17552742616033756,
  "unique_chemicals": 689,
  "ablation_mode": "double_cell_httr_structure",
  "cell_type_filter": null,
  "cell_type_filter_1": "U2OS",
  "cell_type_filter_2": "HepRG"
}