{
  "target_assay": "TOX21_TR_LUC_GH3_Antagonist",
  "n_folds": 3,
  "random_state": 21,
  "global_threshold": 0.23770345747470856,
  "cv_roc_auc_mean": 0.8216248923401931,
  "cv_roc_auc_std": 0.04652442570029092,
  "cv_pr_auc_mean": 0.5434579695605993,
  "cv_pr_auc_std": 0.08413539920096588,
  "cv_average_precision_mean": 0.5497982588836258,
  "cv_average_precision_std": 0.0860961315388672,
  "cv_f1_mean": 0.5719449395919984,
  "cv_f1_std": 0.08083324385695337,
  "cv_accuracy_mean": 0.8577173911706507,
  "cv_accuracy_std": 0.03373267537555144,
  "cv_precision_mean": 0.5635264578926552,
  "cv_precision_std": 0.09040449651150904,
  "cv_recall_mean": 0.6027745127914907,
  "cv_recall_std": 0.14237707934041494,
  "cv_specificity_mean": 0.9045276423285532,
  "cv_specificity_std": 0.05263392235539416,
  "cv_brier_score_mean": 0.10917007886747077,
  "cv_brier_score_std": 0.013078773419838405,
  "cv_log_loss_mean": 0.40580478161576106,
  "cv_log_loss_std": 0.06176741987420805,
  "oof_roc_auc": 0.8177835051546393,
  "oof_pr_auc": 0.5328976778631922,
  "oof_accuracy": 0.8370883882149047,
  "oof_f1": 0.5346534653465347,
  "samples_with_target": 1154,
  "n_httr_features": 16821,
  "n_chemical_features": 163,
  "target_positives": 184,
  "target_negatives": 970,
  "target_balance_ratio": 0.18969072164948453,
  "unique_chemicals": 790,
  "ablation_mode": "double_cell_httr_structure",
  "cell_type_filter": null,
  "cell_type_filter_1": "MCF7",
  "cell_type_filter_2": "HepRG"
}