{
  "target_assay": "TOX21_PR_BLA_Antagonist_ratio",
  "n_folds": 3,
  "random_state": 21,
  "global_threshold": 0.6239038705825806,
  "cv_roc_auc_mean": 0.8514578452694487,
  "cv_roc_auc_std": 0.025156776245832686,
  "cv_pr_auc_mean": 0.7541211468340512,
  "cv_pr_auc_std": 0.05067013293852087,
  "cv_average_precision_mean": 0.7564849146342071,
  "cv_average_precision_std": 0.049262292696396745,
  "cv_f1_mean": 0.710648629858296,
  "cv_f1_std": 0.021954273514629908,
  "cv_accuracy_mean": 0.7899103656438347,
  "cv_accuracy_std": 0.051776952131575765,
  "cv_precision_mean": 0.6828618782991406,
  "cv_precision_std": 0.10591862350503965,
  "cv_recall_mean": 0.7570284489330706,
  "cv_recall_std": 0.07263040574686046,
  "cv_specificity_mean": 0.8031393554161301,
  "cv_specificity_std": 0.11372847833026346,
  "cv_brier_score_mean": 0.15307427754440317,
  "cv_brier_score_std": 0.018799552886844862,
  "cv_log_loss_mean": 0.47650525588945075,
  "cv_log_loss_std": 0.05284756696386398,
  "oof_roc_auc": 0.8480507942736055,
  "oof_pr_auc": 0.7509226372622696,
  "oof_accuracy": 0.8050847457627118,
  "oof_f1": 0.689928628072958,
  "samples_with_target": 2006,
  "n_httr_features": 0,
  "n_chemical_features": 163,
  "target_positives": 673,
  "target_negatives": 1333,
  "target_balance_ratio": 0.5048762190547637,
  "unique_chemicals": 979,
  "ablation_mode": "structure_only",
  "cell_type_filter": null
}