{
  "target_assay": "TOX21_DT40_100_LUC",
  "n_folds": 3,
  "random_state": 21,
  "global_threshold": 0.3571922183036804,
  "cv_roc_auc_mean": 0.8581267188782132,
  "cv_roc_auc_std": 0.005259082736576638,
  "cv_pr_auc_mean": 0.8037826959620974,
  "cv_pr_auc_std": 0.03293821753619621,
  "cv_average_precision_mean": 0.8048030722940233,
  "cv_average_precision_std": 0.03245164321394774,
  "cv_f1_mean": 0.7583020189659407,
  "cv_f1_std": 0.01519588440203319,
  "cv_accuracy_mean": 0.7865514070002063,
  "cv_accuracy_std": 0.008427975558721726,
  "cv_precision_mean": 0.6939320055322301,
  "cv_precision_std": 0.006052407432425939,
  "cv_recall_mean": 0.836866101427402,
  "cv_recall_std": 0.04288635068321622,
  "cv_specificity_mean": 0.7505104417808304,
  "cv_specificity_std": 0.04266141342107637,
  "cv_brier_score_mean": 0.15004296821861987,
  "cv_brier_score_std": 0.00306578678684803,
  "cv_log_loss_mean": 0.4664522729272215,
  "cv_log_loss_std": 0.013567538264290658,
  "oof_roc_auc": 0.856581605779738,
  "oof_pr_auc": 0.796138779654763,
  "oof_accuracy": 0.7828924768120921,
  "oof_f1": 0.7559845559845559,
  "samples_with_target": 2911,
  "n_httr_features": 0,
  "n_chemical_features": 163,
  "target_positives": 1167,
  "target_negatives": 1744,
  "target_balance_ratio": 0.669151376146789,
  "unique_chemicals": 1399,
  "ablation_mode": "structure_only",
  "cell_type_filter": null
}