{
  "target_assay": "TOX21_TSHR_HTRF_Agonist_ratio",
  "n_folds": 3,
  "random_state": 21,
  "global_threshold": 0.2238675206899643,
  "cv_roc_auc_mean": 0.805441213562606,
  "cv_roc_auc_std": 0.023250886128005823,
  "cv_pr_auc_mean": 0.27731915865441825,
  "cv_pr_auc_std": 0.06483582379050293,
  "cv_average_precision_mean": 0.28372641596011156,
  "cv_average_precision_std": 0.06579013929119684,
  "cv_f1_mean": 0.37150678090026146,
  "cv_f1_std": 0.07268197383121454,
  "cv_accuracy_mean": 0.8727582099707393,
  "cv_accuracy_std": 0.016678132915071236,
  "cv_precision_mean": 0.2810341513026114,
  "cv_precision_std": 0.04478190034141446,
  "cv_recall_mean": 0.5572864548118098,
  "cv_recall_std": 0.16525651804789102,
  "cv_specificity_mean": 0.89516968852125,
  "cv_specificity_std": 0.02624523121589393,
  "cv_brier_score_mean": 0.0726993853491399,
  "cv_brier_score_std": 0.003706038593730699,
  "cv_log_loss_mean": 0.2469474709137657,
  "cv_log_loss_std": 0.010969860120124788,
  "oof_roc_auc": 0.8025812698395234,
  "oof_pr_auc": 0.27424082155400326,
  "oof_accuracy": 0.8531228551818806,
  "oof_f1": 0.3611940298507463,
  "samples_with_target": 2914,
  "n_httr_features": 16821,
  "n_chemical_features": 0,
  "target_positives": 201,
  "target_negatives": 2713,
  "target_balance_ratio": 0.07408772576483598,
  "unique_chemicals": 1419,
  "ablation_mode": "httr_only",
  "cell_type_filter": null
}