{
  "target_assay": "TOX21_AR_LUC_MDAKB2_Antagonist_0_5nM_R1881",
  "n_folds": 3,
  "random_state": 21,
  "global_threshold": 0.28899243474006653,
  "cv_roc_auc_mean": 0.904223839941488,
  "cv_roc_auc_std": 0.01847908711520293,
  "cv_pr_auc_mean": 0.7897174107529219,
  "cv_pr_auc_std": 0.024833500888106742,
  "cv_average_precision_mean": 0.7907394127932393,
  "cv_average_precision_std": 0.024864295459401792,
  "cv_f1_mean": 0.7303016709415009,
  "cv_f1_std": 0.035126287060455334,
  "cv_accuracy_mean": 0.8831771806223556,
  "cv_accuracy_std": 0.012071528708827292,
  "cv_precision_mean": 0.7538180012380868,
  "cv_precision_std": 0.03078908088190752,
  "cv_recall_mean": 0.7136785919394614,
  "cv_recall_std": 0.08306999755261162,
  "cv_specificity_mean": 0.9312275277184555,
  "cv_specificity_std": 0.02082228968645066,
  "cv_brier_score_mean": 0.09404014924301118,
  "cv_brier_score_std": 0.015146216447808563,
  "cv_log_loss_mean": 0.3325685878986866,
  "cv_log_loss_std": 0.038541593207158706,
  "oof_roc_auc": 0.9061728395061729,
  "oof_pr_auc": 0.7828784050894272,
  "oof_accuracy": 0.8691767708998086,
  "oof_f1": 0.7218453188602443,
  "samples_with_target": 1567,
  "n_httr_features": 16821,
  "n_chemical_features": 163,
  "target_positives": 352,
  "target_negatives": 1215,
  "target_balance_ratio": 0.2897119341563786,
  "unique_chemicals": 777,
  "ablation_mode": "double_cell_httr_structure",
  "cell_type_filter": null,
  "cell_type_filter_1": "U2OS",
  "cell_type_filter_2": "HepRG"
}