{
  "target_assay": "TOX21_SBE_BLA_Antagonist_ratio",
  "n_folds": 3,
  "random_state": 21,
  "global_threshold": 0.22962582111358643,
  "cv_roc_auc_mean": 0.8159071933618091,
  "cv_roc_auc_std": 0.01462566427195568,
  "cv_pr_auc_mean": 0.34939009526027603,
  "cv_pr_auc_std": 0.07612294974400492,
  "cv_average_precision_mean": 0.35753202553147184,
  "cv_average_precision_std": 0.07311582949846812,
  "cv_f1_mean": 0.45743528002424744,
  "cv_f1_std": 0.020088844434130813,
  "cv_accuracy_mean": 0.8624855929194867,
  "cv_accuracy_std": 0.014934756039615542,
  "cv_precision_mean": 0.3997582149594072,
  "cv_precision_std": 0.023004007781345443,
  "cv_recall_mean": 0.5445417126318162,
  "cv_recall_std": 0.09063423219913026,
  "cv_specificity_mean": 0.9009690624497987,
  "cv_specificity_std": 0.024268825247057767,
  "cv_brier_score_mean": 0.09270717449402956,
  "cv_brier_score_std": 0.007038915751493149,
  "cv_log_loss_mean": 0.3290981064788285,
  "cv_log_loss_std": 0.036428850006049604,
  "oof_roc_auc": 0.7975874219587564,
  "oof_pr_auc": 0.3448131005155858,
  "oof_accuracy": 0.8476021314387211,
  "oof_f1": 0.4392156862745098,
  "samples_with_target": 2815,
  "n_httr_features": 0,
  "n_chemical_features": 163,
  "target_positives": 303,
  "target_negatives": 2512,
  "target_balance_ratio": 0.12062101910828026,
  "unique_chemicals": 1385,
  "ablation_mode": "structure_only",
  "cell_type_filter": null
}