{
  "target_assay": "TOX21_p450_CYP3A4_Antagonist",
  "n_folds": 3,
  "random_state": 21,
  "global_threshold": 0.23078489303588867,
  "cv_roc_auc_mean": 0.8552933540285358,
  "cv_roc_auc_std": 0.02738248080913217,
  "cv_pr_auc_mean": 0.7777681504346176,
  "cv_pr_auc_std": 0.06578389634558489,
  "cv_average_precision_mean": 0.7788134496868159,
  "cv_average_precision_std": 0.06526342045723059,
  "cv_f1_mean": 0.7503948442882685,
  "cv_f1_std": 0.029126197898720056,
  "cv_accuracy_mean": 0.7978429618721941,
  "cv_accuracy_std": 0.010750317043151368,
  "cv_precision_mean": 0.6915052160953801,
  "cv_precision_std": 0.04373497351137646,
  "cv_recall_mean": 0.8212616486648946,
  "cv_recall_std": 0.01774879147391781,
  "cv_specificity_mean": 0.78401825818732,
  "cv_specificity_std": 0.015693383571915243,
  "cv_brier_score_mean": 0.15576686963769532,
  "cv_brier_score_std": 0.00789331718050312,
  "cv_log_loss_mean": 0.5257502952808774,
  "cv_log_loss_std": 0.034201984168374035,
  "oof_roc_auc": 0.8561241360078085,
  "oof_pr_auc": 0.7858694315215601,
  "oof_accuracy": 0.7871853546910755,
  "oof_f1": 0.7423822714681441,
  "samples_with_target": 1311,
  "n_httr_features": 16821,
  "n_chemical_features": 163,
  "target_positives": 488,
  "target_negatives": 823,
  "target_balance_ratio": 0.5929526123936817,
  "unique_chemicals": 646,
  "ablation_mode": "double_cell_httr_structure",
  "cell_type_filter": null,
  "cell_type_filter_1": "U2OS",
  "cell_type_filter_2": "HepRG"
}