{
  "target_assay": "TOX21_p450_CYP2C19_Antagonist",
  "n_folds": 3,
  "random_state": 21,
  "global_threshold": 0.49358513951301575,
  "cv_roc_auc_mean": 0.8262608077633615,
  "cv_roc_auc_std": 0.028133751313021687,
  "cv_pr_auc_mean": 0.8132053150015365,
  "cv_pr_auc_std": 0.03361204664539061,
  "cv_average_precision_mean": 0.8136630741179404,
  "cv_average_precision_std": 0.03350540163949437,
  "cv_f1_mean": 0.7577547603994548,
  "cv_f1_std": 0.028592634416443736,
  "cv_accuracy_mean": 0.7620389915675215,
  "cv_accuracy_std": 0.048900130007047536,
  "cv_precision_mean": 0.7405987866281913,
  "cv_precision_std": 0.08609105217265917,
  "cv_recall_mean": 0.7835517800255326,
  "cv_recall_std": 0.04209530768404108,
  "cv_specificity_mean": 0.7440326907480194,
  "cv_specificity_std": 0.12851354563696799,
  "cv_brier_score_mean": 0.1750323139437848,
  "cv_brier_score_std": 0.014604356596319232,
  "cv_log_loss_mean": 0.5905992746009917,
  "cv_log_loss_std": 0.01272696400175664,
  "oof_roc_auc": 0.8276624190196797,
  "oof_pr_auc": 0.8152332496534411,
  "oof_accuracy": 0.7739965095986039,
  "oof_f1": 0.7551984877126654,
  "samples_with_target": 2292,
  "n_httr_features": 16821,
  "n_chemical_features": 163,
  "target_positives": 1080,
  "target_negatives": 1212,
  "target_balance_ratio": 0.8910891089108911,
  "unique_chemicals": 1579,
  "ablation_mode": "double_cell_httr_structure",
  "cell_type_filter": null,
  "cell_type_filter_1": "MCF7",
  "cell_type_filter_2": "HepRG"
}