{
  "target_assay": "TOX21_DT40_LUC",
  "n_folds": 3,
  "random_state": 21,
  "global_threshold": 0.5121555328369141,
  "cv_roc_auc_mean": 0.9020662725542185,
  "cv_roc_auc_std": 0.024006891167858334,
  "cv_pr_auc_mean": 0.8857424681177576,
  "cv_pr_auc_std": 0.02997484921167408,
  "cv_average_precision_mean": 0.885915754814846,
  "cv_average_precision_std": 0.029906204590723816,
  "cv_f1_mean": 0.8145705164161975,
  "cv_f1_std": 0.03295554768487562,
  "cv_accuracy_mean": 0.8517977827174062,
  "cv_accuracy_std": 0.020172565777878626,
  "cv_precision_mean": 0.8390546889913599,
  "cv_precision_std": 0.01833058406546009,
  "cv_recall_mean": 0.7921523800262479,
  "cv_recall_std": 0.05067780120080587,
  "cv_specificity_mean": 0.8924535514715859,
  "cv_specificity_std": 0.01697557938485592,
  "cv_brier_score_mean": 0.12161378739305055,
  "cv_brier_score_std": 0.013255289328372978,
  "cv_log_loss_mean": 0.432131664592442,
  "cv_log_loss_std": 0.035769712224393756,
  "oof_roc_auc": 0.9009865389866761,
  "oof_pr_auc": 0.8838917024284709,
  "oof_accuracy": 0.8470759171812569,
  "oof_f1": 0.8071461291800275,
  "samples_with_target": 2753,
  "n_httr_features": 16821,
  "n_chemical_features": 163,
  "target_positives": 1139,
  "target_negatives": 1614,
  "target_balance_ratio": 0.7057001239157373,
  "unique_chemicals": 1334
}