{
  "target_assay": "TOX21_MMP_ratio",
  "n_folds": 3,
  "random_state": 21,
  "global_threshold": 0.48536208271980286,
  "cv_roc_auc_mean": 0.8967295169522056,
  "cv_roc_auc_std": 0.015409498177103033,
  "cv_pr_auc_mean": 0.7230276249028776,
  "cv_pr_auc_std": 0.034762315088776106,
  "cv_average_precision_mean": 0.7256991385735089,
  "cv_average_precision_std": 0.033877285848596686,
  "cv_f1_mean": 0.6760841373586471,
  "cv_f1_std": 0.013385800544176875,
  "cv_accuracy_mean": 0.8968460275140956,
  "cv_accuracy_std": 0.017687201028818624,
  "cv_precision_mean": 0.6607395842368521,
  "cv_precision_std": 0.046997684688111996,
  "cv_recall_mean": 0.6950313286382598,
  "cv_recall_std": 0.026921864133123388,
  "cv_specificity_mean": 0.9332493719291426,
  "cv_specificity_std": 0.021669455158438686,
  "cv_brier_score_mean": 0.08160789807812387,
  "cv_brier_score_std": 0.002758329085381118,
  "cv_log_loss_mean": 0.28777060296950124,
  "cv_log_loss_std": 0.02130574692144308,
  "oof_roc_auc": 0.8908184662495007,
  "oof_pr_auc": 0.7087632056907404,
  "oof_accuracy": 0.8947916666666667,
  "oof_f1": 0.6552901023890785,
  "samples_with_target": 960,
  "n_httr_features": 16821,
  "n_chemical_features": 163,
  "target_positives": 148,
  "target_negatives": 812,
  "target_balance_ratio": 0.18226600985221675,
  "unique_chemicals": 948,
  "ablation_mode": "single_cell_httr_structure",
  "cell_type_filter": "HepRG"
}