{
  "target_assay": "TOX21_GR_BLA_Agonist_ratio",
  "n_folds": 3,
  "random_state": 21,
  "global_threshold": 0.6617418527603149,
  "cv_roc_auc_mean": 0.7665711111843887,
  "cv_roc_auc_std": 0.06510961929722806,
  "cv_pr_auc_mean": 0.16436118476012046,
  "cv_pr_auc_std": 0.07089713697730504,
  "cv_average_precision_mean": 0.17645703060659926,
  "cv_average_precision_std": 0.07124336278150531,
  "cv_f1_mean": 0.2684533110716299,
  "cv_f1_std": 0.0868382508757731,
  "cv_accuracy_mean": 0.9435983219972082,
  "cv_accuracy_std": 0.02818875562322662,
  "cv_precision_mean": 0.25961976179243335,
  "cv_precision_std": 0.09395255116184908,
  "cv_recall_mean": 0.3429487179487179,
  "cv_recall_std": 0.17528857581891433,
  "cv_specificity_mean": 0.9628658332318673,
  "cv_specificity_std": 0.03392824174318603,
  "cv_brier_score_mean": 0.03990293862298672,
  "cv_brier_score_std": 0.003840219513820207,
  "cv_log_loss_mean": 0.2318082681971003,
  "cv_log_loss_std": 0.09707030677306651,
  "oof_roc_auc": 0.6993632750737148,
  "oof_pr_auc": 0.1449911860007633,
  "oof_accuracy": 0.9605568445475638,
  "oof_f1": 0.23595505617977527,
  "samples_with_target": 3448,
  "n_httr_features": 0,
  "n_chemical_features": 163,
  "target_positives": 105,
  "target_negatives": 3343,
  "target_balance_ratio": 0.031408914148967994,
  "unique_chemicals": 1677,
  "ablation_mode": "structure_only",
  "cell_type_filter": null
}