{
  "target_assay": "TOX21_GR_BLA_Antagonist_ratio",
  "n_folds": 3,
  "random_state": 21,
  "global_threshold": 0.23320205509662628,
  "cv_roc_auc_mean": 0.90605819225344,
  "cv_roc_auc_std": 0.01864003798206233,
  "cv_pr_auc_mean": 0.569307465251678,
  "cv_pr_auc_std": 0.08764904656015049,
  "cv_average_precision_mean": 0.5727498062735958,
  "cv_average_precision_std": 0.08610079635087546,
  "cv_f1_mean": 0.557778068384913,
  "cv_f1_std": 0.05106613676479022,
  "cv_accuracy_mean": 0.9127600417351145,
  "cv_accuracy_std": 0.0034754968381258975,
  "cv_precision_mean": 0.4780973312401884,
  "cv_precision_std": 0.03691181226942664,
  "cv_recall_mean": 0.671516129878993,
  "cv_recall_std": 0.08688023244837424,
  "cv_specificity_mean": 0.9339478202264551,
  "cv_specificity_std": 0.009464165416290993,
  "cv_brier_score_mean": 0.054731875245504304,
  "cv_brier_score_std": 0.004584891162234975,
  "cv_log_loss_mean": 0.19103717028012202,
  "cv_log_loss_std": 0.018772761993469368,
  "oof_roc_auc": 0.9065446171100462,
  "oof_pr_auc": 0.5554669855627938,
  "oof_accuracy": 0.9094283593170007,
  "oof_f1": 0.5563636363636364,
  "samples_with_target": 2694,
  "n_httr_features": 16821,
  "n_chemical_features": 163,
  "target_positives": 223,
  "target_negatives": 2471,
  "target_balance_ratio": 0.09024686361796844,
  "unique_chemicals": 1302
}