{
  "target_assay": "TOX21_p450_CYP2C9_Antagonist",
  "n_folds": 3,
  "random_state": 21,
  "global_threshold": 0.40671029686927795,
  "cv_roc_auc_mean": 0.8923956664361961,
  "cv_roc_auc_std": 0.011286081244429856,
  "cv_pr_auc_mean": 0.9117632539347618,
  "cv_pr_auc_std": 0.013439244426874298,
  "cv_average_precision_mean": 0.9120202361148045,
  "cv_average_precision_std": 0.013390242608707663,
  "cv_f1_mean": 0.8509463183407182,
  "cv_f1_std": 0.009937208964115232,
  "cv_accuracy_mean": 0.8340559090763963,
  "cv_accuracy_std": 0.015851403107732833,
  "cv_precision_mean": 0.847779641432778,
  "cv_precision_std": 0.06670224374407917,
  "cv_recall_mean": 0.8606503792949577,
  "cv_recall_std": 0.06216868914191384,
  "cv_specificity_mean": 0.8070903271451885,
  "cv_specificity_std": 0.0964449115049678,
  "cv_brier_score_mean": 0.1299893520873664,
  "cv_brier_score_std": 0.010074638924276964,
  "cv_log_loss_mean": 0.42716263399506027,
  "cv_log_loss_std": 0.02639648430903189,
  "oof_roc_auc": 0.8903496106346318,
  "oof_pr_auc": 0.9113752977344084,
  "oof_accuracy": 0.8302469135802469,
  "oof_f1": 0.8474341192787794,
  "samples_with_target": 1296,
  "n_httr_features": 16821,
  "n_chemical_features": 163,
  "target_positives": 714,
  "target_negatives": 582,
  "target_balance_ratio": 0.8151260504201681,
  "unique_chemicals": 1270,
  "ablation_mode": "single_cell_httr_structure",
  "cell_type_filter": "MCF7"
}