{
  "target_assay": "TOX21_PGC_ERR_LUC_Antagonist",
  "n_folds": 3,
  "random_state": 21,
  "global_threshold": 0.4781830310821533,
  "cv_roc_auc_mean": 0.8848011013083518,
  "cv_roc_auc_std": 0.005686996387154442,
  "cv_pr_auc_mean": 0.6296196498705098,
  "cv_pr_auc_std": 0.08217375212873727,
  "cv_average_precision_mean": 0.6406419543738221,
  "cv_average_precision_std": 0.07478201517902323,
  "cv_f1_mean": 0.6772486772486772,
  "cv_f1_std": 0.048492864496887195,
  "cv_accuracy_mean": 0.9168827866768371,
  "cv_accuracy_std": 0.015384009581580824,
  "cv_precision_mean": 0.6920194003527337,
  "cv_precision_std": 0.11209553308017435,
  "cv_recall_mean": 0.6702124935995903,
  "cv_recall_std": 0.03355276892257145,
  "cv_specificity_mean": 0.9548085536440268,
  "cv_specificity_std": 0.017945239002711378,
  "cv_brier_score_mean": 0.07620748132924303,
  "cv_brier_score_std": 0.0127183084878572,
  "cv_log_loss_mean": 0.33458605278572745,
  "cv_log_loss_std": 0.043611122874896865,
  "oof_roc_auc": 0.8867822520507084,
  "oof_pr_auc": 0.6168946115566343,
  "oof_accuracy": 0.9154518950437318,
  "oof_f1": 0.6704545454545454,
  "samples_with_target": 686,
  "n_httr_features": 16821,
  "n_chemical_features": 163,
  "target_positives": 90,
  "target_negatives": 596,
  "target_balance_ratio": 0.15100671140939598,
  "unique_chemicals": 680,
  "ablation_mode": "single_cell_httr_structure",
  "cell_type_filter": "U2OS"
}