{
  "target_assay": "TOX21_SHH_3T3_GLI3_LUC_Antagonist",
  "n_folds": 3,
  "random_state": 21,
  "global_threshold": 0.3486599028110504,
  "cv_roc_auc_mean": 0.8589329930909155,
  "cv_roc_auc_std": 0.018703740968685743,
  "cv_pr_auc_mean": 0.6750492261107377,
  "cv_pr_auc_std": 0.04317347685834269,
  "cv_average_precision_mean": 0.6766329422567975,
  "cv_average_precision_std": 0.04278648029542889,
  "cv_f1_mean": 0.6519325142967559,
  "cv_f1_std": 0.040041492372710596,
  "cv_accuracy_mean": 0.8530255337160707,
  "cv_accuracy_std": 0.01235721545163809,
  "cv_precision_mean": 0.637029873200086,
  "cv_precision_std": 0.03232099592841347,
  "cv_recall_mean": 0.6701740463028844,
  "cv_recall_std": 0.07060841809369259,
  "cv_specificity_mean": 0.8997934156167945,
  "cv_specificity_std": 0.019234927681833085,
  "cv_brier_score_mean": 0.11044994688578837,
  "cv_brier_score_std": 0.0036661708288240292,
  "cv_log_loss_mean": 0.3651676788598253,
  "cv_log_loss_std": 0.01585311697149716,
  "oof_roc_auc": 0.8572750284368542,
  "oof_pr_auc": 0.6685601457999001,
  "oof_accuracy": 0.8329422806194275,
  "oof_f1": 0.641851106639839,
  "samples_with_target": 2131,
  "n_httr_features": 16821,
  "n_chemical_features": 163,
  "target_positives": 444,
  "target_negatives": 1687,
  "target_balance_ratio": 0.26318909306461175,
  "unique_chemicals": 1039
}