{
  "target_assay": "TOX21_AR_LUC_MDAKB2_Antagonist_10nM_R1881",
  "n_folds": 3,
  "random_state": 21,
  "global_threshold": 0.3140241801738739,
  "cv_roc_auc_mean": 0.9259661874102237,
  "cv_roc_auc_std": 0.021190583613966394,
  "cv_pr_auc_mean": 0.5840610102561671,
  "cv_pr_auc_std": 0.08225487414817391,
  "cv_average_precision_mean": 0.5906361143165131,
  "cv_average_precision_std": 0.08095572115323872,
  "cv_f1_mean": 0.6151889237354782,
  "cv_f1_std": 0.0696956044022022,
  "cv_accuracy_mean": 0.9220739214039346,
  "cv_accuracy_std": 0.018723047741072325,
  "cv_precision_mean": 0.5640025385788098,
  "cv_precision_std": 0.10395942638950277,
  "cv_recall_mean": 0.6859859095153213,
  "cv_recall_std": 0.05898670362236184,
  "cv_specificity_mean": 0.9455869055334873,
  "cv_specificity_std": 0.020505582223349757,
  "cv_brier_score_mean": 0.06034669360995995,
  "cv_brier_score_std": 0.01118806089921551,
  "cv_log_loss_mean": 0.2518709442859213,
  "cv_log_loss_std": 0.08554542876017729,
  "oof_roc_auc": 0.8983155408099548,
  "oof_pr_auc": 0.5414055259744674,
  "oof_accuracy": 0.9173599556295063,
  "oof_f1": 0.5962059620596206,
  "samples_with_target": 1803,
  "n_httr_features": 16821,
  "n_chemical_features": 163,
  "target_positives": 162,
  "target_negatives": 1641,
  "target_balance_ratio": 0.09872029250457039,
  "unique_chemicals": 1240,
  "ablation_mode": "double_cell_httr_structure",
  "cell_type_filter": null,
  "cell_type_filter_1": "MCF7",
  "cell_type_filter_2": "U2OS"
}