{
  "target_assay": "TOX21_ERa_BLA_Antagonist_ratio",
  "n_folds": 3,
  "random_state": 21,
  "global_threshold": 0.4421157240867615,
  "cv_roc_auc_mean": 0.9241773855135925,
  "cv_roc_auc_std": 0.028173027139477346,
  "cv_pr_auc_mean": 0.690101847412941,
  "cv_pr_auc_std": 0.12939252074328758,
  "cv_average_precision_mean": 0.6928294956984965,
  "cv_average_precision_std": 0.1273639659105318,
  "cv_f1_mean": 0.6689042505398316,
  "cv_f1_std": 0.07013668760079632,
  "cv_accuracy_mean": 0.9201553823949261,
  "cv_accuracy_std": 0.013465297389937621,
  "cv_precision_mean": 0.6769225567156182,
  "cv_precision_std": 0.13477339407787703,
  "cv_recall_mean": 0.678042328042328,
  "cv_recall_std": 0.11134989459260013,
  "cv_specificity_mean": 0.952312310620289,
  "cv_specificity_std": 0.028429075367866534,
  "cv_brier_score_mean": 0.06851807130720015,
  "cv_brier_score_std": 0.008424801398911778,
  "cv_log_loss_mean": 0.25273380482096924,
  "cv_log_loss_std": 0.021609737680662138,
  "oof_roc_auc": 0.915573930545542,
  "oof_pr_auc": 0.6973782794371289,
  "oof_accuracy": 0.9138695376820772,
  "oof_f1": 0.643979057591623,
  "samples_with_target": 1579,
  "n_httr_features": 16821,
  "n_chemical_features": 163,
  "target_positives": 192,
  "target_negatives": 1387,
  "target_balance_ratio": 0.1384282624369142,
  "unique_chemicals": 1090,
  "ablation_mode": "double_cell_httr_structure",
  "cell_type_filter": null,
  "cell_type_filter_1": "MCF7",
  "cell_type_filter_2": "U2OS"
}