{
  "target_assay": "TOX21_SHH_3T3_GLI3_LUC_Antagonist",
  "n_folds": 3,
  "random_state": 21,
  "global_threshold": 0.4717700779438019,
  "cv_roc_auc_mean": 0.8070762607676025,
  "cv_roc_auc_std": 0.03772019640288241,
  "cv_pr_auc_mean": 0.5537684509512585,
  "cv_pr_auc_std": 0.08221637012166574,
  "cv_average_precision_mean": 0.5608389207716078,
  "cv_average_precision_std": 0.07737204419790274,
  "cv_f1_mean": 0.5800200959566087,
  "cv_f1_std": 0.025222607489982795,
  "cv_accuracy_mean": 0.8382395071780183,
  "cv_accuracy_std": 0.022784846443937464,
  "cv_precision_mean": 0.5850748194014449,
  "cv_precision_std": 0.11125140169439585,
  "cv_recall_mean": 0.5926872705353717,
  "cv_recall_std": 0.07135968834253932,
  "cv_specificity_mean": 0.9024904031727853,
  "cv_specificity_std": 0.014799535511499333,
  "cv_brier_score_mean": 0.1295561115135245,
  "cv_brier_score_std": 0.02632212416691062,
  "cv_log_loss_mean": 0.43054369192846514,
  "cv_log_loss_std": 0.08723501049110793,
  "oof_roc_auc": 0.7948041682797781,
  "oof_pr_auc": 0.5678436885979371,
  "oof_accuracy": 0.8229665071770335,
  "oof_f1": 0.5714285714285714,
  "samples_with_target": 1254,
  "n_httr_features": 16821,
  "n_chemical_features": 163,
  "target_positives": 246,
  "target_negatives": 1008,
  "target_balance_ratio": 0.24404761904761904,
  "unique_chemicals": 624,
  "ablation_mode": "double_cell_httr_structure",
  "cell_type_filter": null,
  "cell_type_filter_1": "U2OS",
  "cell_type_filter_2": "HepRG"
}