{
  "target_assay": "TOX21_p450_CYP2C19_Antagonist",
  "n_folds": 3,
  "random_state": 21,
  "global_threshold": 0.2635270655155182,
  "cv_roc_auc_mean": 0.7951157514531837,
  "cv_roc_auc_std": 0.028390027675441794,
  "cv_pr_auc_mean": 0.7824092761880527,
  "cv_pr_auc_std": 0.022202126549252032,
  "cv_average_precision_mean": 0.78344401087764,
  "cv_average_precision_std": 0.021988601434979983,
  "cv_f1_mean": 0.7211449158390941,
  "cv_f1_std": 0.00399442232923504,
  "cv_accuracy_mean": 0.7116655792511365,
  "cv_accuracy_std": 0.030677839526862857,
  "cv_precision_mean": 0.64195769677477,
  "cv_precision_std": 0.027671266984079197,
  "cv_recall_mean": 0.8252575176956348,
  "cv_recall_std": 0.041033633067541465,
  "cv_specificity_mean": 0.6161061455335051,
  "cv_specificity_std": 0.08867912546094492,
  "cv_brier_score_mean": 0.1913802332308797,
  "cv_brier_score_std": 0.027445303725947983,
  "cv_log_loss_mean": 0.6350502015168707,
  "cv_log_loss_std": 0.16666620110735,
  "oof_roc_auc": 0.7904097191750769,
  "oof_pr_auc": 0.7641113950535446,
  "oof_accuracy": 0.7,
  "oof_f1": 0.7098765432098766,
  "samples_with_target": 940,
  "n_httr_features": 16821,
  "n_chemical_features": 163,
  "target_positives": 424,
  "target_negatives": 516,
  "target_balance_ratio": 0.8217054263565892,
  "unique_chemicals": 925,
  "ablation_mode": "single_cell_httr_structure",
  "cell_type_filter": "HepRG"
}