{
  "target_assay": "TOX21_SBE_BLA_Antagonist_ratio",
  "n_folds": 3,
  "random_state": 21,
  "global_threshold": 0.6152185201644897,
  "cv_roc_auc_mean": 0.892040427018134,
  "cv_roc_auc_std": 0.012735096274968952,
  "cv_pr_auc_mean": 0.6241591927234655,
  "cv_pr_auc_std": 0.06325855894906664,
  "cv_average_precision_mean": 0.6292210632240404,
  "cv_average_precision_std": 0.06114491200271612,
  "cv_f1_mean": 0.6233395985738689,
  "cv_f1_std": 0.048013200551275066,
  "cv_accuracy_mean": 0.9325714434147176,
  "cv_accuracy_std": 0.01627555761592203,
  "cv_precision_mean": 0.7111172756334048,
  "cv_precision_std": 0.09945087783049074,
  "cv_recall_mean": 0.5590043290043291,
  "cv_recall_std": 0.04864782056609759,
  "cv_specificity_mean": 0.9732040348229436,
  "cv_specificity_std": 0.014184134067879326,
  "cv_brier_score_mean": 0.06091830765743925,
  "cv_brier_score_std": 0.01210776980286252,
  "cv_log_loss_mean": 0.2433544450468457,
  "cv_log_loss_std": 0.07453610419890563,
  "oof_roc_auc": 0.8851342376595993,
  "oof_pr_auc": 0.6091026840449123,
  "oof_accuracy": 0.9320269442743417,
  "oof_f1": 0.604982206405694,
  "samples_with_target": 1633,
  "n_httr_features": 16821,
  "n_chemical_features": 163,
  "target_positives": 164,
  "target_negatives": 1469,
  "target_balance_ratio": 0.11164057181756297,
  "unique_chemicals": 807,
  "ablation_mode": "double_cell_httr_structure",
  "cell_type_filter": null,
  "cell_type_filter_1": "U2OS",
  "cell_type_filter_2": "HepRG"
}