{
  "target_assay": "TOX21_PPARg_BLA_Antagonist_ratio",
  "n_folds": 3,
  "random_state": 21,
  "global_threshold": 0.24376265704631805,
  "cv_roc_auc_mean": 0.8640814417492154,
  "cv_roc_auc_std": 0.026135909544650837,
  "cv_pr_auc_mean": 0.4644458037351371,
  "cv_pr_auc_std": 0.038348997673534016,
  "cv_average_precision_mean": 0.4757873035113458,
  "cv_average_precision_std": 0.03141208553170758,
  "cv_f1_mean": 0.5305449569347179,
  "cv_f1_std": 0.03289386883181966,
  "cv_accuracy_mean": 0.8786447893126327,
  "cv_accuracy_std": 0.027436593451166683,
  "cv_precision_mean": 0.4832298136645963,
  "cv_precision_std": 0.03952069269428155,
  "cv_recall_mean": 0.5888888888888889,
  "cv_recall_std": 0.029397236789606564,
  "cv_specificity_mean": 0.9165335147643319,
  "cv_specificity_std": 0.021746441738604353,
  "cv_brier_score_mean": 0.09019817275019547,
  "cv_brier_score_std": 0.012664198511811487,
  "cv_log_loss_mean": 0.32723657141569357,
  "cv_log_loss_std": 0.0541985144873673,
  "oof_roc_auc": 0.8488615647182034,
  "oof_pr_auc": 0.45184391966623677,
  "oof_accuracy": 0.8656716417910447,
  "oof_f1": 0.5126353790613718,
  "samples_with_target": 1005,
  "n_httr_features": 16821,
  "n_chemical_features": 163,
  "target_positives": 116,
  "target_negatives": 889,
  "target_balance_ratio": 0.13048368953880765,
  "unique_chemicals": 988,
  "ablation_mode": "single_cell_httr_structure",
  "cell_type_filter": "MCF7"
}