{
  "target_assay": "TOX21_ERa_LUC_VM7_Antagonist_0_5nM_E2",
  "n_folds": 3,
  "random_state": 21,
  "global_threshold": 0.4235565960407257,
  "cv_roc_auc_mean": 0.9180822147553961,
  "cv_roc_auc_std": 0.008483067089054257,
  "cv_pr_auc_mean": 0.6231900472012585,
  "cv_pr_auc_std": 0.05272513459853584,
  "cv_average_precision_mean": 0.6258419640988729,
  "cv_average_precision_std": 0.05177474411689613,
  "cv_f1_mean": 0.6126984126984126,
  "cv_f1_std": 0.03586896409549465,
  "cv_accuracy_mean": 0.9156568641429869,
  "cv_accuracy_std": 0.04108039426022969,
  "cv_precision_mean": 0.5908499029910023,
  "cv_precision_std": 0.1611889122458555,
  "cv_recall_mean": 0.6878437303582653,
  "cv_recall_std": 0.13415782322373201,
  "cv_specificity_mean": 0.9367191670221974,
  "cv_specificity_std": 0.05479090655021262,
  "cv_brier_score_mean": 0.061724844455754324,
  "cv_brier_score_std": 0.012195559853311456,
  "cv_log_loss_mean": 0.2182444419308686,
  "cv_log_loss_std": 0.028187061985574108,
  "oof_roc_auc": 0.9162574739616819,
  "oof_pr_auc": 0.6205702321444257,
  "oof_accuracy": 0.9165985282093213,
  "oof_f1": 0.5936254980079682,
  "samples_with_target": 2446,
  "n_httr_features": 16821,
  "n_chemical_features": 0,
  "target_positives": 224,
  "target_negatives": 2222,
  "target_balance_ratio": 0.10081008100810081,
  "unique_chemicals": 1173,
  "ablation_mode": "httr_only",
  "cell_type_filter": null
}