{
  "target_assay": "TOX21_ERa_LUC_VM7_Agonist",
  "n_folds": 3,
  "random_state": 21,
  "global_threshold": 0.3495701849460602,
  "cv_roc_auc_mean": 0.824546945718475,
  "cv_roc_auc_std": 0.00790833133697811,
  "cv_pr_auc_mean": 0.4908007406270209,
  "cv_pr_auc_std": 0.018370989779407376,
  "cv_average_precision_mean": 0.4943845765260077,
  "cv_average_precision_std": 0.018098185016542728,
  "cv_f1_mean": 0.5299810415857107,
  "cv_f1_std": 0.042539953743371606,
  "cv_accuracy_mean": 0.8974664135812365,
  "cv_accuracy_std": 0.008498911212352703,
  "cv_precision_mean": 0.5269396551724137,
  "cv_precision_std": 0.01570222197873161,
  "cv_recall_mean": 0.540365792173021,
  "cv_recall_std": 0.09275966196566351,
  "cv_specificity_mean": 0.9414404564716933,
  "cv_specificity_std": 0.009092492189479565,
  "cv_brier_score_mean": 0.08149168104902361,
  "cv_brier_score_std": 0.00406922566290835,
  "cv_log_loss_mean": 0.33090219806546434,
  "cv_log_loss_std": 0.04483970149069604,
  "oof_roc_auc": 0.8221241513094083,
  "oof_pr_auc": 0.47907849599467317,
  "oof_accuracy": 0.8918685121107266,
  "oof_f1": 0.5229007633587787,
  "samples_with_target": 2312,
  "n_httr_features": 16821,
  "n_chemical_features": 163,
  "target_positives": 250,
  "target_negatives": 2062,
  "target_balance_ratio": 0.12124151309408342,
  "unique_chemicals": 1124
}