{
  "target_assay": "TOX21_p450_CYP2C9_Antagonist",
  "n_folds": 3,
  "random_state": 21,
  "global_threshold": 0.46477651596069336,
  "cv_roc_auc_mean": 0.8764927841127655,
  "cv_roc_auc_std": 0.017139253473569108,
  "cv_pr_auc_mean": 0.8784834412840121,
  "cv_pr_auc_std": 0.026784588639193415,
  "cv_average_precision_mean": 0.878786158882679,
  "cv_average_precision_std": 0.026661529874868528,
  "cv_f1_mean": 0.8165285519115502,
  "cv_f1_std": 0.023876546111821776,
  "cv_accuracy_mean": 0.8119488244273098,
  "cv_accuracy_std": 0.023203479573965447,
  "cv_precision_mean": 0.8010070718025154,
  "cv_precision_std": 0.01563017052205543,
  "cv_recall_mean": 0.8342197708394892,
  "cv_recall_std": 0.05304553682827225,
  "cv_specificity_mean": 0.7876394941612332,
  "cv_specificity_std": 0.047808261433364696,
  "cv_brier_score_mean": 0.1492560612448602,
  "cv_brier_score_std": 0.018979544039414795,
  "cv_log_loss_mean": 0.567478598481434,
  "cv_log_loss_std": 0.11461613551596854,
  "oof_roc_auc": 0.8741379579354678,
  "oof_pr_auc": 0.8732468036649987,
  "oof_accuracy": 0.8152793614595211,
  "oof_f1": 0.815068493150685,
  "samples_with_target": 1754,
  "n_httr_features": 16821,
  "n_chemical_features": 163,
  "target_positives": 882,
  "target_negatives": 872,
  "target_balance_ratio": 0.9886621315192744,
  "unique_chemicals": 866,
  "ablation_mode": "double_cell_httr_structure",
  "cell_type_filter": null,
  "cell_type_filter_1": "U2OS",
  "cell_type_filter_2": "HepRG"
}