{
  "target_assay": "TOX21_PXR_LUC_Agonist",
  "n_folds": 3,
  "random_state": 21,
  "global_threshold": 0.4644257426261902,
  "cv_roc_auc_mean": 0.9376971896494887,
  "cv_roc_auc_std": 0.01168171289657834,
  "cv_pr_auc_mean": 0.888037844536795,
  "cv_pr_auc_std": 0.02155280610010014,
  "cv_average_precision_mean": 0.8885264030188523,
  "cv_average_precision_std": 0.021485658537960063,
  "cv_f1_mean": 0.8216263872164257,
  "cv_f1_std": 0.011011437157743382,
  "cv_accuracy_mean": 0.8948727739681641,
  "cv_accuracy_std": 0.004466893481288272,
  "cv_precision_mean": 0.8536734397978417,
  "cv_precision_std": 0.013197381428354698,
  "cv_recall_mean": 0.7922978214418431,
  "cv_recall_std": 0.023656390013817363,
  "cv_specificity_mean": 0.9396823871173416,
  "cv_specificity_std": 0.010334822582108896,
  "cv_brier_score_mean": 0.08713969732643245,
  "cv_brier_score_std": 0.005823666145557565,
  "cv_log_loss_mean": 0.3247175053407256,
  "cv_log_loss_std": 0.05858501388780054,
  "oof_roc_auc": 0.9341915817416931,
  "oof_pr_auc": 0.8802963945704808,
  "oof_accuracy": 0.8918083462132921,
  "oof_f1": 0.8191214470284238,
  "samples_with_target": 1294,
  "n_httr_features": 16821,
  "n_chemical_features": 163,
  "target_positives": 396,
  "target_negatives": 898,
  "target_balance_ratio": 0.44097995545657015,
  "unique_chemicals": 639,
  "ablation_mode": "double_cell_httr_structure",
  "cell_type_filter": null,
  "cell_type_filter_1": "U2OS",
  "cell_type_filter_2": "HepRG"
}