{
  "target_assay": "TOX21_ERa_BLA_Agonist_ratio",
  "n_folds": 3,
  "random_state": 21,
  "global_threshold": 0.35896703600883484,
  "cv_roc_auc_mean": 0.8843040204336581,
  "cv_roc_auc_std": 0.05342366184006671,
  "cv_pr_auc_mean": 0.5332599395369247,
  "cv_pr_auc_std": 0.12908544037205713,
  "cv_average_precision_mean": 0.5362105842105196,
  "cv_average_precision_std": 0.1294183255961571,
  "cv_f1_mean": 0.5535340839661342,
  "cv_f1_std": 0.1300599042794334,
  "cv_accuracy_mean": 0.9684243356133578,
  "cv_accuracy_std": 0.01128130127952245,
  "cv_precision_mean": 0.5981691919191919,
  "cv_precision_std": 0.11711964607849218,
  "cv_recall_mean": 0.5159663865546218,
  "cv_recall_std": 0.13819832403328272,
  "cv_specificity_mean": 0.9864881537435166,
  "cv_specificity_std": 0.004617525273240048,
  "cv_brier_score_mean": 0.027768834393433323,
  "cv_brier_score_std": 0.006409844679926178,
  "cv_log_loss_mean": 0.13099330221400274,
  "cv_log_loss_std": 0.04477162036098657,
  "oof_roc_auc": 0.8628118293991416,
  "oof_pr_auc": 0.5108203783937512,
  "oof_accuracy": 0.9657817109144543,
  "oof_f1": 0.5284552845528455,
  "samples_with_target": 3390,
  "n_httr_features": 16821,
  "n_chemical_features": 163,
  "target_positives": 128,
  "target_negatives": 3262,
  "target_balance_ratio": 0.03923973022685469,
  "unique_chemicals": 1660
}