{
  "target_assay": "TOX21_DT40_LUC",
  "n_folds": 3,
  "random_state": 21,
  "global_threshold": 0.2718503773212433,
  "cv_roc_auc_mean": 0.8856181697051211,
  "cv_roc_auc_std": 0.02439406352716644,
  "cv_pr_auc_mean": 0.8714388359483068,
  "cv_pr_auc_std": 0.032768055673917766,
  "cv_average_precision_mean": 0.8718183487838099,
  "cv_average_precision_std": 0.03241272664883885,
  "cv_f1_mean": 0.8010413215602957,
  "cv_f1_std": 0.027520674160079122,
  "cv_accuracy_mean": 0.8354527433314903,
  "cv_accuracy_std": 0.023881176064017216,
  "cv_precision_mean": 0.8018762431655747,
  "cv_precision_std": 0.04862107136444965,
  "cv_recall_mean": 0.8010858750832909,
  "cv_recall_std": 0.012797491111549087,
  "cv_specificity_mean": 0.859512565614233,
  "cv_specificity_std": 0.04002902614653289,
  "cv_brier_score_mean": 0.13585230102092136,
  "cv_brier_score_std": 0.017459705312817566,
  "cv_log_loss_mean": 0.5110469344188892,
  "cv_log_loss_std": 0.08644581321684465,
  "oof_roc_auc": 0.8852626219438561,
  "oof_pr_auc": 0.8702778652519371,
  "oof_accuracy": 0.8321830730112605,
  "oof_f1": 0.7989556135770235,
  "samples_with_target": 2753,
  "n_httr_features": 16821,
  "n_chemical_features": 0,
  "target_positives": 1139,
  "target_negatives": 1614,
  "target_balance_ratio": 0.7057001239157373,
  "unique_chemicals": 1334,
  "ablation_mode": "httr_only",
  "cell_type_filter": null
}