{
  "target_assay": "TOX21_AR_BLA_Agonist_ratio",
  "n_folds": 3,
  "random_state": 21,
  "global_threshold": 0.7521100044250488,
  "cv_roc_auc_mean": 0.9006391722087068,
  "cv_roc_auc_std": 0.015687928478129737,
  "cv_pr_auc_mean": 0.5877703100853245,
  "cv_pr_auc_std": 0.05708191548475028,
  "cv_average_precision_mean": 0.5922959165738325,
  "cv_average_precision_std": 0.05498660130204352,
  "cv_f1_mean": 0.5959450830140486,
  "cv_f1_std": 0.03892100071514329,
  "cv_accuracy_mean": 0.9773881374830328,
  "cv_accuracy_std": 0.001800113088061188,
  "cv_precision_mean": 0.8264957264957266,
  "cv_precision_std": 0.023824546777378358,
  "cv_recall_mean": 0.46643783371472153,
  "cv_recall_std": 0.040780018117871616,
  "cv_specificity_mean": 0.9963919499295292,
  "cv_specificity_std": 2.4731964048239673e-05,
  "cv_brier_score_mean": 0.02487164397628808,
  "cv_brier_score_std": 0.0017757216530244343,
  "cv_log_loss_mean": 0.11454373224426899,
  "cv_log_loss_std": 0.005238610966247988,
  "oof_roc_auc": 0.8826450449052432,
  "oof_pr_auc": 0.5423179886339482,
  "oof_accuracy": 0.9756521739130435,
  "oof_f1": 0.58,
  "samples_with_target": 1725,
  "n_httr_features": 16821,
  "n_chemical_features": 163,
  "target_positives": 62,
  "target_negatives": 1663,
  "target_balance_ratio": 0.037282020444978956,
  "unique_chemicals": 1191,
  "ablation_mode": "double_cell_httr_structure",
  "cell_type_filter": null,
  "cell_type_filter_1": "MCF7",
  "cell_type_filter_2": "U2OS"
}