{
  "target_assay": "TOX21_RORg_LUC_CHO_Antagonist",
  "n_folds": 3,
  "random_state": 21,
  "global_threshold": 0.2365717738866806,
  "cv_roc_auc_mean": 0.8900057638388642,
  "cv_roc_auc_std": 0.00025922342157475996,
  "cv_pr_auc_mean": 0.6104760128132353,
  "cv_pr_auc_std": 0.11437211733628923,
  "cv_average_precision_mean": 0.6147954568258694,
  "cv_average_precision_std": 0.11280914671560242,
  "cv_f1_mean": 0.606677140997215,
  "cv_f1_std": 0.05839707462934522,
  "cv_accuracy_mean": 0.9065724997637701,
  "cv_accuracy_std": 0.02077571334964785,
  "cv_precision_mean": 0.5714684308363657,
  "cv_precision_std": 0.1293165684546285,
  "cv_recall_mean": 0.6731988478419161,
  "cv_recall_std": 0.10125530881494325,
  "cv_specificity_mean": 0.933947702050819,
  "cv_specificity_std": 0.03308300646908484,
  "cv_brier_score_mean": 0.0651135955320495,
  "cv_brier_score_std": 0.007899880639166709,
  "cv_log_loss_mean": 0.2721696986772235,
  "cv_log_loss_std": 0.059898462294213556,
  "oof_roc_auc": 0.8795500230074349,
  "oof_pr_auc": 0.616198827215792,
  "oof_accuracy": 0.9085737505079237,
  "oof_f1": 0.6017699115044248,
  "samples_with_target": 2461,
  "n_httr_features": 16821,
  "n_chemical_features": 163,
  "target_positives": 263,
  "target_negatives": 2198,
  "target_balance_ratio": 0.11965423111919928,
  "unique_chemicals": 1204
}