{
  "target_assay": "TOX21_PGC_ERR_LUC_Antagonist",
  "n_folds": 3,
  "random_state": 21,
  "global_threshold": 0.3703143894672394,
  "cv_roc_auc_mean": 0.8797121469670488,
  "cv_roc_auc_std": 0.03417805612238127,
  "cv_pr_auc_mean": 0.6267918520461132,
  "cv_pr_auc_std": 0.029937003390043238,
  "cv_average_precision_mean": 0.6327233349633175,
  "cv_average_precision_std": 0.03046709272443713,
  "cv_f1_mean": 0.6317460317460317,
  "cv_f1_std": 0.02767554884787732,
  "cv_accuracy_mean": 0.8832139890018594,
  "cv_accuracy_std": 0.01789604245342675,
  "cv_precision_mean": 0.6180555555555555,
  "cv_precision_std": 0.0863679721797768,
  "cv_recall_mean": 0.6765689865689866,
  "cv_recall_std": 0.15086613365751142,
  "cv_specificity_mean": 0.9202432824981844,
  "cv_specificity_std": 0.044796615219006596,
  "cv_brier_score_mean": 0.09393012074665685,
  "cv_brier_score_std": 0.011721490913979709,
  "cv_log_loss_mean": 0.3566446784020511,
  "cv_log_loss_std": 0.01193418268286907,
  "oof_roc_auc": 0.8812192874692875,
  "oof_pr_auc": 0.6109806401437919,
  "oof_accuracy": 0.8757828810020877,
  "oof_f1": 0.6098360655737705,
  "samples_with_target": 958,
  "n_httr_features": 16821,
  "n_chemical_features": 163,
  "target_positives": 144,
  "target_negatives": 814,
  "target_balance_ratio": 0.1769041769041769,
  "unique_chemicals": 938,
  "ablation_mode": "single_cell_httr_structure",
  "cell_type_filter": "MCF7"
}