{
  "target_assay": "TOX21_TSHR_HTRF_Agonist_ratio",
  "n_folds": 3,
  "random_state": 21,
  "global_threshold": 0.17220748960971832,
  "cv_roc_auc_mean": 0.8548937313042818,
  "cv_roc_auc_std": 0.028534693122156212,
  "cv_pr_auc_mean": 0.43895046342659655,
  "cv_pr_auc_std": 0.08911808095605364,
  "cv_average_precision_mean": 0.44695452641991124,
  "cv_average_precision_std": 0.0832255564450071,
  "cv_f1_mean": 0.4841724718207386,
  "cv_f1_std": 0.05051918292376594,
  "cv_accuracy_mean": 0.9267204609116373,
  "cv_accuracy_std": 0.01035267110988438,
  "cv_precision_mean": 0.4862808509624547,
  "cv_precision_std": 0.031234504393738018,
  "cv_recall_mean": 0.4947933440687064,
  "cv_recall_std": 0.11034724632891685,
  "cv_specificity_mean": 0.9593583518943888,
  "cv_specificity_std": 0.014236732211057191,
  "cv_brier_score_mean": 0.057472780571819815,
  "cv_brier_score_std": 0.006039414253010731,
  "cv_log_loss_mean": 0.2700573453037565,
  "cv_log_loss_std": 0.04856988017625287,
  "oof_roc_auc": 0.8478427975964922,
  "oof_pr_auc": 0.42912272888291686,
  "oof_accuracy": 0.9158560311284046,
  "oof_f1": 0.47416413373860183,
  "samples_with_target": 2056,
  "n_httr_features": 16821,
  "n_chemical_features": 163,
  "target_positives": 145,
  "target_negatives": 1911,
  "target_balance_ratio": 0.07587650444793302,
  "unique_chemicals": 1419,
  "ablation_mode": "double_cell_httr_structure",
  "cell_type_filter": null,
  "cell_type_filter_1": "MCF7",
  "cell_type_filter_2": "U2OS"
}