{
  "target_assay": "TOX21_p450_CYP2C9_Antagonist",
  "n_folds": 3,
  "random_state": 21,
  "global_threshold": 0.4768577516078949,
  "cv_roc_auc_mean": 0.8926757767609406,
  "cv_roc_auc_std": 0.019453719047079186,
  "cv_pr_auc_mean": 0.9073315518827426,
  "cv_pr_auc_std": 0.02260284993205995,
  "cv_average_precision_mean": 0.9074738980907858,
  "cv_average_precision_std": 0.022568232414127958,
  "cv_f1_mean": 0.8400945679289312,
  "cv_f1_std": 0.025226274020575402,
  "cv_accuracy_mean": 0.8247210590912631,
  "cv_accuracy_std": 0.02235201666503182,
  "cv_precision_mean": 0.8141824662762142,
  "cv_precision_std": 0.046583325376018184,
  "cv_recall_mean": 0.8701559279946678,
  "cv_recall_std": 0.04237552649940771,
  "cv_specificity_mean": 0.7750077454980149,
  "cv_specificity_std": 0.05195735468888211,
  "cv_brier_score_mean": 0.13592976232533258,
  "cv_brier_score_std": 0.014232057680241694,
  "cv_log_loss_mean": 0.4866080299281508,
  "cv_log_loss_std": 0.0853745035272845,
  "oof_roc_auc": 0.8882993561775486,
  "oof_pr_auc": 0.8995306295190073,
  "oof_accuracy": 0.8278877128393926,
  "oof_f1": 0.8362521891418564,
  "samples_with_target": 2173,
  "n_httr_features": 16821,
  "n_chemical_features": 163,
  "target_positives": 1155,
  "target_negatives": 1018,
  "target_balance_ratio": 0.8813852813852814,
  "unique_chemicals": 1520,
  "ablation_mode": "double_cell_httr_structure",
  "cell_type_filter": null,
  "cell_type_filter_1": "MCF7",
  "cell_type_filter_2": "HepRG"
}