{
  "target_assay": "TOX21_hERG_U2OS_Antagonist",
  "n_folds": 3,
  "random_state": 21,
  "global_threshold": 0.3209165632724762,
  "cv_roc_auc_mean": 0.9094476323996697,
  "cv_roc_auc_std": 0.03450306110228915,
  "cv_pr_auc_mean": 0.5177209458625336,
  "cv_pr_auc_std": 0.042302188193788004,
  "cv_average_precision_mean": 0.5423596073277905,
  "cv_average_precision_std": 0.03903364716710283,
  "cv_f1_mean": 0.6077131782945736,
  "cv_f1_std": 0.043582216450862,
  "cv_accuracy_mean": 0.9288541528321673,
  "cv_accuracy_std": 0.010913437657221853,
  "cv_precision_mean": 0.5537110232762407,
  "cv_precision_std": 0.045705202094357224,
  "cv_recall_mean": 0.6817204301075268,
  "cv_recall_std": 0.10489245933984691,
  "cv_specificity_mean": 0.9516116878370168,
  "cv_specificity_std": 0.0061953390778554706,
  "cv_brier_score_mean": 0.0517409672855233,
  "cv_brier_score_std": 0.010677318902298645,
  "cv_log_loss_mean": 0.19745902126280712,
  "cv_log_loss_std": 0.04457346261558089,
  "oof_roc_auc": 0.906551266888865,
  "oof_pr_auc": 0.5114446071310468,
  "oof_accuracy": 0.9311551925320887,
  "oof_f1": 0.593103448275862,
  "samples_with_target": 857,
  "n_httr_features": 16821,
  "n_chemical_features": 163,
  "target_positives": 71,
  "target_negatives": 786,
  "target_balance_ratio": 0.09033078880407125,
  "unique_chemicals": 841,
  "ablation_mode": "single_cell_httr_structure",
  "cell_type_filter": "HepRG"
}