{
  "target_assay": "TOX21_ERb_BLA_Antagonist_ratio",
  "n_folds": 3,
  "random_state": 21,
  "global_threshold": 0.38468629121780396,
  "cv_roc_auc_mean": 0.8933649578599412,
  "cv_roc_auc_std": 0.032338621921856645,
  "cv_pr_auc_mean": 0.6834379486997468,
  "cv_pr_auc_std": 0.09540352422996959,
  "cv_average_precision_mean": 0.6854431506889216,
  "cv_average_precision_std": 0.09486016408511617,
  "cv_f1_mean": 0.6846355439682797,
  "cv_f1_std": 0.08504445875039385,
  "cv_accuracy_mean": 0.8698483540553968,
  "cv_accuracy_std": 0.01659422988942594,
  "cv_precision_mean": 0.6284932692556132,
  "cv_precision_std": 0.08097042660121381,
  "cv_recall_mean": 0.7524451097804391,
  "cv_recall_std": 0.0932367169419537,
  "cv_specificity_mean": 0.8959229399266667,
  "cv_specificity_std": 0.003155546428176345,
  "cv_brier_score_mean": 0.09874698402233086,
  "cv_brier_score_std": 0.017497202617143593,
  "cv_log_loss_mean": 0.34806208097814206,
  "cv_log_loss_std": 0.08447544723815094,
  "oof_roc_auc": 0.8830025122159953,
  "oof_pr_auc": 0.6619308698289165,
  "oof_accuracy": 0.8717826501429933,
  "oof_f1": 0.6839012925969448,
  "samples_with_target": 2098,
  "n_httr_features": 16821,
  "n_chemical_features": 163,
  "target_positives": 407,
  "target_negatives": 1691,
  "target_balance_ratio": 0.24068598462448257,
  "unique_chemicals": 1038
}