{
  "target_assay": "TOX21_Aromatase_LUC_Antagonist",
  "n_folds": 3,
  "random_state": 21,
  "global_threshold": 0.2312111109495163,
  "cv_roc_auc_mean": 0.8857539148136683,
  "cv_roc_auc_std": 0.016371559105795814,
  "cv_pr_auc_mean": 0.5939960948215617,
  "cv_pr_auc_std": 0.0861414435837227,
  "cv_average_precision_mean": 0.5976312171699044,
  "cv_average_precision_std": 0.08460709392315255,
  "cv_f1_mean": 0.5842289623450742,
  "cv_f1_std": 0.06188491945244037,
  "cv_accuracy_mean": 0.9138633948906952,
  "cv_accuracy_std": 0.016056699905924923,
  "cv_precision_mean": 0.5965469228627124,
  "cv_precision_std": 0.09353727341304023,
  "cv_recall_mean": 0.5790366034931252,
  "cv_recall_std": 0.06693172729758552,
  "cv_specificity_mean": 0.9525186493774945,
  "cv_specificity_std": 0.016977497259764475,
  "cv_brier_score_mean": 0.07223572006979417,
  "cv_brier_score_std": 0.013065432699569264,
  "cv_log_loss_mean": 0.2771373537217381,
  "cv_log_loss_std": 0.06930961397641489,
  "oof_roc_auc": 0.8630670611439842,
  "oof_pr_auc": 0.5679927578956186,
  "oof_accuracy": 0.8935439560439561,
  "oof_f1": 0.5481049562682215,
  "samples_with_target": 1456,
  "n_httr_features": 16821,
  "n_chemical_features": 163,
  "target_positives": 156,
  "target_negatives": 1300,
  "target_balance_ratio": 0.12,
  "unique_chemicals": 991,
  "ablation_mode": "double_cell_httr_structure",
  "cell_type_filter": null,
  "cell_type_filter_1": "MCF7",
  "cell_type_filter_2": "HepRG"
}