{
  "target_assay": "TOX21_DT40_657_LUC",
  "n_folds": 3,
  "random_state": 21,
  "global_threshold": 0.35910341143608093,
  "cv_roc_auc_mean": 0.8904430111738741,
  "cv_roc_auc_std": 0.0190949432837724,
  "cv_pr_auc_mean": 0.8527246940706737,
  "cv_pr_auc_std": 0.026668906575887448,
  "cv_average_precision_mean": 0.8539843431865367,
  "cv_average_precision_std": 0.025959825086196542,
  "cv_f1_mean": 0.812238002655449,
  "cv_f1_std": 0.020791402710245183,
  "cv_accuracy_mean": 0.8630613975872091,
  "cv_accuracy_std": 0.008505801798472462,
  "cv_precision_mean": 0.8320153867217975,
  "cv_precision_std": 0.031093403763894627,
  "cv_recall_mean": 0.7950342795625814,
  "cv_recall_std": 0.043085949818416666,
  "cv_specificity_mean": 0.9039196545657465,
  "cv_specificity_std": 0.018811530842323815,
  "cv_brier_score_mean": 0.11717806654127733,
  "cv_brier_score_std": 0.010542606500301041,
  "cv_log_loss_mean": 0.42508454467519746,
  "cv_log_loss_std": 0.06573453176221972,
  "oof_roc_auc": 0.8864115231236236,
  "oof_pr_auc": 0.8412955171180984,
  "oof_accuracy": 0.8571428571428571,
  "oof_f1": 0.8082408874801902,
  "samples_with_target": 847,
  "n_httr_features": 16821,
  "n_chemical_features": 163,
  "target_positives": 317,
  "target_negatives": 530,
  "target_balance_ratio": 0.5981132075471698,
  "unique_chemicals": 833,
  "ablation_mode": "single_cell_httr_structure",
  "cell_type_filter": "U2OS"
}