{
  "target_assay": "TOX21_HDAC_LUC_Antagonist",
  "n_folds": 3,
  "random_state": 21,
  "global_threshold": 0.028465259820222855,
  "cv_roc_auc_mean": 0.7693463240291241,
  "cv_roc_auc_std": 0.03093057183830808,
  "cv_pr_auc_mean": 0.18082970988950278,
  "cv_pr_auc_std": 0.07695183892907563,
  "cv_average_precision_mean": 0.21302339620454117,
  "cv_average_precision_std": 0.05977092052372584,
  "cv_f1_mean": 0.3142857142857143,
  "cv_f1_std": 0.055787497685047524,
  "cv_accuracy_mean": 0.9452998764376009,
  "cv_accuracy_std": 0.03218999665429024,
  "cv_precision_mean": 0.35968379446640314,
  "cv_precision_std": 0.12485051756590583,
  "cv_recall_mean": 0.35185185185185186,
  "cv_recall_std": 0.1697250257391052,
  "cv_specificity_mean": 0.9656682848643472,
  "cv_specificity_std": 0.02725334060457307,
  "cv_brier_score_mean": 0.03785947715753794,
  "cv_brier_score_std": 0.010519920419370244,
  "cv_log_loss_mean": 0.18973059692039498,
  "cv_log_loss_std": 0.07036276194128756,
  "oof_roc_auc": 0.7565864833906071,
  "oof_pr_auc": 0.12837193246666298,
  "oof_accuracy": 0.9135188866799204,
  "oof_f1": 0.2689075630252101,
  "samples_with_target": 1006,
  "n_httr_features": 16821,
  "n_chemical_features": 163,
  "target_positives": 36,
  "target_negatives": 970,
  "target_balance_ratio": 0.03711340206185567,
  "unique_chemicals": 993,
  "ablation_mode": "single_cell_httr_structure",
  "cell_type_filter": "HepRG"
}