{
  "target_assay": "TOX21_GR_BLA_Antagonist_ratio",
  "n_folds": 3,
  "random_state": 21,
  "global_threshold": 0.5228261947631836,
  "cv_roc_auc_mean": 0.8202194360819369,
  "cv_roc_auc_std": 0.016044257296904185,
  "cv_pr_auc_mean": 0.471341998035296,
  "cv_pr_auc_std": 0.08245603653845959,
  "cv_average_precision_mean": 0.4777923707031712,
  "cv_average_precision_std": 0.07935314635183739,
  "cv_f1_mean": 0.5007036741995444,
  "cv_f1_std": 0.06328910222627111,
  "cv_accuracy_mean": 0.9313038402428058,
  "cv_accuracy_std": 0.005024474010748083,
  "cv_precision_mean": 0.6339306010183671,
  "cv_precision_std": 0.07482583882750095,
  "cv_recall_mean": 0.4253582959288133,
  "cv_recall_std": 0.10505727825459402,
  "cv_specificity_mean": 0.9774214193335279,
  "cv_specificity_std": 0.008350965159713059,
  "cv_brier_score_mean": 0.06960761887554277,
  "cv_brier_score_std": 0.008655138043563194,
  "cv_log_loss_mean": 0.31136304482170013,
  "cv_log_loss_std": 0.08036864596164084,
  "oof_roc_auc": 0.8039491282736242,
  "oof_pr_auc": 0.4300327221330924,
  "oof_accuracy": 0.9198218262806236,
  "oof_f1": 0.47058823529411764,
  "samples_with_target": 2694,
  "n_httr_features": 0,
  "n_chemical_features": 163,
  "target_positives": 223,
  "target_negatives": 2471,
  "target_balance_ratio": 0.09024686361796844,
  "unique_chemicals": 1302,
  "ablation_mode": "structure_only",
  "cell_type_filter": null
}