{
  "target_assay": "TOX21_p450_CYP2D6_Antagonist",
  "n_folds": 3,
  "random_state": 21,
  "global_threshold": 0.3311798870563507,
  "cv_roc_auc_mean": 0.8424996556403642,
  "cv_roc_auc_std": 0.02188448112637333,
  "cv_pr_auc_mean": 0.7936429550559208,
  "cv_pr_auc_std": 0.027981924863210834,
  "cv_average_precision_mean": 0.7939966934173462,
  "cv_average_precision_std": 0.027946810770892568,
  "cv_f1_mean": 0.7168585960773228,
  "cv_f1_std": 0.026431325178774345,
  "cv_accuracy_mean": 0.7829599407700053,
  "cv_accuracy_std": 0.024777616789937392,
  "cv_precision_mean": 0.6871665303676089,
  "cv_precision_std": 0.05327955505127983,
  "cv_recall_mean": 0.752952295466078,
  "cv_recall_std": 0.04502093992480289,
  "cv_specificity_mean": 0.8000002142223656,
  "cv_specificity_std": 0.05241273497750224,
  "cv_brier_score_mean": 0.15919262329527095,
  "cv_brier_score_std": 0.019194302445875402,
  "cv_log_loss_mean": 0.550890555822544,
  "cv_log_loss_std": 0.07448525418024755,
  "oof_roc_auc": 0.8409177698150916,
  "oof_pr_auc": 0.7907616092396842,
  "oof_accuracy": 0.784844915586965,
  "oof_f1": 0.7127882599580713,
  "samples_with_target": 2547,
  "n_httr_features": 16821,
  "n_chemical_features": 163,
  "target_positives": 929,
  "target_negatives": 1618,
  "target_balance_ratio": 0.5741656365883807,
  "unique_chemicals": 1247
}