{
  "target_assay": "TOX21_ERa_BLA_Agonist_ratio",
  "n_folds": 3,
  "random_state": 21,
  "global_threshold": 0.4144909083843231,
  "cv_roc_auc_mean": 0.90453656382057,
  "cv_roc_auc_std": 0.01401399155961917,
  "cv_pr_auc_mean": 0.6667011435280563,
  "cv_pr_auc_std": 0.06942636934418626,
  "cv_average_precision_mean": 0.6701773116940032,
  "cv_average_precision_std": 0.06784572881371878,
  "cv_f1_mean": 0.6791666666666667,
  "cv_f1_std": 0.07534642216677137,
  "cv_accuracy_mean": 0.9771982015047559,
  "cv_accuracy_std": 0.0026029955807045807,
  "cv_precision_mean": 0.8333333333333334,
  "cv_precision_std": 0.08333333333333331,
  "cv_recall_mean": 0.5772727272727273,
  "cv_recall_std": 0.09392717418078099,
  "cv_specificity_mean": 0.9947816127682341,
  "cv_specificity_std": 0.002599033088946738,
  "cv_brier_score_mean": 0.023756254272110606,
  "cv_brier_score_std": 0.004778734404490654,
  "cv_log_loss_mean": 0.12279099135843989,
  "cv_log_loss_std": 0.02329783836534667,
  "oof_roc_auc": 0.8998387896825396,
  "oof_pr_auc": 0.6606195649002642,
  "oof_accuracy": 0.9722222222222222,
  "oof_f1": 0.6608695652173913,
  "samples_with_target": 1404,
  "n_httr_features": 16821,
  "n_chemical_features": 163,
  "target_positives": 60,
  "target_negatives": 1344,
  "target_balance_ratio": 0.044642857142857144,
  "unique_chemicals": 1372,
  "ablation_mode": "single_cell_httr_structure",
  "cell_type_filter": "MCF7"
}