{
  "target_assay": "TOX21_AP1_BLA_Agonist_ratio",
  "n_folds": 3,
  "random_state": 21,
  "global_threshold": 0.4933196008205414,
  "cv_roc_auc_mean": 0.7390321681653019,
  "cv_roc_auc_std": 0.04418373373833653,
  "cv_pr_auc_mean": 0.11653539516739438,
  "cv_pr_auc_std": 0.03752368635837527,
  "cv_average_precision_mean": 0.12642758730707027,
  "cv_average_precision_std": 0.035490280776292196,
  "cv_f1_mean": 0.22913343965975544,
  "cv_f1_std": 0.03313330754476693,
  "cv_accuracy_mean": 0.8652513994711658,
  "cv_accuracy_std": 0.07141961150461006,
  "cv_precision_mean": 0.15446405791555043,
  "cv_precision_std": 0.019363738776153393,
  "cv_recall_mean": 0.44478508608943396,
  "cv_recall_std": 0.08909731020549744,
  "cv_specificity_mean": 0.8829186373044946,
  "cv_specificity_std": 0.06931148621092788,
  "cv_brier_score_mean": 0.09318685590525762,
  "cv_brier_score_std": 0.017892212250221837,
  "cv_log_loss_mean": 0.3081093699132204,
  "cv_log_loss_std": 0.05003300281914231,
  "oof_roc_auc": 0.7457535715606394,
  "oof_pr_auc": 0.11638781697242645,
  "oof_accuracy": 0.8734038672017512,
  "oof_f1": 0.21670428893905191,
  "samples_with_target": 2741,
  "n_httr_features": 16821,
  "n_chemical_features": 0,
  "target_positives": 124,
  "target_negatives": 2617,
  "target_balance_ratio": 0.047382499044707684,
  "unique_chemicals": 1323,
  "ablation_mode": "httr_only",
  "cell_type_filter": null
}