{
  "target_assay": "TOX21_p450_CYP1A2_Antagonist",
  "n_folds": 3,
  "random_state": 21,
  "global_threshold": 0.33821266889572144,
  "cv_roc_auc_mean": 0.8271920555400031,
  "cv_roc_auc_std": 0.016862874977753486,
  "cv_pr_auc_mean": 0.8826178893696347,
  "cv_pr_auc_std": 0.011341145615555409,
  "cv_average_precision_mean": 0.8828359613398226,
  "cv_average_precision_std": 0.011339461895505875,
  "cv_f1_mean": 0.8155940767257492,
  "cv_f1_std": 0.007499264283380618,
  "cv_accuracy_mean": 0.7552889456738802,
  "cv_accuracy_std": 0.029813694598539164,
  "cv_precision_mean": 0.7684148450701652,
  "cv_precision_std": 0.06206667075013673,
  "cv_recall_mean": 0.8768347782616549,
  "cv_recall_std": 0.06901417349340423,
  "cv_specificity_mean": 0.558030751440263,
  "cv_specificity_std": 0.18817503671209304,
  "cv_brier_score_mean": 0.1661739799724192,
  "cv_brier_score_std": 0.007042981285046622,
  "cv_log_loss_mean": 0.5100810379162434,
  "cv_log_loss_std": 0.012874352572386744,
  "oof_roc_auc": 0.8278700756068444,
  "oof_pr_auc": 0.8830777870815385,
  "oof_accuracy": 0.7491423670668954,
  "oof_f1": 0.8131587352283616,
  "samples_with_target": 2332,
  "n_httr_features": 16821,
  "n_chemical_features": 163,
  "target_positives": 1436,
  "target_negatives": 896,
  "target_balance_ratio": 0.6239554317548747,
  "unique_chemicals": 1138
}