{
  "target_assay": "TOX21_DT40_100_LUC",
  "n_folds": 3,
  "random_state": 21,
  "global_threshold": 0.4295105040073395,
  "cv_roc_auc_mean": 0.8971899070935775,
  "cv_roc_auc_std": 0.01740062367935683,
  "cv_pr_auc_mean": 0.8788167191234084,
  "cv_pr_auc_std": 0.024945589503095403,
  "cv_average_precision_mean": 0.8790082869941452,
  "cv_average_precision_std": 0.02489735168923307,
  "cv_f1_mean": 0.8139392689813528,
  "cv_f1_std": 0.02339257231675738,
  "cv_accuracy_mean": 0.8557642072575823,
  "cv_accuracy_std": 0.013396024595307882,
  "cv_precision_mean": 0.8413804730991195,
  "cv_precision_std": 0.029070232544648068,
  "cv_recall_mean": 0.7897104453453347,
  "cv_recall_std": 0.0446841450019111,
  "cv_specificity_mean": 0.898097623229115,
  "cv_specificity_std": 0.033753076954762276,
  "cv_brier_score_mean": 0.11831502215191982,
  "cv_brier_score_std": 0.008214684659315187,
  "cv_log_loss_mean": 0.43426749281363425,
  "cv_log_loss_std": 0.05482828210901356,
  "oof_roc_auc": 0.8937259734440226,
  "oof_pr_auc": 0.8760647894129185,
  "oof_accuracy": 0.8512538646513226,
  "oof_f1": 0.8088300220750552,
  "samples_with_target": 2911,
  "n_httr_features": 16821,
  "n_chemical_features": 0,
  "target_positives": 1167,
  "target_negatives": 1744,
  "target_balance_ratio": 0.669151376146789,
  "unique_chemicals": 1399,
  "ablation_mode": "httr_only",
  "cell_type_filter": null
}