{
  "target_assay": "TOX21_GR_BLA_Agonist_ratio",
  "n_folds": 3,
  "random_state": 21,
  "global_threshold": 0.10940158367156982,
  "cv_roc_auc_mean": 0.9259372115685757,
  "cv_roc_auc_std": 0.012279892337890156,
  "cv_pr_auc_mean": 0.22526340030989944,
  "cv_pr_auc_std": 0.05191477371276501,
  "cv_average_precision_mean": 0.262230840461055,
  "cv_average_precision_std": 0.0533967654607586,
  "cv_f1_mean": 0.42074700493305145,
  "cv_f1_std": 0.058211392585127704,
  "cv_accuracy_mean": 0.9486466085447987,
  "cv_accuracy_std": 0.020026483366758684,
  "cv_precision_mean": 0.310663082437276,
  "cv_precision_std": 0.056959018492632435,
  "cv_recall_mean": 0.6626984126984127,
  "cv_recall_std": 0.08935182737458496,
  "cv_specificity_mean": 0.9562182188902565,
  "cv_specificity_std": 0.02094260872490382,
  "cv_brier_score_mean": 0.026184834231805964,
  "cv_brier_score_std": 0.008127732139646744,
  "cv_log_loss_mean": 0.09579286523116716,
  "cv_log_loss_std": 0.027157614325093615,
  "oof_roc_auc": 0.9163286004056795,
  "oof_pr_auc": 0.22099118890923747,
  "oof_accuracy": 0.9408284023668639,
  "oof_f1": 0.3877551020408163,
  "samples_with_target": 1014,
  "n_httr_features": 16821,
  "n_chemical_features": 163,
  "target_positives": 28,
  "target_negatives": 986,
  "target_balance_ratio": 0.028397565922920892,
  "unique_chemicals": 1000,
  "ablation_mode": "single_cell_httr_structure",
  "cell_type_filter": "HepRG"
}