{
  "target_assay": "TOX21_CAR_LUC_Agonist",
  "n_folds": 3,
  "random_state": 21,
  "global_threshold": 0.4548502266407013,
  "cv_roc_auc_mean": 0.8752434482143645,
  "cv_roc_auc_std": 0.043816351414321345,
  "cv_pr_auc_mean": 0.4150503632036971,
  "cv_pr_auc_std": 0.04432485083713212,
  "cv_average_precision_mean": 0.43225788381458125,
  "cv_average_precision_std": 0.04386776562370872,
  "cv_f1_mean": 0.4995126656043715,
  "cv_f1_std": 0.044321232948660305,
  "cv_accuracy_mean": 0.912250741720789,
  "cv_accuracy_std": 0.007363930260034666,
  "cv_precision_mean": 0.4467178929235233,
  "cv_precision_std": 0.054885269790492054,
  "cv_recall_mean": 0.5679203013887117,
  "cv_recall_std": 0.024778906037697418,
  "cv_specificity_mean": 0.941117898118709,
  "cv_specificity_std": 0.003734106877897687,
  "cv_brier_score_mean": 0.06443960658507299,
  "cv_brier_score_std": 0.011843209419578121,
  "cv_log_loss_mean": 0.23291370523960223,
  "cv_log_loss_std": 0.05056167192132881,
  "oof_roc_auc": 0.8589433073424302,
  "oof_pr_auc": 0.4066439051438872,
  "oof_accuracy": 0.917691256830601,
  "oof_f1": 0.4817204301075269,
  "samples_with_target": 2928,
  "n_httr_features": 0,
  "n_chemical_features": 163,
  "target_positives": 228,
  "target_negatives": 2700,
  "target_balance_ratio": 0.08444444444444445,
  "unique_chemicals": 1458,
  "ablation_mode": "structure_only",
  "cell_type_filter": null
}