{
  "target_assay": "TOX21_RORg_LUC_CHO_Antagonist",
  "n_folds": 3,
  "random_state": 21,
  "global_threshold": 0.1916431188583374,
  "cv_roc_auc_mean": 0.9042843294536324,
  "cv_roc_auc_std": 0.05387135882130423,
  "cv_pr_auc_mean": 0.6273409305421948,
  "cv_pr_auc_std": 0.1462372565901181,
  "cv_average_precision_mean": 0.6338472593813619,
  "cv_average_precision_std": 0.14114562873105557,
  "cv_f1_mean": 0.6279034265717841,
  "cv_f1_std": 0.08593469290321304,
  "cv_accuracy_mean": 0.9088602265878886,
  "cv_accuracy_std": 0.025420747539523874,
  "cv_precision_mean": 0.5964410842706989,
  "cv_precision_std": 0.14327127087142597,
  "cv_recall_mean": 0.6993666056166056,
  "cv_recall_std": 0.13155457611097257,
  "cv_specificity_mean": 0.9364537432565244,
  "cv_specificity_std": 0.038357528513122505,
  "cv_brier_score_mean": 0.07245594933345771,
  "cv_brier_score_std": 0.014434846699268533,
  "cv_log_loss_mean": 0.2594205789875497,
  "cv_log_loss_std": 0.06556491312639887,
  "oof_roc_auc": 0.8928891661143814,
  "oof_pr_auc": 0.6376716185519347,
  "oof_accuracy": 0.8952007835455436,
  "oof_f1": 0.6137184115523465,
  "samples_with_target": 1021,
  "n_httr_features": 16821,
  "n_chemical_features": 163,
  "target_positives": 113,
  "target_negatives": 908,
  "target_balance_ratio": 0.12444933920704845,
  "unique_chemicals": 1000,
  "ablation_mode": "single_cell_httr_structure",
  "cell_type_filter": "MCF7"
}