{
  "target_assay": "TOX21_PXR_LUC_Agonist",
  "n_folds": 3,
  "random_state": 21,
  "global_threshold": 0.32557475566864014,
  "cv_roc_auc_mean": 0.9031248324454708,
  "cv_roc_auc_std": 0.007816581576036175,
  "cv_pr_auc_mean": 0.8196363921827438,
  "cv_pr_auc_std": 0.013807825655416196,
  "cv_average_precision_mean": 0.8214279408391025,
  "cv_average_precision_std": 0.013634520655875405,
  "cv_f1_mean": 0.7673763863785349,
  "cv_f1_std": 0.010659922014587875,
  "cv_accuracy_mean": 0.8532502241568279,
  "cv_accuracy_std": 0.022135801685066167,
  "cv_precision_mean": 0.759393646186099,
  "cv_precision_std": 0.09486084454928811,
  "cv_recall_mean": 0.7876788368636195,
  "cv_recall_std": 0.07111176033865442,
  "cv_specificity_mean": 0.8821636822923941,
  "cv_specificity_std": 0.06141768462452604,
  "cv_brier_score_mean": 0.11806786635288587,
  "cv_brier_score_std": 0.009000705559205515,
  "cv_log_loss_mean": 0.42048418636530727,
  "cv_log_loss_std": 0.05413199343291247,
  "oof_roc_auc": 0.8968639625655217,
  "oof_pr_auc": 0.8099190655312346,
  "oof_accuracy": 0.8454404945904173,
  "oof_f1": 0.7536945812807881,
  "samples_with_target": 647,
  "n_httr_features": 16821,
  "n_chemical_features": 163,
  "target_positives": 198,
  "target_negatives": 449,
  "target_balance_ratio": 0.44097995545657015,
  "unique_chemicals": 639,
  "ablation_mode": "single_cell_httr_structure",
  "cell_type_filter": "HepRG"
}