{
  "target_assay": "TOX21_ERb_BLA_Antagonist_ratio",
  "n_folds": 3,
  "random_state": 21,
  "global_threshold": 0.5696426630020142,
  "cv_roc_auc_mean": 0.8645930268170813,
  "cv_roc_auc_std": 0.045588449441738885,
  "cv_pr_auc_mean": 0.6497221754212387,
  "cv_pr_auc_std": 0.1352840974420228,
  "cv_average_precision_mean": 0.6536236440943433,
  "cv_average_precision_std": 0.13302805278873575,
  "cv_f1_mean": 0.6404762627818292,
  "cv_f1_std": 0.08507433879426106,
  "cv_accuracy_mean": 0.8645652784410633,
  "cv_accuracy_std": 0.029700711365680883,
  "cv_precision_mean": 0.6619315626366992,
  "cv_precision_std": 0.15115058561717412,
  "cv_recall_mean": 0.6282435129740519,
  "cv_recall_std": 0.033803435333552116,
  "cv_specificity_mean": 0.9221465321580657,
  "cv_specificity_std": 0.03747310989174493,
  "cv_brier_score_mean": 0.10567606230871691,
  "cv_brier_score_std": 0.015604027591108032,
  "cv_log_loss_mean": 0.35573935610419793,
  "cv_log_loss_std": 0.05488355479689181,
  "oof_roc_auc": 0.8658674264824471,
  "oof_pr_auc": 0.6572560714060072,
  "oof_accuracy": 0.8689227836034319,
  "oof_f1": 0.6357615894039735,
  "samples_with_target": 2098,
  "n_httr_features": 16821,
  "n_chemical_features": 0,
  "target_positives": 407,
  "target_negatives": 1691,
  "target_balance_ratio": 0.24068598462448257,
  "unique_chemicals": 1038,
  "ablation_mode": "httr_only",
  "cell_type_filter": null
}