{
  "target_assay": "TOX21_PPARg_BLA_Antagonist_ratio",
  "n_folds": 3,
  "random_state": 21,
  "global_threshold": 0.09476274996995926,
  "cv_roc_auc_mean": 0.7610467888534936,
  "cv_roc_auc_std": 0.009601396753020705,
  "cv_pr_auc_mean": 0.33129221392562874,
  "cv_pr_auc_std": 0.07702197540685113,
  "cv_average_precision_mean": 0.34099239722694347,
  "cv_average_precision_std": 0.07177529137929173,
  "cv_f1_mean": 0.3933183553436718,
  "cv_f1_std": 0.012067446466122587,
  "cv_accuracy_mean": 0.8304394507494736,
  "cv_accuracy_std": 0.02264956668681452,
  "cv_precision_mean": 0.3167753489626808,
  "cv_precision_std": 0.013672291567894502,
  "cv_recall_mean": 0.5189198181558113,
  "cv_recall_std": 0.007554372378608677,
  "cv_specificity_mean": 0.8670554219537244,
  "cv_specificity_std": 0.021230315244944044,
  "cv_brier_score_mean": 0.10467367815143704,
  "cv_brier_score_std": 0.0059809214019194605,
  "cv_log_loss_mean": 0.42216152976275684,
  "cv_log_loss_std": 0.0612418688307287,
  "oof_roc_auc": 0.7594396853146853,
  "oof_pr_auc": 0.2973233934678986,
  "oof_accuracy": 0.8166666666666667,
  "oof_f1": 0.3779310344827586,
  "samples_with_target": 2460,
  "n_httr_features": 0,
  "n_chemical_features": 163,
  "target_positives": 260,
  "target_negatives": 2200,
  "target_balance_ratio": 0.11818181818181818,
  "unique_chemicals": 1181,
  "ablation_mode": "structure_only",
  "cell_type_filter": null
}