{
  "target_assay": "TOX21_ERb_BLA_Antagonist_ratio",
  "n_folds": 3,
  "random_state": 21,
  "global_threshold": 0.18881234526634216,
  "cv_roc_auc_mean": 0.8027719992934103,
  "cv_roc_auc_std": 0.07402682859784486,
  "cv_pr_auc_mean": 0.5387136462422287,
  "cv_pr_auc_std": 0.16886314338653044,
  "cv_average_precision_mean": 0.5499321995935947,
  "cv_average_precision_std": 0.1618803794163196,
  "cv_f1_mean": 0.5629994726380269,
  "cv_f1_std": 0.12509613244244366,
  "cv_accuracy_mean": 0.8139584210048602,
  "cv_accuracy_std": 0.03679539871842602,
  "cv_precision_mean": 0.5109922756981581,
  "cv_precision_std": 0.1549709014348779,
  "cv_recall_mean": 0.6438807839669908,
  "cv_recall_std": 0.11520800991799562,
  "cv_specificity_mean": 0.8555253075216779,
  "cv_specificity_std": 0.03676163326945104,
  "cv_brier_score_mean": 0.13895059040934862,
  "cv_brier_score_std": 0.023101106081381943,
  "cv_log_loss_mean": 0.5661447271459356,
  "cv_log_loss_std": 0.1833497857052247,
  "oof_roc_auc": 0.8030544912728822,
  "oof_pr_auc": 0.5176479878092102,
  "oof_accuracy": 0.8122923588039868,
  "oof_f1": 0.5670498084291188,
  "samples_with_target": 602,
  "n_httr_features": 16821,
  "n_chemical_features": 163,
  "target_positives": 116,
  "target_negatives": 486,
  "target_balance_ratio": 0.23868312757201646,
  "unique_chemicals": 595,
  "ablation_mode": "single_cell_httr_structure",
  "cell_type_filter": "HepRG"
}