{
  "target_assay": "TOX21_p450_CYP2C19_Antagonist",
  "n_folds": 3,
  "random_state": 21,
  "global_threshold": 0.43809857964515686,
  "cv_roc_auc_mean": 0.8180119207730249,
  "cv_roc_auc_std": 0.03435807577142179,
  "cv_pr_auc_mean": 0.8128009347448181,
  "cv_pr_auc_std": 0.02179812553321654,
  "cv_average_precision_mean": 0.8134958186858435,
  "cv_average_precision_std": 0.021748499499334648,
  "cv_f1_mean": 0.7611631468805498,
  "cv_f1_std": 0.02834422529144111,
  "cv_accuracy_mean": 0.7691920460499909,
  "cv_accuracy_std": 0.008134472068318058,
  "cv_precision_mean": 0.7350469775865972,
  "cv_precision_std": 0.042295411079730165,
  "cv_recall_mean": 0.7977467308931309,
  "cv_recall_std": 0.09854744458116337,
  "cv_specificity_mean": 0.7453289936664321,
  "cv_specificity_std": 0.07617982559984408,
  "cv_brier_score_mean": 0.17170790761326257,
  "cv_brier_score_std": 0.016910735714370708,
  "cv_log_loss_mean": 0.5369655037004986,
  "cv_log_loss_std": 0.06805340088672845,
  "oof_roc_auc": 0.8158013027562446,
  "oof_pr_auc": 0.8081088548624953,
  "oof_accuracy": 0.7630683575626354,
  "oof_f1": 0.7552715654952077,
  "samples_with_target": 3233,
  "n_httr_features": 0,
  "n_chemical_features": 163,
  "target_positives": 1505,
  "target_negatives": 1728,
  "target_balance_ratio": 0.8709490740740741,
  "unique_chemicals": 1579,
  "ablation_mode": "structure_only",
  "cell_type_filter": null
}