{
  "target_assay": "TOX21_DT40_657_LUC",
  "n_folds": 3,
  "random_state": 21,
  "global_threshold": 0.38302361965179443,
  "cv_roc_auc_mean": 0.8419420034024526,
  "cv_roc_auc_std": 0.019615359870503148,
  "cv_pr_auc_mean": 0.777074975879399,
  "cv_pr_auc_std": 0.020779578341805088,
  "cv_average_precision_mean": 0.7781845118216802,
  "cv_average_precision_std": 0.02069607593552572,
  "cv_f1_mean": 0.7406733600638793,
  "cv_f1_std": 0.026649565491899556,
  "cv_accuracy_mean": 0.7762109948994146,
  "cv_accuracy_std": 0.019570285518083447,
  "cv_precision_mean": 0.681782035276405,
  "cv_precision_std": 0.010598019772051251,
  "cv_recall_mean": 0.8115687398452404,
  "cv_recall_std": 0.05163973165325893,
  "cv_specificity_mean": 0.7528399421098717,
  "cv_specificity_std": 0.023195535683444953,
  "cv_brier_score_mean": 0.15985675239506977,
  "cv_brier_score_std": 0.013106933563933186,
  "cv_log_loss_mean": 0.4940541554898494,
  "cv_log_loss_std": 0.03868985946291336,
  "oof_roc_auc": 0.8370240158676268,
  "oof_pr_auc": 0.7703654123460628,
  "oof_accuracy": 0.7716942148760331,
  "oof_f1": 0.7338418305901244,
  "samples_with_target": 2904,
  "n_httr_features": 0,
  "n_chemical_features": 163,
  "target_positives": 1146,
  "target_negatives": 1758,
  "target_balance_ratio": 0.6518771331058021,
  "unique_chemicals": 1407,
  "ablation_mode": "structure_only",
  "cell_type_filter": null
}