{
  "target_assay": "TOX21_p450_CYP2C19_Antagonist",
  "n_folds": 3,
  "random_state": 21,
  "global_threshold": 0.44094520807266235,
  "cv_roc_auc_mean": 0.8428708890895135,
  "cv_roc_auc_std": 0.029381864778779326,
  "cv_pr_auc_mean": 0.8337882576343164,
  "cv_pr_auc_std": 0.018424188691089066,
  "cv_average_precision_mean": 0.8340842301729795,
  "cv_average_precision_std": 0.01839070473281407,
  "cv_f1_mean": 0.776126474819549,
  "cv_f1_std": 0.03058074960808253,
  "cv_accuracy_mean": 0.7901344778260047,
  "cv_accuracy_std": 0.028273705669663245,
  "cv_precision_mean": 0.7709433721718434,
  "cv_precision_std": 0.047768550999718315,
  "cv_recall_mean": 0.7821376010681776,
  "cv_recall_std": 0.021289119243827235,
  "cv_specificity_mean": 0.7978692626475877,
  "cv_specificity_std": 0.04048954733321066,
  "cv_brier_score_mean": 0.16364452188665732,
  "cv_brier_score_std": 0.01646758768288494,
  "cv_log_loss_mean": 0.5743112364621538,
  "cv_log_loss_std": 0.08846869881036545,
  "oof_roc_auc": 0.8407749630860095,
  "oof_pr_auc": 0.8272732358170695,
  "oof_accuracy": 0.7924528301886793,
  "oof_f1": 0.7741501178054527,
  "samples_with_target": 3233,
  "n_httr_features": 16821,
  "n_chemical_features": 163,
  "target_positives": 1505,
  "target_negatives": 1728,
  "target_balance_ratio": 0.8709490740740741,
  "unique_chemicals": 1579
}