{
  "target_assay": "TOX21_RAR_LUC_Antagonist",
  "n_folds": 3,
  "random_state": 21,
  "global_threshold": 0.13160176575183868,
  "cv_roc_auc_mean": 0.910785936364956,
  "cv_roc_auc_std": 0.003637813343540954,
  "cv_pr_auc_mean": 0.5783955000270042,
  "cv_pr_auc_std": 0.014345271865127851,
  "cv_average_precision_mean": 0.5828819573660527,
  "cv_average_precision_std": 0.013415870482979908,
  "cv_f1_mean": 0.6079017094744487,
  "cv_f1_std": 0.03778524728790044,
  "cv_accuracy_mean": 0.9055401501415482,
  "cv_accuracy_std": 0.014807791465902179,
  "cv_precision_mean": 0.5360541183467142,
  "cv_precision_std": 0.03334679574391448,
  "cv_recall_mean": 0.7042583918813428,
  "cv_recall_std": 0.06393112379343226,
  "cv_specificity_mean": 0.9285017306281302,
  "cv_specificity_std": 0.01618325081191893,
  "cv_brier_score_mean": 0.0704509778985916,
  "cv_brier_score_std": 0.006658224735170377,
  "cv_log_loss_mean": 0.27174105943019744,
  "cv_log_loss_std": 0.046821608038775955,
  "oof_roc_auc": 0.9017989039294587,
  "oof_pr_auc": 0.5694780131250938,
  "oof_accuracy": 0.8966376089663761,
  "oof_f1": 0.5911330049261084,
  "samples_with_target": 1606,
  "n_httr_features": 16821,
  "n_chemical_features": 163,
  "target_positives": 167,
  "target_negatives": 1439,
  "target_balance_ratio": 0.11605281445448228,
  "unique_chemicals": 1093,
  "ablation_mode": "double_cell_httr_structure",
  "cell_type_filter": null,
  "cell_type_filter_1": "MCF7",
  "cell_type_filter_2": "HepRG"
}