{
  "target_assay": "TOX21_MMP_ratio",
  "n_folds": 3,
  "random_state": 21,
  "global_threshold": 0.6792861819267273,
  "cv_roc_auc_mean": 0.9458685359021367,
  "cv_roc_auc_std": 0.008358351358133653,
  "cv_pr_auc_mean": 0.795759349411123,
  "cv_pr_auc_std": 0.03575645042605756,
  "cv_average_precision_mean": 0.7980018322690139,
  "cv_average_precision_std": 0.03557855504300604,
  "cv_f1_mean": 0.7630235473137311,
  "cv_f1_std": 0.018741349063891674,
  "cv_accuracy_mean": 0.923910063357016,
  "cv_accuracy_std": 0.010176777360965132,
  "cv_precision_mean": 0.8093025337989076,
  "cv_precision_std": 0.05147967234199373,
  "cv_recall_mean": 0.7239484771879138,
  "cv_recall_std": 0.03401422696998715,
  "cv_specificity_mean": 0.9646241342432432,
  "cv_specificity_std": 0.012552517144110362,
  "cv_brier_score_mean": 0.06920514530731225,
  "cv_brier_score_std": 0.011643684408681434,
  "cv_log_loss_mean": 0.26729561605941204,
  "cv_log_loss_std": 0.049818993362484625,
  "oof_roc_auc": 0.9442429737080689,
  "oof_pr_auc": 0.7915327076169707,
  "oof_accuracy": 0.9238884702336096,
  "oof_f1": 0.7577937649880095,
  "samples_with_target": 1327,
  "n_httr_features": 16821,
  "n_chemical_features": 163,
  "target_positives": 224,
  "target_negatives": 1103,
  "target_balance_ratio": 0.20308250226654578,
  "unique_chemicals": 1300,
  "ablation_mode": "single_cell_httr_structure",
  "cell_type_filter": "MCF7"
}