{
  "target_assay": "TOX21_AR_BLA_Antagonist_ratio",
  "n_folds": 3,
  "random_state": 21,
  "global_threshold": 0.37034016847610474,
  "cv_roc_auc_mean": 0.8323004346047552,
  "cv_roc_auc_std": 0.03006915415655021,
  "cv_pr_auc_mean": 0.508020145240791,
  "cv_pr_auc_std": 0.02422523910143581,
  "cv_average_precision_mean": 0.5131626426840058,
  "cv_average_precision_std": 0.02429647116829532,
  "cv_f1_mean": 0.5066156345896743,
  "cv_f1_std": 0.027823937667045048,
  "cv_accuracy_mean": 0.8099405622455288,
  "cv_accuracy_std": 0.04422304392844122,
  "cv_precision_mean": 0.4361386386240076,
  "cv_precision_std": 0.04435976711966055,
  "cv_recall_mean": 0.6133572722567288,
  "cv_recall_std": 0.07707734990439463,
  "cv_specificity_mean": 0.844492256268845,
  "cv_specificity_std": 0.057760656010935274,
  "cv_brier_score_mean": 0.11536299549767005,
  "cv_brier_score_std": 0.010835774514533053,
  "cv_log_loss_mean": 0.381286394435253,
  "cv_log_loss_std": 0.02045125465252692,
  "oof_roc_auc": 0.8295519020995957,
  "oof_pr_auc": 0.4962660402889442,
  "oof_accuracy": 0.8333333333333334,
  "oof_f1": 0.49743589743589745,
  "samples_with_target": 2352,
  "n_httr_features": 0,
  "n_chemical_features": 163,
  "target_positives": 371,
  "target_negatives": 1981,
  "target_balance_ratio": 0.1872791519434629,
  "unique_chemicals": 1149,
  "ablation_mode": "structure_only",
  "cell_type_filter": null
}