{
  "target_assay": "TOX21_AR_LUC_MDAKB2_Antagonist_10nM_R1881",
  "n_folds": 3,
  "random_state": 21,
  "global_threshold": 0.10634642094373703,
  "cv_roc_auc_mean": 0.8356930974779946,
  "cv_roc_auc_std": 0.018173948292646246,
  "cv_pr_auc_mean": 0.5071725501918447,
  "cv_pr_auc_std": 0.05722700806111384,
  "cv_average_precision_mean": 0.5204533910354555,
  "cv_average_precision_std": 0.04790742617469542,
  "cv_f1_mean": 0.5598141695702671,
  "cv_f1_std": 0.02011673411810539,
  "cv_accuracy_mean": 0.9346069537112593,
  "cv_accuracy_std": 0.014993025353421813,
  "cv_precision_mean": 0.6904761904761904,
  "cv_precision_std": 0.17297218029923306,
  "cv_recall_mean": 0.4902473575242454,
  "cv_recall_std": 0.07590117088430441,
  "cv_specificity_mean": 0.9751589117721841,
  "cv_specificity_std": 0.018281603679443547,
  "cv_brier_score_mean": 0.06279441014514815,
  "cv_brier_score_std": 0.003926470331994304,
  "cv_log_loss_mean": 0.2798034232941236,
  "cv_log_loss_std": 0.02268386653237871,
  "oof_roc_auc": 0.8323152390207784,
  "oof_pr_auc": 0.4805068911460055,
  "oof_accuracy": 0.8958611481975968,
  "oof_f1": 0.5,
  "samples_with_target": 749,
  "n_httr_features": 16821,
  "n_chemical_features": 163,
  "target_positives": 63,
  "target_negatives": 686,
  "target_balance_ratio": 0.09183673469387756,
  "unique_chemicals": 739,
  "ablation_mode": "single_cell_httr_structure",
  "cell_type_filter": "HepRG"
}