{
  "target_assay": "TOX21_AhR_LUC_Agonist",
  "n_folds": 3,
  "random_state": 21,
  "global_threshold": 0.1702309548854828,
  "cv_roc_auc_mean": 0.8569414826947973,
  "cv_roc_auc_std": 0.06619896491790019,
  "cv_pr_auc_mean": 0.5049733380417626,
  "cv_pr_auc_std": 0.11440416677749317,
  "cv_average_precision_mean": 0.5165279058643889,
  "cv_average_precision_std": 0.11109437113843136,
  "cv_f1_mean": 0.5763888888888888,
  "cv_f1_std": 0.0841969142568204,
  "cv_accuracy_mean": 0.9511830413993859,
  "cv_accuracy_std": 0.023267679811009637,
  "cv_precision_mean": 0.5219251336898396,
  "cv_precision_std": 0.11835953439304375,
  "cv_recall_mean": 0.6555555555555556,
  "cv_recall_std": 0.05091750772173154,
  "cv_specificity_mean": 0.9661408855864461,
  "cv_specificity_std": 0.02106717332304642,
  "cv_brier_score_mean": 0.0385781639151128,
  "cv_brier_score_std": 0.016261793522298146,
  "cv_log_loss_mean": 0.18647463614576343,
  "cv_log_loss_std": 0.082277041904997,
  "oof_roc_auc": 0.8391697877652935,
  "oof_pr_auc": 0.4603225386278718,
  "oof_accuracy": 0.9441141498216409,
  "oof_f1": 0.5252525252525253,
  "samples_with_target": 841,
  "n_httr_features": 16821,
  "n_chemical_features": 163,
  "target_positives": 40,
  "target_negatives": 801,
  "target_balance_ratio": 0.049937578027465665,
  "unique_chemicals": 832,
  "ablation_mode": "single_cell_httr_structure",
  "cell_type_filter": "HepRG"
}