{
  "target_assay": "TOX21_Aromatase_LUC_Antagonist",
  "n_folds": 3,
  "random_state": 21,
  "global_threshold": 0.4849883019924164,
  "cv_roc_auc_mean": 0.9143967458236784,
  "cv_roc_auc_std": 0.022887093745249287,
  "cv_pr_auc_mean": 0.6723293616824981,
  "cv_pr_auc_std": 0.04500316817320589,
  "cv_average_precision_mean": 0.6765355065500246,
  "cv_average_precision_std": 0.04455388466942808,
  "cv_f1_mean": 0.6289656603382093,
  "cv_f1_std": 0.06779441186591467,
  "cv_accuracy_mean": 0.8908057833479465,
  "cv_accuracy_std": 0.047639406633041434,
  "cv_precision_mean": 0.5357334024000691,
  "cv_precision_std": 0.14697154796511996,
  "cv_recall_mean": 0.8062850729517397,
  "cv_recall_std": 0.08930200230510284,
  "cv_specificity_mean": 0.900023420950867,
  "cv_specificity_std": 0.061560628694421325,
  "cv_brier_score_mean": 0.06961887726955594,
  "cv_brier_score_std": 0.021000406397728322,
  "cv_log_loss_mean": 0.23934675884472367,
  "cv_log_loss_std": 0.08042026059490813,
  "oof_roc_auc": 0.9038432780020936,
  "oof_pr_auc": 0.6266039622322496,
  "oof_accuracy": 0.9111644657863145,
  "oof_f1": 0.6105263157894737,
  "samples_with_target": 833,
  "n_httr_features": 16821,
  "n_chemical_features": 163,
  "target_positives": 90,
  "target_negatives": 743,
  "target_balance_ratio": 0.12113055181695828,
  "unique_chemicals": 815,
  "ablation_mode": "single_cell_httr_structure",
  "cell_type_filter": "MCF7"
}