{
  "target_assay": "TOX21_GR_BLA_Antagonist_ratio",
  "n_folds": 3,
  "random_state": 21,
  "global_threshold": 0.29704660177230835,
  "cv_roc_auc_mean": 0.8789772877508891,
  "cv_roc_auc_std": 0.03139160019988755,
  "cv_pr_auc_mean": 0.4867242480338508,
  "cv_pr_auc_std": 0.07302064168356111,
  "cv_average_precision_mean": 0.4921993650025788,
  "cv_average_precision_std": 0.0726191033761551,
  "cv_f1_mean": 0.49662533606195575,
  "cv_f1_std": 0.07505369791279547,
  "cv_accuracy_mean": 0.9055149007965012,
  "cv_accuracy_std": 0.04321427459345509,
  "cv_precision_mean": 0.46445852534562215,
  "cv_precision_std": 0.1607177646089619,
  "cv_recall_mean": 0.572156862745098,
  "cv_recall_std": 0.09252575314058778,
  "cv_specificity_mean": 0.9339132512831023,
  "cv_specificity_std": 0.0435740401581809,
  "cv_brier_score_mean": 0.06254705028389608,
  "cv_brier_score_std": 0.024665861207118257,
  "cv_log_loss_mean": 0.21929991659318196,
  "cv_log_loss_std": 0.08099671485347704,
  "oof_roc_auc": 0.8698508639379805,
  "oof_pr_auc": 0.4519738225198252,
  "oof_accuracy": 0.9060738885410144,
  "oof_f1": 0.460431654676259,
  "samples_with_target": 1597,
  "n_httr_features": 16821,
  "n_chemical_features": 163,
  "target_positives": 124,
  "target_negatives": 1473,
  "target_balance_ratio": 0.08418194161575017,
  "unique_chemicals": 789,
  "ablation_mode": "double_cell_httr_structure",
  "cell_type_filter": null,
  "cell_type_filter_1": "U2OS",
  "cell_type_filter_2": "HepRG"
}