{
  "target_assay": "TOX21_hERG_U2OS_Antagonist",
  "n_folds": 3,
  "random_state": 21,
  "global_threshold": 0.5126627683639526,
  "cv_roc_auc_mean": 0.919876005629806,
  "cv_roc_auc_std": 0.011316949184118052,
  "cv_pr_auc_mean": 0.6853695881280694,
  "cv_pr_auc_std": 0.0679381934900167,
  "cv_average_precision_mean": 0.6875810999237763,
  "cv_average_precision_std": 0.06683852714605085,
  "cv_f1_mean": 0.657706273392548,
  "cv_f1_std": 0.04553203064213342,
  "cv_accuracy_mean": 0.933890442550415,
  "cv_accuracy_std": 0.007698157903444226,
  "cv_precision_mean": 0.6711046578114767,
  "cv_precision_std": 0.1234025601625629,
  "cv_recall_mean": 0.6559915592173656,
  "cv_recall_std": 0.046850237295635,
  "cv_specificity_mean": 0.964288956856561,
  "cv_specificity_std": 0.015554956940499189,
  "cv_brier_score_mean": 0.053820778750686894,
  "cv_brier_score_std": 0.004511994962166933,
  "cv_log_loss_mean": 0.22376787612341112,
  "cv_log_loss_std": 0.03584729169964261,
  "oof_roc_auc": 0.912901979668838,
  "oof_pr_auc": 0.6897746614339859,
  "oof_accuracy": 0.9358417752050169,
  "oof_f1": 0.6490765171503958,
  "samples_with_target": 2073,
  "n_httr_features": 16821,
  "n_chemical_features": 163,
  "target_positives": 202,
  "target_negatives": 1871,
  "target_balance_ratio": 0.10796365579903795,
  "unique_chemicals": 1440,
  "ablation_mode": "double_cell_httr_structure",
  "cell_type_filter": null,
  "cell_type_filter_1": "MCF7",
  "cell_type_filter_2": "HepRG"
}