{
  "target_assay": "TOX21_ERR_LUC_Antagonist",
  "n_folds": 3,
  "random_state": 21,
  "global_threshold": 0.5171087384223938,
  "cv_roc_auc_mean": 0.9394650616374376,
  "cv_roc_auc_std": 0.011032457137219622,
  "cv_pr_auc_mean": 0.8519100693141034,
  "cv_pr_auc_std": 0.013313749961347888,
  "cv_average_precision_mean": 0.8527629741594303,
  "cv_average_precision_std": 0.01290441402862543,
  "cv_f1_mean": 0.7926104676104676,
  "cv_f1_std": 0.013650571025798437,
  "cv_accuracy_mean": 0.906245530093801,
  "cv_accuracy_std": 0.014082412332085719,
  "cv_precision_mean": 0.8163736989402849,
  "cv_precision_std": 0.06542816216297785,
  "cv_recall_mean": 0.7764889031855929,
  "cv_recall_std": 0.062002643759514094,
  "cv_specificity_mean": 0.9443156111812115,
  "cv_specificity_std": 0.031204091890930846,
  "cv_brier_score_mean": 0.07754626317972804,
  "cv_brier_score_std": 0.0041784286324127486,
  "cv_log_loss_mean": 0.2646291423478657,
  "cv_log_loss_std": 0.019989613731908003,
  "oof_roc_auc": 0.9373779199866156,
  "oof_pr_auc": 0.848703913975218,
  "oof_accuracy": 0.9001825928180158,
  "oof_f1": 0.7819148936170213,
  "samples_with_target": 1643,
  "n_httr_features": 16821,
  "n_chemical_features": 163,
  "target_positives": 378,
  "target_negatives": 1265,
  "target_balance_ratio": 0.29881422924901185,
  "unique_chemicals": 1131,
  "ablation_mode": "double_cell_httr_structure",
  "cell_type_filter": null,
  "cell_type_filter_1": "MCF7",
  "cell_type_filter_2": "U2OS"
}