{
  "target_assay": "TOX21_GR_BLA_Antagonist_ratio",
  "n_folds": 3,
  "random_state": 21,
  "global_threshold": 0.22321051359176636,
  "cv_roc_auc_mean": 0.8842065121262138,
  "cv_roc_auc_std": 0.017340345148066174,
  "cv_pr_auc_mean": 0.4456966907214435,
  "cv_pr_auc_std": 0.1297396074142575,
  "cv_average_precision_mean": 0.4621611965562132,
  "cv_average_precision_std": 0.11839312644509038,
  "cv_f1_mean": 0.4786676475600277,
  "cv_f1_std": 0.07965881978620193,
  "cv_accuracy_mean": 0.8785822233486337,
  "cv_accuracy_std": 0.015815996844441713,
  "cv_precision_mean": 0.3598067579095731,
  "cv_precision_std": 0.07479091198355768,
  "cv_recall_mean": 0.7200292397660819,
  "cv_recall_std": 0.062039831557657125,
  "cv_specificity_mean": 0.8915046400426517,
  "cv_specificity_std": 0.014782518072909026,
  "cv_brier_score_mean": 0.06633148212843604,
  "cv_brier_score_std": 0.00746088421402912,
  "cv_log_loss_mean": 0.26814233191824766,
  "cv_log_loss_std": 0.062207230290631486,
  "oof_roc_auc": 0.8402416072132008,
  "oof_pr_auc": 0.42496873567469345,
  "oof_accuracy": 0.9023779724655819,
  "oof_f1": 0.4583333333333333,
  "samples_with_target": 799,
  "n_httr_features": 16821,
  "n_chemical_features": 163,
  "target_positives": 62,
  "target_negatives": 737,
  "target_balance_ratio": 0.08412483039348712,
  "unique_chemicals": 789,
  "ablation_mode": "single_cell_httr_structure",
  "cell_type_filter": "U2OS"
}