{
  "target_assay": "TOX21_GR_BLA_Antagonist_ratio",
  "n_folds": 3,
  "random_state": 21,
  "global_threshold": 0.1588529646396637,
  "cv_roc_auc_mean": 0.8878439517919187,
  "cv_roc_auc_std": 0.04253388102794292,
  "cv_pr_auc_mean": 0.5262739833872798,
  "cv_pr_auc_std": 0.13347406844799467,
  "cv_average_precision_mean": 0.5309957627409682,
  "cv_average_precision_std": 0.13113515137289308,
  "cv_f1_mean": 0.5281009729876845,
  "cv_f1_std": 0.06787999741787876,
  "cv_accuracy_mean": 0.909241422354948,
  "cv_accuracy_std": 0.011066254324655654,
  "cv_precision_mean": 0.4785826665740536,
  "cv_precision_std": 0.058574396594814684,
  "cv_recall_mean": 0.6167800453514739,
  "cv_recall_std": 0.1688847726200946,
  "cv_specificity_mean": 0.936000151910228,
  "cv_specificity_std": 0.025831071275357935,
  "cv_brier_score_mean": 0.060457364660195,
  "cv_brier_score_std": 0.0070830462691465704,
  "cv_log_loss_mean": 0.23398071884204277,
  "cv_log_loss_std": 0.054043974532162774,
  "oof_roc_auc": 0.8718576944844435,
  "oof_pr_auc": 0.5112409480346944,
  "oof_accuracy": 0.9007915567282322,
  "oof_f1": 0.5204081632653061,
  "samples_with_target": 1895,
  "n_httr_features": 16821,
  "n_chemical_features": 163,
  "target_positives": 161,
  "target_negatives": 1734,
  "target_balance_ratio": 0.09284890426758939,
  "unique_chemicals": 1302,
  "ablation_mode": "double_cell_httr_structure",
  "cell_type_filter": null,
  "cell_type_filter_1": "MCF7",
  "cell_type_filter_2": "HepRG"
}