{
  "target_assay": "TOX21_DT40_100_LUC",
  "n_folds": 3,
  "random_state": 21,
  "global_threshold": 0.4349825978279114,
  "cv_roc_auc_mean": 0.9118130155756763,
  "cv_roc_auc_std": 0.020126766323827854,
  "cv_pr_auc_mean": 0.8848590585043791,
  "cv_pr_auc_std": 0.024449545572467996,
  "cv_average_precision_mean": 0.8854633401411697,
  "cv_average_precision_std": 0.024290355092321893,
  "cv_f1_mean": 0.8290826820238585,
  "cv_f1_std": 0.03059609071404297,
  "cv_accuracy_mean": 0.8724424976796188,
  "cv_accuracy_std": 0.02219735478767692,
  "cv_precision_mean": 0.8386794532627867,
  "cv_precision_std": 0.012844075975688226,
  "cv_recall_mean": 0.8204526320524933,
  "cv_recall_std": 0.05135195355287764,
  "cv_specificity_mean": 0.9036877800490043,
  "cv_specificity_std": 0.013948250179883902,
  "cv_brier_score_mean": 0.11200448352707014,
  "cv_brier_score_std": 0.018952164063816192,
  "cv_log_loss_mean": 0.4522842165415808,
  "cv_log_loss_std": 0.14080018821218634,
  "oof_roc_auc": 0.9053016389428207,
  "oof_pr_auc": 0.8758926987208503,
  "oof_accuracy": 0.8688524590163934,
  "oof_f1": 0.8193548387096774,
  "samples_with_target": 854,
  "n_httr_features": 16821,
  "n_chemical_features": 163,
  "target_positives": 323,
  "target_negatives": 531,
  "target_balance_ratio": 0.608286252354049,
  "unique_chemicals": 839,
  "ablation_mode": "single_cell_httr_structure",
  "cell_type_filter": "U2OS"
}