{
  "target_assay": "TOX21_TSHR_HTRF_Agonist_ratio",
  "n_folds": 3,
  "random_state": 21,
  "global_threshold": 0.3566932678222656,
  "cv_roc_auc_mean": 0.817094513285098,
  "cv_roc_auc_std": 0.031192270815733596,
  "cv_pr_auc_mean": 0.3764962056825587,
  "cv_pr_auc_std": 0.06225084515534523,
  "cv_average_precision_mean": 0.38038563422622734,
  "cv_average_precision_std": 0.06123201147851695,
  "cv_f1_mean": 0.40065719187137544,
  "cv_f1_std": 0.04122486133374718,
  "cv_accuracy_mean": 0.9237289590786922,
  "cv_accuracy_std": 0.008931729675683524,
  "cv_precision_mean": 0.44534526139222813,
  "cv_precision_std": 0.09164068178038283,
  "cv_recall_mean": 0.37135226504394864,
  "cv_recall_std": 0.05041017416561362,
  "cv_specificity_mean": 0.9646289010319693,
  "cv_specificity_std": 0.012391871550863454,
  "cv_brier_score_mean": 0.0594225203464596,
  "cv_brier_score_std": 0.006238569831949317,
  "cv_log_loss_mean": 0.251065926540926,
  "cv_log_loss_std": 0.025271738335371465,
  "oof_roc_auc": 0.8096891143251674,
  "oof_pr_auc": 0.37713476822012415,
  "oof_accuracy": 0.9217570350034318,
  "oof_f1": 0.39361702127659576,
  "samples_with_target": 2914,
  "n_httr_features": 16821,
  "n_chemical_features": 163,
  "target_positives": 201,
  "target_negatives": 2713,
  "target_balance_ratio": 0.07408772576483598,
  "unique_chemicals": 1419
}