{
  "target_assay": "TOX21_AR_LUC_MDAKB2_Antagonist_10nM_R1881",
  "n_folds": 3,
  "random_state": 21,
  "global_threshold": 0.4189291000366211,
  "cv_roc_auc_mean": 0.8977549125872556,
  "cv_roc_auc_std": 0.024708895338962106,
  "cv_pr_auc_mean": 0.5454117137305196,
  "cv_pr_auc_std": 0.08456994363536306,
  "cv_average_precision_mean": 0.5501543209592618,
  "cv_average_precision_std": 0.08384685320311988,
  "cv_f1_mean": 0.5868226509393267,
  "cv_f1_std": 0.07923737715890533,
  "cv_accuracy_mean": 0.9215549146075838,
  "cv_accuracy_std": 0.010677713972554705,
  "cv_precision_mean": 0.5470994726313875,
  "cv_precision_std": 0.11549075393832366,
  "cv_recall_mean": 0.6406478937728938,
  "cv_recall_std": 0.040659345493329606,
  "cv_specificity_mean": 0.9484562946956835,
  "cv_specificity_std": 0.01477212242066925,
  "cv_brier_score_mean": 0.061735908456182154,
  "cv_brier_score_std": 0.00383771315200367,
  "cv_log_loss_mean": 0.21464022053878298,
  "cv_log_loss_std": 0.007974147094661358,
  "oof_roc_auc": 0.8980719094685575,
  "oof_pr_auc": 0.5453397336939049,
  "oof_accuracy": 0.9165360501567398,
  "oof_f1": 0.5748502994011976,
  "samples_with_target": 2552,
  "n_httr_features": 16821,
  "n_chemical_features": 0,
  "target_positives": 225,
  "target_negatives": 2327,
  "target_balance_ratio": 0.09669101847872798,
  "unique_chemicals": 1240,
  "ablation_mode": "httr_only",
  "cell_type_filter": null
}