{
  "target_assay": "TOX21_ERa_BLA_Agonist_ratio",
  "n_folds": 3,
  "random_state": 21,
  "global_threshold": 0.6215897798538208,
  "cv_roc_auc_mean": 0.8985686190957879,
  "cv_roc_auc_std": 0.02843427685684779,
  "cv_pr_auc_mean": 0.3748472279071957,
  "cv_pr_auc_std": 0.1378732401053616,
  "cv_average_precision_mean": 0.3937501115698097,
  "cv_average_precision_std": 0.12696754090506315,
  "cv_f1_mean": 0.5091168091168091,
  "cv_f1_std": 0.10857168214538511,
  "cv_accuracy_mean": 0.9687979023301211,
  "cv_accuracy_std": 0.006175616734705245,
  "cv_precision_mean": 0.551010101010101,
  "cv_precision_std": 0.1747379865468721,
  "cv_recall_mean": 0.48320707070707075,
  "cv_recall_std": 0.05584563273380684,
  "cv_specificity_mean": 0.9859566051634969,
  "cv_specificity_std": 0.0054776386044065525,
  "cv_brier_score_mean": 0.033733389806665535,
  "cv_brier_score_std": 0.007950031860727194,
  "cv_log_loss_mean": 0.1385613762922319,
  "cv_log_loss_std": 0.021119408143924788,
  "oof_roc_auc": 0.8955100288290501,
  "oof_pr_auc": 0.3478044745990165,
  "oof_accuracy": 0.9652567975830816,
  "oof_f1": 0.4888888888888889,
  "samples_with_target": 1986,
  "n_httr_features": 16821,
  "n_chemical_features": 163,
  "target_positives": 68,
  "target_negatives": 1918,
  "target_balance_ratio": 0.035453597497393116,
  "unique_chemicals": 981,
  "ablation_mode": "double_cell_httr_structure",
  "cell_type_filter": null,
  "cell_type_filter_1": "U2OS",
  "cell_type_filter_2": "HepRG"
}