{
  "target_assay": "TOX21_AP1_BLA_Agonist_ratio",
  "n_folds": 3,
  "random_state": 21,
  "global_threshold": 0.008136899210512638,
  "cv_roc_auc_mean": 0.5995163307122626,
  "cv_roc_auc_std": 0.09739316839417221,
  "cv_pr_auc_mean": 0.06416504725392606,
  "cv_pr_auc_std": 0.020902905461725647,
  "cv_average_precision_mean": 0.0764155039195404,
  "cv_average_precision_std": 0.02318359563296259,
  "cv_f1_mean": 0.16255892255892254,
  "cv_f1_std": 0.05321433515612969,
  "cv_accuracy_mean": 0.7907065896715287,
  "cv_accuracy_std": 0.10146777918651703,
  "cv_precision_mean": 0.1060515873015873,
  "cv_precision_std": 0.04576015855231691,
  "cv_recall_mean": 0.4307692307692308,
  "cv_recall_std": 0.15152088925840157,
  "cv_specificity_mean": 0.8086311490727814,
  "cv_specificity_std": 0.11400888767950235,
  "cv_brier_score_mean": 0.04608000655534871,
  "cv_brier_score_std": 0.005107852970537419,
  "cv_log_loss_mean": 0.27111572797586275,
  "cv_log_loss_std": 0.043262360943487864,
  "oof_roc_auc": 0.5963082437275986,
  "oof_pr_auc": 0.05859840800638243,
  "oof_accuracy": 0.8076448828606658,
  "oof_f1": 0.13333333333333333,
  "samples_with_target": 811,
  "n_httr_features": 16821,
  "n_chemical_features": 163,
  "target_positives": 36,
  "target_negatives": 775,
  "target_balance_ratio": 0.04645161290322581,
  "unique_chemicals": 801,
  "ablation_mode": "single_cell_httr_structure",
  "cell_type_filter": "HepRG"
}