{
  "target_assay": "TOX21_AChE_Colorimetric_Antagonist",
  "n_folds": 3,
  "random_state": 21,
  "global_threshold": 0.14521072804927826,
  "cv_roc_auc_mean": 0.8616337019687061,
  "cv_roc_auc_std": 0.10771621354788968,
  "cv_pr_auc_mean": 0.46035686595772063,
  "cv_pr_auc_std": 0.13881524092885594,
  "cv_average_precision_mean": 0.47294890321276867,
  "cv_average_precision_std": 0.13988696818785473,
  "cv_f1_mean": 0.5271009184052663,
  "cv_f1_std": 0.16530821707515642,
  "cv_accuracy_mean": 0.9620605213172961,
  "cv_accuracy_std": 0.007373266510723957,
  "cv_precision_mean": 0.506993006993007,
  "cv_precision_std": 0.1260197293072734,
  "cv_recall_mean": 0.5661764705882353,
  "cv_recall_std": 0.23147170939260578,
  "cv_specificity_mean": 0.9782818570045227,
  "cv_specificity_std": 0.003219593468914656,
  "cv_brier_score_mean": 0.030879394994488742,
  "cv_brier_score_std": 0.004755701619880224,
  "cv_log_loss_mean": 0.14424217635754968,
  "cv_log_loss_std": 0.06527756874914104,
  "oof_roc_auc": 0.8414835922419339,
  "oof_pr_auc": 0.41590651838261666,
  "oof_accuracy": 0.9563981042654028,
  "oof_f1": 0.5106382978723404,
  "samples_with_target": 1055,
  "n_httr_features": 16821,
  "n_chemical_features": 163,
  "target_positives": 43,
  "target_negatives": 1012,
  "target_balance_ratio": 0.042490118577075096,
  "unique_chemicals": 1042,
  "ablation_mode": "single_cell_httr_structure",
  "cell_type_filter": "HepRG"
}