{
  "target_assay": "TOX21_p450_CYP2C9_Antagonist",
  "n_folds": 3,
  "random_state": 21,
  "global_threshold": 0.43300023674964905,
  "cv_roc_auc_mean": 0.8798735530816982,
  "cv_roc_auc_std": 0.010009897727782166,
  "cv_pr_auc_mean": 0.8933630099280362,
  "cv_pr_auc_std": 0.009018822191966758,
  "cv_average_precision_mean": 0.8936865086322383,
  "cv_average_precision_std": 0.008961403684895446,
  "cv_f1_mean": 0.8281085766942411,
  "cv_f1_std": 0.003360526494781599,
  "cv_accuracy_mean": 0.815842601152291,
  "cv_accuracy_std": 0.011260720643708791,
  "cv_precision_mean": 0.8098225516139831,
  "cv_precision_std": 0.015433739489970141,
  "cv_recall_mean": 0.8476667260901226,
  "cv_recall_std": 0.017088491154502863,
  "cv_specificity_mean": 0.7795075730606337,
  "cv_specificity_std": 0.04156065875624131,
  "cv_brier_score_mean": 0.1421714339009067,
  "cv_brier_score_std": 0.005303636566333157,
  "cv_log_loss_mean": 0.47838058239877096,
  "cv_log_loss_std": 0.056162629161133355,
  "oof_roc_auc": 0.8751338025255712,
  "oof_pr_auc": 0.881614048282702,
  "oof_accuracy": 0.8154098360655738,
  "oof_f1": 0.8269289886258838,
  "samples_with_target": 3050,
  "n_httr_features": 0,
  "n_chemical_features": 163,
  "target_positives": 1596,
  "target_negatives": 1454,
  "target_balance_ratio": 0.9110275689223057,
  "unique_chemicals": 1520,
  "ablation_mode": "structure_only",
  "cell_type_filter": null
}