{
  "target_assay": "TOX21_ERb_BLA_Antagonist_ratio",
  "n_folds": 3,
  "random_state": 21,
  "global_threshold": 0.40429291129112244,
  "cv_roc_auc_mean": 0.8980557278437397,
  "cv_roc_auc_std": 0.01958281678185429,
  "cv_pr_auc_mean": 0.672888299676128,
  "cv_pr_auc_std": 0.06559585045615969,
  "cv_average_precision_mean": 0.6802940411287457,
  "cv_average_precision_std": 0.0626169647749196,
  "cv_f1_mean": 0.7137035643244988,
  "cv_f1_std": 0.01692619834666446,
  "cv_accuracy_mean": 0.8705741123920255,
  "cv_accuracy_std": 0.014176009860095068,
  "cv_precision_mean": 0.623095238095238,
  "cv_precision_std": 0.02927990650890245,
  "cv_recall_mean": 0.8362573099415206,
  "cv_recall_std": 0.01378457350071486,
  "cv_specificity_mean": 0.8786826599326599,
  "cv_specificity_std": 0.01945349525898577,
  "cv_brier_score_mean": 0.10691008440620221,
  "cv_brier_score_std": 0.017411502962229434,
  "cv_log_loss_mean": 0.40531223525301335,
  "cv_log_loss_std": 0.1476054314231406,
  "oof_roc_auc": 0.88118671670325,
  "oof_pr_auc": 0.6453100894087553,
  "oof_accuracy": 0.8656716417910447,
  "oof_f1": 0.6772908366533864,
  "samples_with_target": 603,
  "n_httr_features": 16821,
  "n_chemical_features": 163,
  "target_positives": 116,
  "target_negatives": 487,
  "target_balance_ratio": 0.23819301848049282,
  "unique_chemicals": 596,
  "ablation_mode": "single_cell_httr_structure",
  "cell_type_filter": "U2OS"
}