{
  "target_assay": "TOX21_AR_BLA_Agonist_ratio",
  "n_folds": 3,
  "random_state": 21,
  "global_threshold": 0.664710521697998,
  "cv_roc_auc_mean": 0.9018905918370445,
  "cv_roc_auc_std": 0.022582705568371067,
  "cv_pr_auc_mean": 0.618739043948184,
  "cv_pr_auc_std": 0.041415518107437294,
  "cv_average_precision_mean": 0.6217108574116225,
  "cv_average_precision_std": 0.04097438068742878,
  "cv_f1_mean": 0.6478944490019142,
  "cv_f1_std": 0.005635404801127325,
  "cv_accuracy_mean": 0.9799891147516835,
  "cv_accuracy_std": 0.003178222997223085,
  "cv_precision_mean": 0.8405822935234699,
  "cv_precision_std": 0.05928526534847006,
  "cv_recall_mean": 0.5285428253615128,
  "cv_recall_std": 0.01724090565928748,
  "cv_specificity_mean": 0.9961856726289359,
  "cv_specificity_std": 0.0022269830205496597,
  "cv_brier_score_mean": 0.021965148111042818,
  "cv_brier_score_std": 0.0008218331638954601,
  "cv_log_loss_mean": 0.1136311956607719,
  "cv_log_loss_std": 0.02396309113822167,
  "oof_roc_auc": 0.86553911205074,
  "oof_pr_auc": 0.5874723059790476,
  "oof_accuracy": 0.9767346938775511,
  "oof_f1": 0.6122448979591837,
  "samples_with_target": 2450,
  "n_httr_features": 16821,
  "n_chemical_features": 163,
  "target_positives": 85,
  "target_negatives": 2365,
  "target_balance_ratio": 0.035940803382663845,
  "unique_chemicals": 1192
}