{
  "target_assay": "TOX21_ERa_LUC_VM7_Antagonist_0_1nM_E2",
  "n_folds": 3,
  "random_state": 21,
  "global_threshold": 0.47474953532218933,
  "cv_roc_auc_mean": 0.9371328645830873,
  "cv_roc_auc_std": 0.006204709494695111,
  "cv_pr_auc_mean": 0.7333087767958918,
  "cv_pr_auc_std": 0.07393932915884091,
  "cv_average_precision_mean": 0.7354442894916288,
  "cv_average_precision_std": 0.07290282024717591,
  "cv_f1_mean": 0.7155207537560478,
  "cv_f1_std": 0.05083912123606079,
  "cv_accuracy_mean": 0.9300209738862174,
  "cv_accuracy_std": 0.013226277198614241,
  "cv_precision_mean": 0.6944638694638695,
  "cv_precision_std": 0.09954084483453408,
  "cv_recall_mean": 0.7468819651918244,
  "cv_recall_std": 0.04920409469535852,
  "cv_specificity_mean": 0.9545493311231361,
  "cv_specificity_std": 0.020086289609734482,
  "cv_brier_score_mean": 0.05665129559820547,
  "cv_brier_score_std": 0.005150673715931543,
  "cv_log_loss_mean": 0.229224832605096,
  "cv_log_loss_std": 0.03421232633052174,
  "oof_roc_auc": 0.928573442425131,
  "oof_pr_auc": 0.7267681444579046,
  "oof_accuracy": 0.9322493224932249,
  "oof_f1": 0.7058823529411765,
  "samples_with_target": 1845,
  "n_httr_features": 16821,
  "n_chemical_features": 163,
  "target_positives": 218,
  "target_negatives": 1627,
  "target_balance_ratio": 0.13398893669330056,
  "unique_chemicals": 1266,
  "ablation_mode": "double_cell_httr_structure",
  "cell_type_filter": null,
  "cell_type_filter_1": "MCF7",
  "cell_type_filter_2": "HepRG"
}