{
  "target_assay": "TOX21_RORg_LUC_CHO_Antagonist",
  "n_folds": 3,
  "random_state": 21,
  "global_threshold": 0.6774911880493164,
  "cv_roc_auc_mean": 0.8810004563041868,
  "cv_roc_auc_std": 0.017012274830310186,
  "cv_pr_auc_mean": 0.5963713985054168,
  "cv_pr_auc_std": 0.03364654317015481,
  "cv_average_precision_mean": 0.6017805165256386,
  "cv_average_precision_std": 0.03264829104095736,
  "cv_f1_mean": 0.6411224925309432,
  "cv_f1_std": 0.045784555813423555,
  "cv_accuracy_mean": 0.9210858336481621,
  "cv_accuracy_std": 0.03501136946302209,
  "cv_precision_mean": 0.6717192691029901,
  "cv_precision_std": 0.16620364530268775,
  "cv_recall_mean": 0.6479468599033816,
  "cv_recall_std": 0.10423097153980361,
  "cv_specificity_mean": 0.9519593164126962,
  "cv_specificity_std": 0.047512795231510516,
  "cv_brier_score_mean": 0.06543915804279593,
  "cv_brier_score_std": 0.009745116635759832,
  "cv_log_loss_mean": 0.2456304761093623,
  "cv_log_loss_std": 0.02195955519803606,
  "oof_roc_auc": 0.8632661498708011,
  "oof_pr_auc": 0.5922893825353611,
  "oof_accuracy": 0.9284722222222223,
  "oof_f1": 0.582995951417004,
  "samples_with_target": 1440,
  "n_httr_features": 16821,
  "n_chemical_features": 163,
  "target_positives": 150,
  "target_negatives": 1290,
  "target_balance_ratio": 0.11627906976744186,
  "unique_chemicals": 712,
  "ablation_mode": "double_cell_httr_structure",
  "cell_type_filter": null,
  "cell_type_filter_1": "U2OS",
  "cell_type_filter_2": "HepRG"
}