{
  "target_assay": "TOX21_p450_CYP3A4_Antagonist",
  "n_folds": 3,
  "random_state": 21,
  "global_threshold": 0.30199915170669556,
  "cv_roc_auc_mean": 0.8889457567547817,
  "cv_roc_auc_std": 0.019960999806706705,
  "cv_pr_auc_mean": 0.8455474913058585,
  "cv_pr_auc_std": 0.038651075448143564,
  "cv_average_precision_mean": 0.8463948640968185,
  "cv_average_precision_std": 0.03894430032330466,
  "cv_f1_mean": 0.7922551031870029,
  "cv_f1_std": 0.027254486667437537,
  "cv_accuracy_mean": 0.8274614163121328,
  "cv_accuracy_std": 0.037245754385625364,
  "cv_precision_mean": 0.7655445178607175,
  "cv_precision_std": 0.08980036064088583,
  "cv_recall_mean": 0.832308776494823,
  "cv_recall_std": 0.0709300145831192,
  "cv_specificity_mean": 0.8252110609621147,
  "cv_specificity_std": 0.10166561868954717,
  "cv_brier_score_mean": 0.1305668315104758,
  "cv_brier_score_std": 0.017978499850650437,
  "cv_log_loss_mean": 0.446287630808978,
  "cv_log_loss_std": 0.07721679670081492,
  "oof_roc_auc": 0.8820199451217934,
  "oof_pr_auc": 0.8345329118234136,
  "oof_accuracy": 0.8192546583850931,
  "oof_f1": 0.7833209233060313,
  "samples_with_target": 1610,
  "n_httr_features": 16821,
  "n_chemical_features": 163,
  "target_positives": 632,
  "target_negatives": 978,
  "target_balance_ratio": 0.6462167689161554,
  "unique_chemicals": 1118,
  "ablation_mode": "double_cell_httr_structure",
  "cell_type_filter": null,
  "cell_type_filter_1": "MCF7",
  "cell_type_filter_2": "U2OS"
}