{
  "target_assay": "TOX21_ERR_LUC_Antagonist",
  "n_folds": 3,
  "random_state": 21,
  "global_threshold": 0.4380641579627991,
  "cv_roc_auc_mean": 0.9169390253547984,
  "cv_roc_auc_std": 0.00592285685126741,
  "cv_pr_auc_mean": 0.8199411073268918,
  "cv_pr_auc_std": 0.055517794772581,
  "cv_average_precision_mean": 0.8207495630440014,
  "cv_average_precision_std": 0.05507360756563047,
  "cv_f1_mean": 0.766104599396003,
  "cv_f1_std": 0.051073787655387,
  "cv_accuracy_mean": 0.8904223123560272,
  "cv_accuracy_std": 0.013920928114661776,
  "cv_precision_mean": 0.7393695870416489,
  "cv_precision_std": 0.0729516232394372,
  "cv_recall_mean": 0.7967421467421468,
  "cv_recall_std": 0.03613263202806278,
  "cv_specificity_mean": 0.9167039801496752,
  "cv_specificity_std": 0.021329916694965385,
  "cv_brier_score_mean": 0.09092516177355496,
  "cv_brier_score_std": 0.00720208887039622,
  "cv_log_loss_mean": 0.36781887083556625,
  "cv_log_loss_std": 0.05913459575040328,
  "oof_roc_auc": 0.9028887047083249,
  "oof_pr_auc": 0.8086617919442352,
  "oof_accuracy": 0.8885505481120585,
  "oof_f1": 0.7537012113055181,
  "samples_with_target": 1642,
  "n_httr_features": 16821,
  "n_chemical_features": 163,
  "target_positives": 378,
  "target_negatives": 1264,
  "target_balance_ratio": 0.2990506329113924,
  "unique_chemicals": 1131,
  "ablation_mode": "double_cell_httr_structure",
  "cell_type_filter": null,
  "cell_type_filter_1": "MCF7",
  "cell_type_filter_2": "HepRG"
}