{
  "target_assay": "TOX21_PPARg_BLA_Antagonist_ratio",
  "n_folds": 3,
  "random_state": 21,
  "global_threshold": 0.43965914845466614,
  "cv_roc_auc_mean": 0.8067485620623467,
  "cv_roc_auc_std": 0.018116176501396897,
  "cv_pr_auc_mean": 0.3351477974822085,
  "cv_pr_auc_std": 0.035935820700287974,
  "cv_average_precision_mean": 0.341872453291345,
  "cv_average_precision_std": 0.034372503344741276,
  "cv_f1_mean": 0.41600929493059374,
  "cv_f1_std": 0.01401857805545978,
  "cv_accuracy_mean": 0.8295952783086108,
  "cv_accuracy_std": 0.012744466168569807,
  "cv_precision_mean": 0.32903217655760447,
  "cv_precision_std": 0.036189348258271706,
  "cv_recall_mean": 0.5779968946352647,
  "cv_recall_std": 0.06919479697154236,
  "cv_specificity_mean": 0.8600731372792129,
  "cv_specificity_std": 0.02441656401990023,
  "cv_brier_score_mean": 0.10129296044278015,
  "cv_brier_score_std": 0.015418745133273595,
  "cv_log_loss_mean": 0.32804324224312004,
  "cv_log_loss_std": 0.030831984368273217,
  "oof_roc_auc": 0.8041066433566433,
  "oof_pr_auc": 0.3336202939322061,
  "oof_accuracy": 0.8532520325203252,
  "oof_f1": 0.40916530278232405,
  "samples_with_target": 2460,
  "n_httr_features": 16821,
  "n_chemical_features": 0,
  "target_positives": 260,
  "target_negatives": 2200,
  "target_balance_ratio": 0.11818181818181818,
  "unique_chemicals": 1181,
  "ablation_mode": "httr_only",
  "cell_type_filter": null
}