{
  "target_assay": "TOX21_RAR_LUC_Antagonist",
  "n_folds": 3,
  "random_state": 21,
  "global_threshold": 0.08653780817985535,
  "cv_roc_auc_mean": 0.7582111224131868,
  "cv_roc_auc_std": 0.06337674274153503,
  "cv_pr_auc_mean": 0.2394635873222629,
  "cv_pr_auc_std": 0.04639237943630551,
  "cv_average_precision_mean": 0.25820789770218183,
  "cv_average_precision_std": 0.04877181984202899,
  "cv_f1_mean": 0.3659783557338472,
  "cv_f1_std": 0.048868375704463174,
  "cv_accuracy_mean": 0.7838314689649483,
  "cv_accuracy_std": 0.04703016044037082,
  "cv_precision_mean": 0.2641926464042916,
  "cv_precision_std": 0.04439425804928239,
  "cv_recall_mean": 0.5999548328816622,
  "cv_recall_std": 0.038956659204268204,
  "cv_specificity_mean": 0.8048087390192653,
  "cv_specificity_std": 0.047700627046177384,
  "cv_brier_score_mean": 0.10676956961589075,
  "cv_brier_score_std": 0.005892203620902485,
  "cv_log_loss_mean": 0.3890655846498561,
  "cv_log_loss_std": 0.009363276675916313,
  "oof_roc_auc": 0.7524552354070133,
  "oof_pr_auc": 0.2293564176348454,
  "oof_accuracy": 0.7673808482728465,
  "oof_f1": 0.32997481108312343,
  "samples_with_target": 2287,
  "n_httr_features": 0,
  "n_chemical_features": 163,
  "target_positives": 234,
  "target_negatives": 2053,
  "target_balance_ratio": 0.11397954213346323,
  "unique_chemicals": 1093,
  "ablation_mode": "structure_only",
  "cell_type_filter": null
}