{
  "target_assay": "TOX21_ERa_LUC_VM7_Antagonist_0_1nM_E2",
  "n_folds": 3,
  "random_state": 21,
  "global_threshold": 0.34505918622016907,
  "cv_roc_auc_mean": 0.8329857217027721,
  "cv_roc_auc_std": 0.03622965197217512,
  "cv_pr_auc_mean": 0.4118415200265935,
  "cv_pr_auc_std": 0.07287335816884971,
  "cv_average_precision_mean": 0.42250910253745766,
  "cv_average_precision_std": 0.07086186177980416,
  "cv_f1_mean": 0.5186194442975,
  "cv_f1_std": 0.05604941191613298,
  "cv_accuracy_mean": 0.8835348103851776,
  "cv_accuracy_std": 0.015774860254056267,
  "cv_precision_mean": 0.49365370079655796,
  "cv_precision_std": 0.09103295553054161,
  "cv_recall_mean": 0.5570133570133571,
  "cv_recall_std": 0.08055078929701948,
  "cv_specificity_mean": 0.9251458876730227,
  "cv_specificity_std": 0.025276494207640183,
  "cv_brier_score_mean": 0.1003448553640275,
  "cv_brier_score_std": 0.008482543867908985,
  "cv_log_loss_mean": 0.4057921419204477,
  "cv_log_loss_std": 0.12471304892387408,
  "oof_roc_auc": 0.7967724957236038,
  "oof_pr_auc": 0.3697416382395089,
  "oof_accuracy": 0.8679173047473201,
  "oof_f1": 0.448,
  "samples_with_target": 2612,
  "n_httr_features": 0,
  "n_chemical_features": 163,
  "target_positives": 299,
  "target_negatives": 2313,
  "target_balance_ratio": 0.12926934716817987,
  "unique_chemicals": 1266,
  "ablation_mode": "structure_only",
  "cell_type_filter": null
}