{
  "target_assay": "TOX21_GR_BLA_Agonist_ratio",
  "n_folds": 3,
  "random_state": 21,
  "global_threshold": 0.1830732524394989,
  "cv_roc_auc_mean": 0.870913007267825,
  "cv_roc_auc_std": 0.05271521739529403,
  "cv_pr_auc_mean": 0.3167710433268475,
  "cv_pr_auc_std": 0.19499834435341318,
  "cv_average_precision_mean": 0.32816850770972433,
  "cv_average_precision_std": 0.18802551297517725,
  "cv_f1_mean": 0.40488400488400494,
  "cv_f1_std": 0.1390037899043328,
  "cv_accuracy_mean": 0.958066293942899,
  "cv_accuracy_std": 0.02187805723981155,
  "cv_precision_mean": 0.4121732026143791,
  "cv_precision_std": 0.2510081955213618,
  "cv_recall_mean": 0.5086266390614217,
  "cv_recall_std": 0.19228296624023788,
  "cv_specificity_mean": 0.9712033944552417,
  "cv_specificity_std": 0.029133854303269154,
  "cv_brier_score_mean": 0.025621728699847402,
  "cv_brier_score_std": 0.004340392259999668,
  "cv_log_loss_mean": 0.12926516532082633,
  "cv_log_loss_std": 0.03666416765159213,
  "oof_roc_auc": 0.8203289867760217,
  "oof_pr_auc": 0.2924428107606111,
  "oof_accuracy": 0.9630177514792899,
  "oof_f1": 0.3902439024390244,
  "samples_with_target": 2028,
  "n_httr_features": 16821,
  "n_chemical_features": 163,
  "target_positives": 55,
  "target_negatives": 1973,
  "target_balance_ratio": 0.027876330461226558,
  "unique_chemicals": 1001,
  "ablation_mode": "double_cell_httr_structure",
  "cell_type_filter": null,
  "cell_type_filter_1": "U2OS",
  "cell_type_filter_2": "HepRG"
}