{
  "target_assay": "TOX21_MMP_ratio",
  "n_folds": 3,
  "random_state": 21,
  "global_threshold": 0.4036533534526825,
  "cv_roc_auc_mean": 0.9288387233536702,
  "cv_roc_auc_std": 0.0077178279390789205,
  "cv_pr_auc_mean": 0.7673937922592083,
  "cv_pr_auc_std": 0.009452028598819818,
  "cv_average_precision_mean": 0.7681734917623239,
  "cv_average_precision_std": 0.009408771946784918,
  "cv_f1_mean": 0.7147922707695004,
  "cv_f1_std": 0.008012944722110544,
  "cv_accuracy_mean": 0.9118924140810333,
  "cv_accuracy_std": 0.005680739456547806,
  "cv_precision_mean": 0.7426509699872236,
  "cv_precision_std": 0.02981909516020277,
  "cv_recall_mean": 0.6909779923357419,
  "cv_recall_std": 0.038392425710382094,
  "cv_specificity_mean": 0.9536957755558388,
  "cv_specificity_std": 0.011243436412531832,
  "cv_brier_score_mean": 0.07170896921715854,
  "cv_brier_score_std": 0.006344873087098133,
  "cv_log_loss_mean": 0.2648835638578899,
  "cv_log_loss_std": 0.06002790974729581,
  "oof_roc_auc": 0.9162337056938958,
  "oof_pr_auc": 0.7518391707881569,
  "oof_accuracy": 0.9057591623036649,
  "oof_f1": 0.7034883720930233,
  "samples_with_target": 3247,
  "n_httr_features": 16821,
  "n_chemical_features": 163,
  "target_positives": 519,
  "target_negatives": 2728,
  "target_balance_ratio": 0.19024926686217009,
  "unique_chemicals": 1569
}