{
  "target_assay": "TOX21_p450_CYP1A2_Antagonist",
  "n_folds": 3,
  "random_state": 21,
  "global_threshold": 0.3460492491722107,
  "cv_roc_auc_mean": 0.8188141788524584,
  "cv_roc_auc_std": 0.02514322609437002,
  "cv_pr_auc_mean": 0.8656199283993237,
  "cv_pr_auc_std": 0.03341709482295097,
  "cv_average_precision_mean": 0.8660686249473656,
  "cv_average_precision_std": 0.03335541577735677,
  "cv_f1_mean": 0.8267786410596661,
  "cv_f1_std": 0.05056931761178781,
  "cv_accuracy_mean": 0.7803411868942668,
  "cv_accuracy_std": 0.04137699347445238,
  "cv_precision_mean": 0.7923013951949057,
  "cv_precision_std": 0.04191520617902602,
  "cv_recall_mean": 0.8658775347529607,
  "cv_recall_std": 0.07374836962821267,
  "cv_specificity_mean": 0.633585627909,
  "cv_specificity_std": 0.0829067412089028,
  "cv_brier_score_mean": 0.17359194153213978,
  "cv_brier_score_std": 0.019499037234645095,
  "cv_log_loss_mean": 0.607680452488162,
  "cv_log_loss_std": 0.049228603504859296,
  "oof_roc_auc": 0.8203807070273366,
  "oof_pr_auc": 0.8671206710673998,
  "oof_accuracy": 0.7657657657657657,
  "oof_f1": 0.8229284903518729,
  "samples_with_target": 1332,
  "n_httr_features": 16821,
  "n_chemical_features": 163,
  "target_positives": 822,
  "target_negatives": 510,
  "target_balance_ratio": 0.6204379562043796,
  "unique_chemicals": 655,
  "ablation_mode": "double_cell_httr_structure",
  "cell_type_filter": null,
  "cell_type_filter_1": "U2OS",
  "cell_type_filter_2": "HepRG"
}