{
  "target_assay": "TOX21_ERa_BLA_Agonist_ratio",
  "n_folds": 3,
  "random_state": 21,
  "global_threshold": 0.5658057928085327,
  "cv_roc_auc_mean": 0.900539409148959,
  "cv_roc_auc_std": 0.014343982251572565,
  "cv_pr_auc_mean": 0.5525127794237182,
  "cv_pr_auc_std": 0.05823225000215579,
  "cv_average_precision_mean": 0.5578326357846256,
  "cv_average_precision_std": 0.05650271165181569,
  "cv_f1_mean": 0.607886441873004,
  "cv_f1_std": 0.04750802231116697,
  "cv_accuracy_mean": 0.9687404383584562,
  "cv_accuracy_std": 0.0041968778442113604,
  "cv_precision_mean": 0.590115198810851,
  "cv_precision_std": 0.025085676450000295,
  "cv_recall_mean": 0.6290950040950042,
  "cv_recall_std": 0.07947651581960359,
  "cv_specificity_mean": 0.982201384931836,
  "cv_specificity_std": 0.00416577771202337,
  "cv_brier_score_mean": 0.02785853715256866,
  "cv_brier_score_std": 0.0011025120734619264,
  "cv_log_loss_mean": 0.11726534964146017,
  "cv_log_loss_std": 0.009648623140343461,
  "oof_roc_auc": 0.8839995934996905,
  "oof_pr_auc": 0.5493552148090498,
  "oof_accuracy": 0.9687108886107635,
  "oof_f1": 0.585635359116022,
  "samples_with_target": 2397,
  "n_httr_features": 16821,
  "n_chemical_features": 163,
  "target_positives": 94,
  "target_negatives": 2303,
  "target_balance_ratio": 0.04081632653061224,
  "unique_chemicals": 1660,
  "ablation_mode": "double_cell_httr_structure",
  "cell_type_filter": null,
  "cell_type_filter_1": "MCF7",
  "cell_type_filter_2": "HepRG"
}