{
  "target_assay": "TOX21_CAR_LUC_Agonist",
  "n_folds": 3,
  "random_state": 21,
  "global_threshold": 0.3218809962272644,
  "cv_roc_auc_mean": 0.9269782291671683,
  "cv_roc_auc_std": 0.016697116794626977,
  "cv_pr_auc_mean": 0.5129824798912591,
  "cv_pr_auc_std": 0.06217718706900721,
  "cv_average_precision_mean": 0.5313773932182098,
  "cv_average_precision_std": 0.0480266660169186,
  "cv_f1_mean": 0.5713782748265507,
  "cv_f1_std": 0.033213725318478535,
  "cv_accuracy_mean": 0.9385606207252549,
  "cv_accuracy_std": 0.019290462047955797,
  "cv_precision_mean": 0.5838638373121132,
  "cv_precision_std": 0.03275521984659491,
  "cv_recall_mean": 0.5679513184584178,
  "cv_recall_std": 0.08964048597965256,
  "cv_specificity_mean": 0.9672759518292858,
  "cv_specificity_std": 0.014037040483741093,
  "cv_brier_score_mean": 0.0537624127942102,
  "cv_brier_score_std": 0.013052083597387357,
  "cv_log_loss_mean": 0.20392758867899377,
  "cv_log_loss_std": 0.05898327051681185,
  "oof_roc_auc": 0.904265873015873,
  "oof_pr_auc": 0.5032099904258034,
  "oof_accuracy": 0.9339513325608343,
  "oof_f1": 0.5581395348837209,
  "samples_with_target": 863,
  "n_httr_features": 16821,
  "n_chemical_features": 163,
  "target_positives": 63,
  "target_negatives": 800,
  "target_balance_ratio": 0.07875,
  "unique_chemicals": 855,
  "ablation_mode": "single_cell_httr_structure",
  "cell_type_filter": "U2OS"
}