{
  "target_assay": "TOX21_p450_CYP1A2_Antagonist",
  "n_folds": 3,
  "random_state": 21,
  "global_threshold": 0.03489714488387108,
  "cv_roc_auc_mean": 0.6950115030909386,
  "cv_roc_auc_std": 0.033086262031802066,
  "cv_pr_auc_mean": 0.780036955221347,
  "cv_pr_auc_std": 0.017484546544635392,
  "cv_average_precision_mean": 0.7805253653634635,
  "cv_average_precision_std": 0.017478330839890956,
  "cv_f1_mean": 0.7689485393159368,
  "cv_f1_std": 0.003639401281966565,
  "cv_accuracy_mean": 0.6549464639163441,
  "cv_accuracy_std": 0.03292249922121393,
  "cv_precision_mean": 0.6576285752391658,
  "cv_precision_std": 0.03608091457044461,
  "cv_recall_mean": 0.9311618451592124,
  "cv_recall_std": 0.06411421350295146,
  "cv_specificity_mean": 0.2101476857652926,
  "cv_specificity_std": 0.19502993293943008,
  "cv_brier_score_mean": 0.22411938068905438,
  "cv_brier_score_std": 0.018881078367341333,
  "cv_log_loss_mean": 0.6501472562432998,
  "cv_log_loss_std": 0.05481324873487941,
  "oof_roc_auc": 0.6901642707918823,
  "oof_pr_auc": 0.7752493031758971,
  "oof_accuracy": 0.6166380789022299,
  "oof_f1": 0.7626128518321826,
  "samples_with_target": 2332,
  "n_httr_features": 16821,
  "n_chemical_features": 0,
  "target_positives": 1436,
  "target_negatives": 896,
  "target_balance_ratio": 0.6239554317548747,
  "unique_chemicals": 1138,
  "ablation_mode": "httr_only",
  "cell_type_filter": null
}