{
  "target_assay": "TOX21_SHH_3T3_GLI3_LUC_Antagonist",
  "n_folds": 3,
  "random_state": 21,
  "global_threshold": 0.29547637701034546,
  "cv_roc_auc_mean": 0.8756778905512101,
  "cv_roc_auc_std": 0.0032313694325498883,
  "cv_pr_auc_mean": 0.7040472553120388,
  "cv_pr_auc_std": 0.04981683191897477,
  "cv_average_precision_mean": 0.7071968262872884,
  "cv_average_precision_std": 0.04855765199495598,
  "cv_f1_mean": 0.6783566333717101,
  "cv_f1_std": 0.03732220467990189,
  "cv_accuracy_mean": 0.8567539151994477,
  "cv_accuracy_std": 0.02919101147901754,
  "cv_precision_mean": 0.6683713168860863,
  "cv_precision_std": 0.11254291054619119,
  "cv_recall_mean": 0.704758354623341,
  "cv_recall_std": 0.06850480987228112,
  "cv_specificity_mean": 0.8974774177307867,
  "cv_specificity_std": 0.05264252758625342,
  "cv_brier_score_mean": 0.10732279852894738,
  "cv_brier_score_std": 0.0018778667931689309,
  "cv_log_loss_mean": 0.3551345174279545,
  "cv_log_loss_std": 0.0070936360083063,
  "oof_roc_auc": 0.874080628214345,
  "oof_pr_auc": 0.7000669150415835,
  "oof_accuracy": 0.8357712765957447,
  "oof_f1": 0.6621067031463749,
  "samples_with_target": 1504,
  "n_httr_features": 16821,
  "n_chemical_features": 163,
  "target_positives": 321,
  "target_negatives": 1183,
  "target_balance_ratio": 0.2713440405748098,
  "unique_chemicals": 1039,
  "ablation_mode": "double_cell_httr_structure",
  "cell_type_filter": null,
  "cell_type_filter_1": "MCF7",
  "cell_type_filter_2": "HepRG"
}