{
  "target_assay": "TOX21_PGC_ERR_LUC_Antagonist",
  "n_folds": 3,
  "random_state": 21,
  "global_threshold": 0.43521493673324585,
  "cv_roc_auc_mean": 0.8449694092108228,
  "cv_roc_auc_std": 0.014905811393105775,
  "cv_pr_auc_mean": 0.6097855547646137,
  "cv_pr_auc_std": 0.016238195238453212,
  "cv_average_precision_mean": 0.6118480009427718,
  "cv_average_precision_std": 0.015286363179816099,
  "cv_f1_mean": 0.5906398184018135,
  "cv_f1_std": 0.009151021329941647,
  "cv_accuracy_mean": 0.8802257827729983,
  "cv_accuracy_std": 0.007157502030148147,
  "cv_precision_mean": 0.5667858914654248,
  "cv_precision_std": 0.05654155639782845,
  "cv_recall_mean": 0.6271630955425421,
  "cv_recall_std": 0.07821991273602065,
  "cv_specificity_mean": 0.9227248250408543,
  "cv_specificity_std": 0.013406220280935167,
  "cv_brier_score_mean": 0.08990307223318332,
  "cv_brier_score_std": 0.012607790645812444,
  "cv_log_loss_mean": 0.31762542331230464,
  "cv_log_loss_std": 0.0362408070027999,
  "oof_roc_auc": 0.8466395739047444,
  "oof_pr_auc": 0.6015841385236027,
  "oof_accuracy": 0.8810648346930013,
  "oof_f1": 0.5758039816232772,
  "samples_with_target": 2329,
  "n_httr_features": 16821,
  "n_chemical_features": 0,
  "target_positives": 324,
  "target_negatives": 2005,
  "target_balance_ratio": 0.16159600997506235,
  "unique_chemicals": 1137,
  "ablation_mode": "httr_only",
  "cell_type_filter": null
}