{
  "target_assay": "TOX21_p450_CYP2C9_Antagonist",
  "n_folds": 3,
  "random_state": 21,
  "global_threshold": 0.3313639760017395,
  "cv_roc_auc_mean": 0.8922074034877525,
  "cv_roc_auc_std": 0.025780263183677897,
  "cv_pr_auc_mean": 0.9079423281900304,
  "cv_pr_auc_std": 0.020725399696360978,
  "cv_average_precision_mean": 0.908099373050165,
  "cv_average_precision_std": 0.020672052430134615,
  "cv_f1_mean": 0.838905950356963,
  "cv_f1_std": 0.013618215135784385,
  "cv_accuracy_mean": 0.8237252152122547,
  "cv_accuracy_std": 0.01418510685370469,
  "cv_precision_mean": 0.8157366251411062,
  "cv_precision_std": 0.016087129436409796,
  "cv_recall_mean": 0.8650548006895139,
  "cv_recall_std": 0.0474797940579907,
  "cv_specificity_mean": 0.7784706380202256,
  "cv_specificity_std": 0.019546984555535114,
  "cv_brier_score_mean": 0.14067368240592001,
  "cv_brier_score_std": 0.019975214702464432,
  "cv_log_loss_mean": 0.530346182570932,
  "cv_log_loss_std": 0.13665766479502423,
  "oof_roc_auc": 0.889831092286888,
  "oof_pr_auc": 0.9032351798631829,
  "oof_accuracy": 0.8232857800276115,
  "oof_f1": 0.8363171355498721,
  "samples_with_target": 2173,
  "n_httr_features": 16821,
  "n_chemical_features": 163,
  "target_positives": 1155,
  "target_negatives": 1018,
  "target_balance_ratio": 0.8813852813852814,
  "unique_chemicals": 1519,
  "ablation_mode": "double_cell_httr_structure",
  "cell_type_filter": null,
  "cell_type_filter_1": "MCF7",
  "cell_type_filter_2": "U2OS"
}