{
  "target_assay": "TOX21_ERa_BLA_Antagonist_ratio",
  "n_folds": 3,
  "random_state": 21,
  "global_threshold": 0.38969045877456665,
  "cv_roc_auc_mean": 0.9237128266477889,
  "cv_roc_auc_std": 0.028544104324731777,
  "cv_pr_auc_mean": 0.7129382831077523,
  "cv_pr_auc_std": 0.03267886113266315,
  "cv_average_precision_mean": 0.7157024248909752,
  "cv_average_precision_std": 0.03213845826569725,
  "cv_f1_mean": 0.6734006734006733,
  "cv_f1_std": 0.011663641801810632,
  "cv_accuracy_mean": 0.9283485197136779,
  "cv_accuracy_std": 0.002612686814389406,
  "cv_precision_mean": 0.7127371273712737,
  "cv_precision_std": 0.07979637866848491,
  "cv_recall_mean": 0.6479885057471265,
  "cv_recall_std": 0.07153672002588851,
  "cv_specificity_mean": 0.9656044226350589,
  "cv_specificity_std": 0.011875252098183124,
  "cv_brier_score_mean": 0.061901479594075916,
  "cv_brier_score_std": 0.00673812421462267,
  "cv_log_loss_mean": 0.23715257175524962,
  "cv_log_loss_std": 0.04971497215545949,
  "oof_roc_auc": 0.9213223538687283,
  "oof_pr_auc": 0.6950720335972828,
  "oof_accuracy": 0.9246268656716418,
  "oof_f1": 0.6576271186440678,
  "samples_with_target": 1340,
  "n_httr_features": 16821,
  "n_chemical_features": 163,
  "target_positives": 154,
  "target_negatives": 1186,
  "target_balance_ratio": 0.12984822934232715,
  "unique_chemicals": 665,
  "ablation_mode": "double_cell_httr_structure",
  "cell_type_filter": null,
  "cell_type_filter_1": "U2OS",
  "cell_type_filter_2": "HepRG"
}