{
  "target_assay": "TOX21_SBE_BLA_Antagonist_ratio",
  "n_folds": 3,
  "random_state": 21,
  "global_threshold": 0.3022814095020294,
  "cv_roc_auc_mean": 0.9155204881821541,
  "cv_roc_auc_std": 0.0018142747121625811,
  "cv_pr_auc_mean": 0.7065631377095659,
  "cv_pr_auc_std": 0.03823510736846114,
  "cv_average_precision_mean": 0.7086632256974003,
  "cv_average_precision_std": 0.037633812008653504,
  "cv_f1_mean": 0.6838142700211666,
  "cv_f1_std": 0.02483194191175076,
  "cv_accuracy_mean": 0.9284392884581857,
  "cv_accuracy_std": 0.016010153564112537,
  "cv_precision_mean": 0.6809209690129387,
  "cv_precision_std": 0.0687806928124089,
  "cv_recall_mean": 0.6912894030851776,
  "cv_recall_std": 0.029859795700206266,
  "cv_specificity_mean": 0.9576734549117113,
  "cv_specificity_std": 0.018606174996738705,
  "cv_brier_score_mean": 0.059444942864077865,
  "cv_brier_score_std": 0.00859991169036771,
  "cv_log_loss_mean": 0.25824998365134744,
  "cv_log_loss_std": 0.03605148711154925,
  "oof_roc_auc": 0.9057514698879855,
  "oof_pr_auc": 0.6947557054940342,
  "oof_accuracy": 0.9244244244244244,
  "oof_f1": 0.6575963718820862,
  "samples_with_target": 1998,
  "n_httr_features": 16821,
  "n_chemical_features": 163,
  "target_positives": 221,
  "target_negatives": 1777,
  "target_balance_ratio": 0.12436691052335397,
  "unique_chemicals": 1385,
  "ablation_mode": "double_cell_httr_structure",
  "cell_type_filter": null,
  "cell_type_filter_1": "MCF7",
  "cell_type_filter_2": "HepRG"
}