{
  "target_assay": "TOX21_AP1_BLA_Agonist_ratio",
  "n_folds": 3,
  "random_state": 21,
  "global_threshold": 0.22797514498233795,
  "cv_roc_auc_mean": 0.8029096015459988,
  "cv_roc_auc_std": 0.03387538635092773,
  "cv_pr_auc_mean": 0.288580519730403,
  "cv_pr_auc_std": 0.05714065829879294,
  "cv_average_precision_mean": 0.3048751398580898,
  "cv_average_precision_std": 0.05614627091467008,
  "cv_f1_mean": 0.3901027077497666,
  "cv_f1_std": 0.05252480534049938,
  "cv_accuracy_mean": 0.9559132870507862,
  "cv_accuracy_std": 0.025340266018137145,
  "cv_precision_mean": 0.5524352191018858,
  "cv_precision_std": 0.1405208813826251,
  "cv_recall_mean": 0.31288244766505635,
  "cv_recall_std": 0.07591819845478776,
  "cv_specificity_mean": 0.9848761047247159,
  "cv_specificity_std": 0.015492462969561105,
  "cv_brier_score_mean": 0.04668313327843963,
  "cv_brier_score_std": 0.01456614877616979,
  "cv_log_loss_mean": 0.21827126203435862,
  "cv_log_loss_std": 0.12042813713505537,
  "oof_roc_auc": 0.7222009935040122,
  "oof_pr_auc": 0.2655236816667821,
  "oof_accuracy": 0.9306822327617658,
  "oof_f1": 0.3493150684931507,
  "samples_with_target": 2741,
  "n_httr_features": 0,
  "n_chemical_features": 163,
  "target_positives": 124,
  "target_negatives": 2617,
  "target_balance_ratio": 0.047382499044707684,
  "unique_chemicals": 1323,
  "ablation_mode": "structure_only",
  "cell_type_filter": null
}