{
  "target_assay": "TOX21_AR_BLA_Agonist_ratio",
  "n_folds": 3,
  "random_state": 21,
  "global_threshold": 0.9185648560523987,
  "cv_roc_auc_mean": 0.9076566892848769,
  "cv_roc_auc_std": 0.024171236025822544,
  "cv_pr_auc_mean": 0.5884459041455475,
  "cv_pr_auc_std": 0.022768929902754625,
  "cv_average_precision_mean": 0.5943633388545596,
  "cv_average_precision_std": 0.022813203743655273,
  "cv_f1_mean": 0.6225543172351683,
  "cv_f1_std": 0.015580162332703672,
  "cv_accuracy_mean": 0.9771330241417627,
  "cv_accuracy_std": 0.0036332947188978887,
  "cv_precision_mean": 0.7704826038159371,
  "cv_precision_std": 0.2004734087309795,
  "cv_recall_mean": 0.5459399332591769,
  "cv_recall_std": 0.08198020414631194,
  "cv_specificity_mean": 0.9928243227115408,
  "cv_specificity_std": 0.006525655035103266,
  "cv_brier_score_mean": 0.02479464355668926,
  "cv_brier_score_std": 0.004269563276819462,
  "cv_log_loss_mean": 0.11300669381410029,
  "cv_log_loss_std": 0.012792771645067529,
  "oof_roc_auc": 0.8735804004477056,
  "oof_pr_auc": 0.572250663608094,
  "oof_accuracy": 0.9771428571428571,
  "oof_f1": 0.6056338028169014,
  "samples_with_target": 2450,
  "n_httr_features": 0,
  "n_chemical_features": 163,
  "target_positives": 85,
  "target_negatives": 2365,
  "target_balance_ratio": 0.035940803382663845,
  "unique_chemicals": 1192,
  "ablation_mode": "structure_only",
  "cell_type_filter": null
}