{
  "target_assay": "TOX21_ERa_BLA_Antagonist_ratio",
  "n_folds": 3,
  "random_state": 21,
  "global_threshold": 0.053982362151145935,
  "cv_roc_auc_mean": 0.8582203090080927,
  "cv_roc_auc_std": 0.0245542821157285,
  "cv_pr_auc_mean": 0.48114336225520166,
  "cv_pr_auc_std": 0.1161218109216134,
  "cv_average_precision_mean": 0.48670205410697404,
  "cv_average_precision_std": 0.1145830609913473,
  "cv_f1_mean": 0.49321836846305317,
  "cv_f1_std": 0.08380626000847208,
  "cv_accuracy_mean": 0.8272047672803472,
  "cv_accuracy_std": 0.03281432842767429,
  "cv_precision_mean": 0.38119921408331114,
  "cv_precision_std": 0.08168641262019496,
  "cv_recall_mean": 0.7032429410120212,
  "cv_recall_std": 0.06825782719149069,
  "cv_specificity_mean": 0.843043164777925,
  "cv_specificity_std": 0.03422430189446671,
  "cv_brier_score_mean": 0.09825184150013577,
  "cv_brier_score_std": 0.013303341600613805,
  "cv_log_loss_mean": 0.3590258807104463,
  "cv_log_loss_std": 0.07343088054344757,
  "oof_roc_auc": 0.851123690435958,
  "oof_pr_auc": 0.47739884339548144,
  "oof_accuracy": 0.8088039128501556,
  "oof_f1": 0.4730392156862745,
  "samples_with_target": 2249,
  "n_httr_features": 0,
  "n_chemical_features": 163,
  "target_positives": 269,
  "target_negatives": 1980,
  "target_balance_ratio": 0.13585858585858585,
  "unique_chemicals": 1091,
  "ablation_mode": "structure_only",
  "cell_type_filter": null
}