{
  "target_assay": "TOX21_AChE_Colorimetric_Antagonist",
  "n_folds": 3,
  "random_state": 21,
  "global_threshold": 0.23686082661151886,
  "cv_roc_auc_mean": 0.8861298325893845,
  "cv_roc_auc_std": 0.02128027945577434,
  "cv_pr_auc_mean": 0.47333354167653624,
  "cv_pr_auc_std": 0.0737341705436938,
  "cv_average_precision_mean": 0.4873300692470832,
  "cv_average_precision_std": 0.06813269768896967,
  "cv_f1_mean": 0.5246622143629714,
  "cv_f1_std": 0.08410631269656105,
  "cv_accuracy_mean": 0.9577266123727556,
  "cv_accuracy_std": 0.013389961472627993,
  "cv_precision_mean": 0.4848795526761629,
  "cv_precision_std": 0.06883136260280844,
  "cv_recall_mean": 0.5722865495526527,
  "cv_recall_std": 0.10585259121208196,
  "cv_specificity_mean": 0.9739411245228266,
  "cv_specificity_std": 0.008638371383975815,
  "cv_brier_score_mean": 0.031313599352026183,
  "cv_brier_score_std": 0.008841425336894576,
  "cv_log_loss_mean": 0.13049578767511458,
  "cv_log_loss_std": 0.03052916669167109,
  "oof_roc_auc": 0.8835520767446763,
  "oof_pr_auc": 0.4869045352715481,
  "oof_accuracy": 0.9555862068965517,
  "oof_f1": 0.5222551928783383,
  "samples_with_target": 3625,
  "n_httr_features": 0,
  "n_chemical_features": 163,
  "target_positives": 153,
  "target_negatives": 3472,
  "target_balance_ratio": 0.04406682027649769,
  "unique_chemicals": 1782,
  "ablation_mode": "structure_only",
  "cell_type_filter": null
}