{
  "target_assay": "TOX21_GR_BLA_Agonist_ratio",
  "n_folds": 3,
  "random_state": 21,
  "global_threshold": 0.18829777836799622,
  "cv_roc_auc_mean": 0.9441478216674737,
  "cv_roc_auc_std": 0.007722841713005188,
  "cv_pr_auc_mean": 0.422460762685894,
  "cv_pr_auc_std": 0.12464371102769742,
  "cv_average_precision_mean": 0.4346030368828946,
  "cv_average_precision_std": 0.12564596645633108,
  "cv_f1_mean": 0.4823058069381599,
  "cv_f1_std": 0.12070822309928196,
  "cv_accuracy_mean": 0.9576430083095455,
  "cv_accuracy_std": 0.011645188340534206,
  "cv_precision_mean": 0.4185270049099836,
  "cv_precision_std": 0.16718119910282478,
  "cv_recall_mean": 0.6309500231068859,
  "cv_recall_std": 0.10530527055394011,
  "cv_specificity_mean": 0.9681700851659464,
  "cv_specificity_std": 0.01619999190903748,
  "cv_brier_score_mean": 0.02557865127775111,
  "cv_brier_score_std": 0.003298109027534781,
  "cv_log_loss_mean": 0.0943596582897183,
  "cv_log_loss_std": 0.014871700548469749,
  "oof_roc_auc": 0.9326791155386828,
  "oof_pr_auc": 0.4496656723351763,
  "oof_accuracy": 0.956861133935908,
  "oof_f1": 0.4827586206896552,
  "samples_with_target": 2434,
  "n_httr_features": 16821,
  "n_chemical_features": 163,
  "target_positives": 77,
  "target_negatives": 2357,
  "target_balance_ratio": 0.03266864658464149,
  "unique_chemicals": 1676,
  "ablation_mode": "double_cell_httr_structure",
  "cell_type_filter": null,
  "cell_type_filter_1": "MCF7",
  "cell_type_filter_2": "U2OS"
}