{
  "target_assay": "TOX21_p450_CYP3A4_Antagonist",
  "n_folds": 3,
  "random_state": 21,
  "global_threshold": 0.4014143645763397,
  "cv_roc_auc_mean": 0.836550176636325,
  "cv_roc_auc_std": 0.040737248761434454,
  "cv_pr_auc_mean": 0.7391400783294527,
  "cv_pr_auc_std": 0.049748891475670444,
  "cv_average_precision_mean": 0.7440426012720703,
  "cv_average_precision_std": 0.05085626635512368,
  "cv_f1_mean": 0.7385520747251647,
  "cv_f1_std": 0.07865705333356857,
  "cv_accuracy_mean": 0.7985636938796462,
  "cv_accuracy_std": 0.06126334590358753,
  "cv_precision_mean": 0.7154419275371028,
  "cv_precision_std": 0.10707578711459839,
  "cv_recall_mean": 0.7666405481636444,
  "cv_recall_std": 0.06552268010515631,
  "cv_specificity_mean": 0.8192932705221182,
  "cv_specificity_std": 0.06815550495556856,
  "cv_brier_score_mean": 0.16838326492746938,
  "cv_brier_score_std": 0.03440672672466052,
  "cv_log_loss_mean": 0.5606206055797841,
  "cv_log_loss_std": 0.09900940928012111,
  "oof_roc_auc": 0.825003978990928,
  "oof_pr_auc": 0.7204040760938109,
  "oof_accuracy": 0.7911585365853658,
  "oof_f1": 0.7318982387475538,
  "samples_with_target": 656,
  "n_httr_features": 16821,
  "n_chemical_features": 163,
  "target_positives": 244,
  "target_negatives": 412,
  "target_balance_ratio": 0.5922330097087378,
  "unique_chemicals": 646,
  "ablation_mode": "single_cell_httr_structure",
  "cell_type_filter": "U2OS"
}