{
  "target_assay": "TOX21_ERa_LUC_VM7_Agonist",
  "n_folds": 3,
  "random_state": 21,
  "global_threshold": 0.5565968751907349,
  "cv_roc_auc_mean": 0.8470848351775596,
  "cv_roc_auc_std": 0.011870588842686998,
  "cv_pr_auc_mean": 0.6392358917959625,
  "cv_pr_auc_std": 0.10656436728215193,
  "cv_average_precision_mean": 0.6422539133948005,
  "cv_average_precision_std": 0.10472249937848514,
  "cv_f1_mean": 0.6226755179496947,
  "cv_f1_std": 0.1159970357453606,
  "cv_accuracy_mean": 0.9165137091066821,
  "cv_accuracy_std": 0.03579231415982287,
  "cv_precision_mean": 0.691005291005291,
  "cv_precision_std": 0.2607312977143207,
  "cv_recall_mean": 0.5938009123492994,
  "cv_recall_std": 0.027129493651044237,
  "cv_specificity_mean": 0.9566595330972859,
  "cv_specificity_std": 0.04130777413172381,
  "cv_brier_score_mean": 0.07021713260118644,
  "cv_brier_score_std": 0.011043617289184418,
  "cv_log_loss_mean": 0.2505358590294347,
  "cv_log_loss_std": 0.030328556234602642,
  "oof_roc_auc": 0.8482803254437871,
  "oof_pr_auc": 0.6435563904320672,
  "oof_accuracy": 0.9230769230769231,
  "oof_f1": 0.6129032258064516,
  "samples_with_target": 936,
  "n_httr_features": 16821,
  "n_chemical_features": 163,
  "target_positives": 104,
  "target_negatives": 832,
  "target_balance_ratio": 0.125,
  "unique_chemicals": 913,
  "ablation_mode": "single_cell_httr_structure",
  "cell_type_filter": "MCF7"
}