{
  "target_assay": "TOX21_AP1_BLA_Agonist_ratio",
  "n_folds": 3,
  "random_state": 21,
  "global_threshold": 0.18428120017051697,
  "cv_roc_auc_mean": 0.7643836167848117,
  "cv_roc_auc_std": 0.11350497913068952,
  "cv_pr_auc_mean": 0.20576974440908943,
  "cv_pr_auc_std": 0.06715964293577198,
  "cv_average_precision_mean": 0.21728998738077862,
  "cv_average_precision_std": 0.06297384311118297,
  "cv_f1_mean": 0.29155465949820786,
  "cv_f1_std": 0.063279490431093,
  "cv_accuracy_mean": 0.9085663539776642,
  "cv_accuracy_std": 0.07969186503270671,
  "cv_precision_mean": 0.27475361517914704,
  "cv_precision_std": 0.1106888103316327,
  "cv_recall_mean": 0.3519607843137254,
  "cv_recall_std": 0.05884803411160359,
  "cv_specificity_mean": 0.9324949262449262,
  "cv_specificity_std": 0.07707578169668482,
  "cv_brier_score_mean": 0.047376386546855886,
  "cv_brier_score_std": 0.017270561466734988,
  "cv_log_loss_mean": 0.18750762554170344,
  "cv_log_loss_std": 0.07054533328078641,
  "oof_roc_auc": 0.7611267605633802,
  "oof_pr_auc": 0.19315193154014967,
  "oof_accuracy": 0.9086983343615053,
  "oof_f1": 0.25252525252525254,
  "samples_with_target": 1621,
  "n_httr_features": 16821,
  "n_chemical_features": 163,
  "target_positives": 71,
  "target_negatives": 1550,
  "target_balance_ratio": 0.045806451612903226,
  "unique_chemicals": 801,
  "ablation_mode": "double_cell_httr_structure",
  "cell_type_filter": null,
  "cell_type_filter_1": "U2OS",
  "cell_type_filter_2": "HepRG"
}