{
  "target_assay": "TOX21_HDAC_LUC_Antagonist",
  "n_folds": 3,
  "random_state": 21,
  "global_threshold": 0.13145451247692108,
  "cv_roc_auc_mean": 0.8640257201257352,
  "cv_roc_auc_std": 0.025336827406785865,
  "cv_pr_auc_mean": 0.32607700247597154,
  "cv_pr_auc_std": 0.13462960465517704,
  "cv_average_precision_mean": 0.33230251299262603,
  "cv_average_precision_std": 0.13198339703106143,
  "cv_f1_mean": 0.3809752619165159,
  "cv_f1_std": 0.09749751806470071,
  "cv_accuracy_mean": 0.962437939714763,
  "cv_accuracy_std": 0.015021497312767014,
  "cv_precision_mean": 0.5285493827160493,
  "cv_precision_std": 0.21843234987596627,
  "cv_recall_mean": 0.3185030109604818,
  "cv_recall_std": 0.10307655882615584,
  "cv_specificity_mean": 0.9858486658735268,
  "cv_specificity_std": 0.014631412750072625,
  "cv_brier_score_mean": 0.03709849418162662,
  "cv_brier_score_std": 0.009963599074264196,
  "cv_log_loss_mean": 0.1778388807214227,
  "cv_log_loss_std": 0.06357454849027691,
  "oof_roc_auc": 0.824264073655431,
  "oof_pr_auc": 0.2554480696641237,
  "oof_accuracy": 0.9379151025122726,
  "oof_f1": 0.33436532507739936,
  "samples_with_target": 3463,
  "n_httr_features": 16821,
  "n_chemical_features": 163,
  "target_positives": 124,
  "target_negatives": 3339,
  "target_balance_ratio": 0.03713686732554657,
  "unique_chemicals": 1708
}