{
  "target_assay": "TOX21_ARE_BLA_Agonist_ratio",
  "n_folds": 3,
  "random_state": 21,
  "global_threshold": 0.1344791054725647,
  "cv_roc_auc_mean": 0.9133568870008096,
  "cv_roc_auc_std": 0.023256656752700233,
  "cv_pr_auc_mean": 0.693825416154145,
  "cv_pr_auc_std": 0.028685085832244103,
  "cv_average_precision_mean": 0.6983558240881026,
  "cv_average_precision_std": 0.024158000179435545,
  "cv_f1_mean": 0.6449375731271186,
  "cv_f1_std": 0.0201267987839016,
  "cv_accuracy_mean": 0.9196563393107885,
  "cv_accuracy_std": 0.004658146011174305,
  "cv_precision_mean": 0.7792950513538749,
  "cv_precision_std": 0.027136042588425703,
  "cv_recall_mean": 0.5501045400238949,
  "cv_recall_std": 0.01584073366979758,
  "cv_specificity_mean": 0.9762715900968115,
  "cv_specificity_std": 0.0004002803246131643,
  "cv_brier_score_mean": 0.0768900978300237,
  "cv_brier_score_std": 0.0009425903094729203,
  "cv_log_loss_mean": 0.3006094568890331,
  "cv_log_loss_std": 0.0349974332930439,
  "oof_roc_auc": 0.9118532354186124,
  "oof_pr_auc": 0.6835672921769218,
  "oof_accuracy": 0.8834890965732087,
  "oof_f1": 0.626746506986028,
  "samples_with_target": 1605,
  "n_httr_features": 16821,
  "n_chemical_features": 163,
  "target_positives": 214,
  "target_negatives": 1391,
  "target_balance_ratio": 0.15384615384615385,
  "unique_chemicals": 1095,
  "ablation_mode": "double_cell_httr_structure",
  "cell_type_filter": null,
  "cell_type_filter_1": "MCF7",
  "cell_type_filter_2": "U2OS"
}