{
  "target_assay": "TOX21_PGC_ERR_LUC_Antagonist",
  "n_folds": 3,
  "random_state": 21,
  "global_threshold": 0.5587877631187439,
  "cv_roc_auc_mean": 0.8442798845237869,
  "cv_roc_auc_std": 0.01307411454269399,
  "cv_pr_auc_mean": 0.5926323862463746,
  "cv_pr_auc_std": 0.025625447732304973,
  "cv_average_precision_mean": 0.5984539544534311,
  "cv_average_precision_std": 0.024056310300111326,
  "cv_f1_mean": 0.5723921507350548,
  "cv_f1_std": 0.006886948258280693,
  "cv_accuracy_mean": 0.8934216910544192,
  "cv_accuracy_std": 0.018332394952730386,
  "cv_precision_mean": 0.6492656449553001,
  "cv_precision_std": 0.1964280868687628,
  "cv_recall_mean": 0.5517676767676768,
  "cv_recall_std": 0.11084535481660905,
  "cv_specificity_mean": 0.9464665415884929,
  "cv_specificity_std": 0.03810514315982535,
  "cv_brier_score_mean": 0.08759472021607334,
  "cv_brier_score_std": 0.011774778582015496,
  "cv_log_loss_mean": 0.33107978333712085,
  "cv_log_loss_std": 0.06303441788661161,
  "oof_roc_auc": 0.821064425770308,
  "oof_pr_auc": 0.5659808914550417,
  "oof_accuracy": 0.8978102189781022,
  "oof_f1": 0.5454545454545454,
  "samples_with_target": 685,
  "n_httr_features": 16821,
  "n_chemical_features": 163,
  "target_positives": 90,
  "target_negatives": 595,
  "target_balance_ratio": 0.15126050420168066,
  "unique_chemicals": 679,
  "ablation_mode": "single_cell_httr_structure",
  "cell_type_filter": "HepRG"
}