{
  "target_assay": "TOX21_PPARg_BLA_Antagonist_ratio",
  "n_folds": 3,
  "random_state": 21,
  "global_threshold": 0.08615808188915253,
  "cv_roc_auc_mean": 0.8122293311929131,
  "cv_roc_auc_std": 0.020426498637306348,
  "cv_pr_auc_mean": 0.3974175375409903,
  "cv_pr_auc_std": 0.12609139915539858,
  "cv_average_precision_mean": 0.4099246708272924,
  "cv_average_precision_std": 0.12130526233183092,
  "cv_f1_mean": 0.47559966914805624,
  "cv_f1_std": 0.11128816329278486,
  "cv_accuracy_mean": 0.892939293310944,
  "cv_accuracy_std": 0.055092313931588546,
  "cv_precision_mean": 0.5135477582846004,
  "cv_precision_std": 0.20653302017234101,
  "cv_recall_mean": 0.4664805954279639,
  "cv_recall_std": 0.11305104955659766,
  "cv_specificity_mean": 0.9364032278724221,
  "cv_specificity_std": 0.055473657521308284,
  "cv_brier_score_mean": 0.07951553466988724,
  "cv_brier_score_std": 0.030130629883528916,
  "cv_log_loss_mean": 0.3193753048997377,
  "cv_log_loss_std": 0.09432525035700538,
  "oof_roc_auc": 0.8123409669211196,
  "oof_pr_auc": 0.3625287662377927,
  "oof_accuracy": 0.8569463548830811,
  "oof_f1": 0.4222222222222222,
  "samples_with_target": 727,
  "n_httr_features": 16821,
  "n_chemical_features": 163,
  "target_positives": 72,
  "target_negatives": 655,
  "target_balance_ratio": 0.1099236641221374,
  "unique_chemicals": 717,
  "ablation_mode": "single_cell_httr_structure",
  "cell_type_filter": "HepRG"
}