{
  "target_assay": "TOX21_CAR_LUC_Agonist",
  "n_folds": 3,
  "random_state": 21,
  "global_threshold": 0.07374535501003265,
  "cv_roc_auc_mean": 0.891651972088206,
  "cv_roc_auc_std": 0.029881205664778393,
  "cv_pr_auc_mean": 0.4613695284457648,
  "cv_pr_auc_std": 0.17614710903488004,
  "cv_average_precision_mean": 0.47778555639006237,
  "cv_average_precision_std": 0.16112310269645236,
  "cv_f1_mean": 0.5044398200544381,
  "cv_f1_std": 0.07619814652666948,
  "cv_accuracy_mean": 0.924713357850448,
  "cv_accuracy_std": 0.014200422642704354,
  "cv_precision_mean": 0.5335097001763668,
  "cv_precision_std": 0.23063463134294573,
  "cv_recall_mean": 0.5311363636363636,
  "cv_recall_std": 0.08019443056855556,
  "cv_specificity_mean": 0.9566086282111245,
  "cv_specificity_std": 0.028377082957957687,
  "cv_brier_score_mean": 0.059408098698918055,
  "cv_brier_score_std": 0.004870221421562695,
  "cv_log_loss_mean": 0.22317172132847984,
  "cv_log_loss_std": 0.032956997658378645,
  "oof_roc_auc": 0.8902777777777777,
  "oof_pr_auc": 0.43458812088941623,
  "oof_accuracy": 0.8922363847045192,
  "oof_f1": 0.4861878453038674,
  "samples_with_target": 863,
  "n_httr_features": 16821,
  "n_chemical_features": 163,
  "target_positives": 63,
  "target_negatives": 800,
  "target_balance_ratio": 0.07875,
  "unique_chemicals": 855,
  "ablation_mode": "single_cell_httr_structure",
  "cell_type_filter": "HepRG"
}