{
  "target_assay": "TOX21_p450_CYP3A4_Antagonist",
  "n_folds": 3,
  "random_state": 21,
  "global_threshold": 0.4759034812450409,
  "cv_roc_auc_mean": 0.8292335729668171,
  "cv_roc_auc_std": 0.05515035152165066,
  "cv_pr_auc_mean": 0.7358408874064559,
  "cv_pr_auc_std": 0.05803295330704269,
  "cv_average_precision_mean": 0.7396260205538097,
  "cv_average_precision_std": 0.05694536505755447,
  "cv_f1_mean": 0.741379738730732,
  "cv_f1_std": 0.04618045044770902,
  "cv_accuracy_mean": 0.7956670241073911,
  "cv_accuracy_std": 0.05668965607505246,
  "cv_precision_mean": 0.7134173730348475,
  "cv_precision_std": 0.07665425143742965,
  "cv_recall_mean": 0.7742753270603617,
  "cv_recall_std": 0.023809580796281985,
  "cv_specificity_mean": 0.8056432229561487,
  "cv_specificity_std": 0.08802993828542878,
  "cv_brier_score_mean": 0.16747671069564365,
  "cv_brier_score_std": 0.03845383425202148,
  "cv_log_loss_mean": 0.5957569746684106,
  "cv_log_loss_std": 0.17534010206059414,
  "oof_roc_auc": 0.8249072633720235,
  "oof_pr_auc": 0.7160261910763204,
  "oof_accuracy": 0.7984732824427481,
  "oof_f1": 0.7261410788381742,
  "samples_with_target": 655,
  "n_httr_features": 16821,
  "n_chemical_features": 163,
  "target_positives": 244,
  "target_negatives": 411,
  "target_balance_ratio": 0.5936739659367397,
  "unique_chemicals": 645,
  "ablation_mode": "single_cell_httr_structure",
  "cell_type_filter": "HepRG"
}