{
  "target_assay": "TOX21_FXR_BLA_Antagonist_ratio",
  "n_folds": 3,
  "random_state": 21,
  "global_threshold": 0.37800294160842896,
  "cv_roc_auc_mean": 0.9156118801759668,
  "cv_roc_auc_std": 0.0073694930039958665,
  "cv_pr_auc_mean": 0.5870870282891198,
  "cv_pr_auc_std": 0.027049171772057096,
  "cv_average_precision_mean": 0.5934840369698432,
  "cv_average_precision_std": 0.023329154296087878,
  "cv_f1_mean": 0.6092955700798838,
  "cv_f1_std": 0.022817992414470318,
  "cv_accuracy_mean": 0.9083929427343552,
  "cv_accuracy_std": 0.01430391218725912,
  "cv_precision_mean": 0.5052977027660571,
  "cv_precision_std": 0.010557710692911946,
  "cv_recall_mean": 0.7688620747444278,
  "cv_recall_std": 0.059937232597322254,
  "cv_specificity_mean": 0.9218110795038602,
  "cv_specificity_std": 0.019534710193024885,
  "cv_brier_score_mean": 0.062071692493230364,
  "cv_brier_score_std": 0.007580440184153422,
  "cv_log_loss_mean": 0.21996773951268034,
  "cv_log_loss_std": 0.0057097786385515705,
  "oof_roc_auc": 0.9068641299374107,
  "oof_pr_auc": 0.5729223426941153,
  "oof_accuracy": 0.9186991869918699,
  "oof_f1": 0.6045197740112994,
  "samples_with_target": 1722,
  "n_httr_features": 16821,
  "n_chemical_features": 163,
  "target_positives": 161,
  "target_negatives": 1561,
  "target_balance_ratio": 0.1031390134529148,
  "unique_chemicals": 1180,
  "ablation_mode": "double_cell_httr_structure",
  "cell_type_filter": null,
  "cell_type_filter_1": "MCF7",
  "cell_type_filter_2": "U2OS"
}