{
  "target_assay": "TOX21_PGC_ERR_LUC_Antagonist",
  "n_folds": 3,
  "random_state": 21,
  "global_threshold": 0.31370702385902405,
  "cv_roc_auc_mean": 0.8611806953606324,
  "cv_roc_auc_std": 0.009911166073789758,
  "cv_pr_auc_mean": 0.6043714014919267,
  "cv_pr_auc_std": 0.09433120582656694,
  "cv_average_precision_mean": 0.6115563669309788,
  "cv_average_precision_std": 0.08964125954263981,
  "cv_f1_mean": 0.6196304318255538,
  "cv_f1_std": 0.06946190997363659,
  "cv_accuracy_mean": 0.896430387910188,
  "cv_accuracy_std": 0.019811293878731026,
  "cv_precision_mean": 0.5944899817850637,
  "cv_precision_std": 0.09133699700781368,
  "cv_recall_mean": 0.6511046133853151,
  "cv_recall_std": 0.06457807041759395,
  "cv_specificity_mean": 0.9316914209377622,
  "cv_specificity_std": 0.02317431866589482,
  "cv_brier_score_mean": 0.0809600340443581,
  "cv_brier_score_std": 0.006404944357204567,
  "cv_log_loss_mean": 0.3166491877245535,
  "cv_log_loss_std": 0.04441429853056278,
  "oof_roc_auc": 0.8462169978542775,
  "oof_pr_auc": 0.5978153740298363,
  "oof_accuracy": 0.8920495988329686,
  "oof_f1": 0.6021505376344086,
  "samples_with_target": 1371,
  "n_httr_features": 16821,
  "n_chemical_features": 163,
  "target_positives": 180,
  "target_negatives": 1191,
  "target_balance_ratio": 0.15113350125944586,
  "unique_chemicals": 680,
  "ablation_mode": "double_cell_httr_structure",
  "cell_type_filter": null,
  "cell_type_filter_1": "U2OS",
  "cell_type_filter_2": "HepRG"
}