{
  "target_assay": "TOX21_p450_CYP2C9_Antagonist",
  "n_folds": 3,
  "random_state": 21,
  "global_threshold": 0.35376474261283875,
  "cv_roc_auc_mean": 0.8228792261370054,
  "cv_roc_auc_std": 0.014465363894562716,
  "cv_pr_auc_mean": 0.8413264567347096,
  "cv_pr_auc_std": 0.013100306980340839,
  "cv_average_precision_mean": 0.8416547164913791,
  "cv_average_precision_std": 0.012960938361875726,
  "cv_f1_mean": 0.7729978414645086,
  "cv_f1_std": 0.0037533199292995663,
  "cv_accuracy_mean": 0.7637319662716755,
  "cv_accuracy_std": 0.02261520045358496,
  "cv_precision_mean": 0.7808625759033822,
  "cv_precision_std": 0.04090363304116991,
  "cv_recall_mean": 0.7677980896230182,
  "cv_recall_std": 0.03619204190346761,
  "cv_specificity_mean": 0.7567455449563382,
  "cv_specificity_std": 0.0877901543525252,
  "cv_brier_score_mean": 0.1697914583849929,
  "cv_brier_score_std": 0.007754831287395664,
  "cv_log_loss_mean": 0.5253973618256033,
  "cv_log_loss_std": 0.015123544586372939,
  "oof_roc_auc": 0.8229264702333552,
  "oof_pr_auc": 0.8411094018069434,
  "oof_accuracy": 0.7498360655737705,
  "oof_f1": 0.7694167422181928,
  "samples_with_target": 3050,
  "n_httr_features": 16821,
  "n_chemical_features": 0,
  "target_positives": 1596,
  "target_negatives": 1454,
  "target_balance_ratio": 0.9110275689223057,
  "unique_chemicals": 1520,
  "ablation_mode": "httr_only",
  "cell_type_filter": null
}