{
  "target_assay": "TOX21_ARE_BLA_Agonist_ratio",
  "n_folds": 3,
  "random_state": 21,
  "global_threshold": 0.5360139608383179,
  "cv_roc_auc_mean": 0.8617747585233627,
  "cv_roc_auc_std": 0.03719147086836222,
  "cv_pr_auc_mean": 0.5697584838827395,
  "cv_pr_auc_std": 0.0478978646740292,
  "cv_average_precision_mean": 0.5737451866185457,
  "cv_average_precision_std": 0.047532427723324125,
  "cv_f1_mean": 0.6127155727155728,
  "cv_f1_std": 0.05568447514166982,
  "cv_accuracy_mean": 0.895629238780168,
  "cv_accuracy_std": 0.0178816302981525,
  "cv_precision_mean": 0.5813279857397505,
  "cv_precision_std": 0.03296703978669547,
  "cv_recall_mean": 0.6498041507211915,
  "cv_recall_std": 0.08827822250395248,
  "cv_specificity_mean": 0.9313602015981353,
  "cv_specificity_std": 0.013293697792248977,
  "cv_brier_score_mean": 0.0847003063004046,
  "cv_brier_score_std": 0.015095937292341608,
  "cv_log_loss_mean": 0.2946683529474174,
  "cv_log_loss_std": 0.04592991642760453,
  "oof_roc_auc": 0.8590388415249203,
  "oof_pr_auc": 0.5557856205169612,
  "oof_accuracy": 0.8981930365799912,
  "oof_f1": 0.611764705882353,
  "samples_with_target": 2269,
  "n_httr_features": 16821,
  "n_chemical_features": 0,
  "target_positives": 293,
  "target_negatives": 1976,
  "target_balance_ratio": 0.14827935222672065,
  "unique_chemicals": 1095,
  "ablation_mode": "httr_only",
  "cell_type_filter": null
}