{
  "target_assay": "TOX21_PPARg_BLA_Antagonist_ratio",
  "n_folds": 3,
  "random_state": 21,
  "global_threshold": 0.2884845733642578,
  "cv_roc_auc_mean": 0.8598231383573336,
  "cv_roc_auc_std": 0.012463026744887265,
  "cv_pr_auc_mean": 0.42193991521633545,
  "cv_pr_auc_std": 0.033467324570751196,
  "cv_average_precision_mean": 0.4408351731533852,
  "cv_average_precision_std": 0.025970704630102315,
  "cv_f1_mean": 0.4969198281829716,
  "cv_f1_std": 0.011473635412744149,
  "cv_accuracy_mean": 0.8859571873729847,
  "cv_accuracy_std": 0.03454648723053928,
  "cv_precision_mean": 0.4712209094163981,
  "cv_precision_std": 0.09001290813931638,
  "cv_recall_mean": 0.5681818181818182,
  "cv_recall_std": 0.1590909090909091,
  "cv_specificity_mean": 0.9206144008896303,
  "cv_specificity_std": 0.054857740997328604,
  "cv_brier_score_mean": 0.08241426088940979,
  "cv_brier_score_std": 0.0049655863418996814,
  "cv_log_loss_mean": 0.30593989669005955,
  "cv_log_loss_std": 0.08019824739711424,
  "oof_roc_auc": 0.8081597222222221,
  "oof_pr_auc": 0.41414106837858505,
  "oof_accuracy": 0.8708791208791209,
  "oof_f1": 0.4835164835164835,
  "samples_with_target": 728,
  "n_httr_features": 16821,
  "n_chemical_features": 163,
  "target_positives": 72,
  "target_negatives": 656,
  "target_balance_ratio": 0.10975609756097561,
  "unique_chemicals": 718,
  "ablation_mode": "single_cell_httr_structure",
  "cell_type_filter": "U2OS"
}