{
  "target_assay": "TOX21_PR_BLA_Antagonist_ratio",
  "n_folds": 3,
  "random_state": 21,
  "global_threshold": 0.3443373739719391,
  "cv_roc_auc_mean": 0.9462874941905115,
  "cv_roc_auc_std": 0.010147092209688341,
  "cv_pr_auc_mean": 0.9001182067979472,
  "cv_pr_auc_std": 0.02578106988831538,
  "cv_average_precision_mean": 0.9005490914224094,
  "cv_average_precision_std": 0.025578115705679,
  "cv_f1_mean": 0.8520661909693761,
  "cv_f1_std": 0.022124291841649317,
  "cv_accuracy_mean": 0.8951551421244693,
  "cv_accuracy_std": 0.017193197739434913,
  "cv_precision_mean": 0.8206525119519329,
  "cv_precision_std": 0.041774278273101435,
  "cv_recall_mean": 0.8871603610065147,
  "cv_recall_std": 0.021625744096024486,
  "cv_specificity_mean": 0.8996787129234036,
  "cv_specificity_std": 0.025596529677933022,
  "cv_brier_score_mean": 0.08465185235607409,
  "cv_brier_score_std": 0.010669974751426715,
  "cv_log_loss_mean": 0.2985526747878355,
  "cv_log_loss_std": 0.04595192655041757,
  "oof_roc_auc": 0.9438254165236449,
  "oof_pr_auc": 0.8874134925502377,
  "oof_accuracy": 0.8917779339423753,
  "oof_f1": 0.8475247524752475,
  "samples_with_target": 1423,
  "n_httr_features": 16821,
  "n_chemical_features": 163,
  "target_positives": 484,
  "target_negatives": 939,
  "target_balance_ratio": 0.5154419595314164,
  "unique_chemicals": 979,
  "ablation_mode": "double_cell_httr_structure",
  "cell_type_filter": null,
  "cell_type_filter_1": "MCF7",
  "cell_type_filter_2": "U2OS"
}