{
  "target_assay": "TOX21_PPARg_BLA_Antagonist_ratio",
  "n_folds": 3,
  "random_state": 21,
  "global_threshold": 0.04650450125336647,
  "cv_roc_auc_mean": 0.8635445520171428,
  "cv_roc_auc_std": 0.0019720162184745454,
  "cv_pr_auc_mean": 0.44926164585513045,
  "cv_pr_auc_std": 0.014974423958437458,
  "cv_average_precision_mean": 0.45636284294042184,
  "cv_average_precision_std": 0.014229084209550998,
  "cv_f1_mean": 0.4900173005011715,
  "cv_f1_std": 0.019153224278199106,
  "cv_accuracy_mean": 0.8355216286616401,
  "cv_accuracy_std": 0.03365711950391961,
  "cv_precision_mean": 0.3723392240834101,
  "cv_precision_std": 0.02877300304609748,
  "cv_recall_mean": 0.7278654970760234,
  "cv_recall_std": 0.0893883465298016,
  "cv_specificity_mean": 0.8474141885306388,
  "cv_specificity_std": 0.04621365630866949,
  "cv_brier_score_mean": 0.0918667929000992,
  "cv_brier_score_std": 0.0174694302001654,
  "cv_log_loss_mean": 0.3727609270335744,
  "cv_log_loss_std": 0.09541089192625297,
  "oof_roc_auc": 0.856231396758902,
  "oof_pr_auc": 0.4364693098132191,
  "oof_accuracy": 0.8250577367205543,
  "oof_f1": 0.46181172291296624,
  "samples_with_target": 1732,
  "n_httr_features": 16821,
  "n_chemical_features": 163,
  "target_positives": 188,
  "target_negatives": 1544,
  "target_balance_ratio": 0.12176165803108809,
  "unique_chemicals": 1181,
  "ablation_mode": "double_cell_httr_structure",
  "cell_type_filter": null,
  "cell_type_filter_1": "MCF7",
  "cell_type_filter_2": "HepRG"
}