{
  "target_assay": "TOX21_GR_BLA_Antagonist_ratio",
  "n_folds": 3,
  "random_state": 21,
  "global_threshold": 0.46528559923171997,
  "cv_roc_auc_mean": 0.9435351400991102,
  "cv_roc_auc_std": 0.016446696442514477,
  "cv_pr_auc_mean": 0.6135063755892173,
  "cv_pr_auc_std": 0.09923559263013519,
  "cv_average_precision_mean": 0.6220801845507701,
  "cv_average_precision_std": 0.09614866661610919,
  "cv_f1_mean": 0.636904761904762,
  "cv_f1_std": 0.07216878364870324,
  "cv_accuracy_mean": 0.9216575437575955,
  "cv_accuracy_std": 0.0219171180201499,
  "cv_precision_mean": 0.5895956098252435,
  "cv_precision_std": 0.20199866646133835,
  "cv_recall_mean": 0.7717704517704518,
  "cv_recall_std": 0.16707642473892803,
  "cv_specificity_mean": 0.9395533551633117,
  "cv_specificity_std": 0.042214178958725534,
  "cv_brier_score_mean": 0.055118207911014544,
  "cv_brier_score_std": 0.005875744025311418,
  "cv_log_loss_mean": 0.19832401806091748,
  "cv_log_loss_std": 0.04242681155488045,
  "oof_roc_auc": 0.9131596526386104,
  "oof_pr_auc": 0.6051787658143668,
  "oof_accuracy": 0.9252506836827712,
  "oof_f1": 0.6095238095238096,
  "samples_with_target": 1097,
  "n_httr_features": 16821,
  "n_chemical_features": 163,
  "target_positives": 99,
  "target_negatives": 998,
  "target_balance_ratio": 0.09919839679358718,
  "unique_chemicals": 1075,
  "ablation_mode": "single_cell_httr_structure",
  "cell_type_filter": "MCF7"
}