{
  "target_assay": "TOX21_ERa_LUC_VM7_Agonist",
  "n_folds": 3,
  "random_state": 21,
  "global_threshold": 0.3884701728820801,
  "cv_roc_auc_mean": 0.8177650620570595,
  "cv_roc_auc_std": 0.03314258272845806,
  "cv_pr_auc_mean": 0.5396312322696168,
  "cv_pr_auc_std": 0.016608859549593933,
  "cv_average_precision_mean": 0.5430106006727327,
  "cv_average_precision_std": 0.016751119384513947,
  "cv_f1_mean": 0.5621978458091041,
  "cv_f1_std": 0.03706145307513534,
  "cv_accuracy_mean": 0.8947489173010741,
  "cv_accuracy_std": 0.029101063075876153,
  "cv_precision_mean": 0.5301967038809144,
  "cv_precision_std": 0.07666464993293594,
  "cv_recall_mean": 0.610364255765199,
  "cv_recall_std": 0.0671166397386394,
  "cv_specificity_mean": 0.9293265500784332,
  "cv_specificity_std": 0.03496076643611095,
  "cv_brier_score_mean": 0.0749065471749128,
  "cv_brier_score_std": 0.00660926180621293,
  "cv_log_loss_mean": 0.2847262687640109,
  "cv_log_loss_std": 0.023705303474571875,
  "oof_roc_auc": 0.8179166715472105,
  "oof_pr_auc": 0.5325489315218085,
  "oof_accuracy": 0.9051724137931034,
  "oof_f1": 0.5470588235294118,
  "samples_with_target": 1624,
  "n_httr_features": 16821,
  "n_chemical_features": 163,
  "target_positives": 177,
  "target_negatives": 1447,
  "target_balance_ratio": 0.12232204561161023,
  "unique_chemicals": 1123,
  "ablation_mode": "double_cell_httr_structure",
  "cell_type_filter": null,
  "cell_type_filter_1": "MCF7",
  "cell_type_filter_2": "U2OS"
}