{
  "target_assay": "TOX21_TR_LUC_GH3_Antagonist",
  "n_folds": 3,
  "random_state": 21,
  "global_threshold": 0.024055125191807747,
  "cv_roc_auc_mean": 0.7400598421186656,
  "cv_roc_auc_std": 0.05022216810803936,
  "cv_pr_auc_mean": 0.37003399721412844,
  "cv_pr_auc_std": 0.04087763411642836,
  "cv_average_precision_mean": 0.38802053769121364,
  "cv_average_precision_std": 0.04652011993166323,
  "cv_f1_mean": 0.4567479674796748,
  "cv_f1_std": 0.058455906461180575,
  "cv_accuracy_mean": 0.8235710354587624,
  "cv_accuracy_std": 0.0632998921067441,
  "cv_precision_mean": 0.5020964360587002,
  "cv_precision_std": 0.1635320912875278,
  "cv_recall_mean": 0.5127272727272728,
  "cv_recall_std": 0.26753851966423875,
  "cv_specificity_mean": 0.8819106590004423,
  "cv_specificity_std": 0.12117130494339742,
  "cv_brier_score_mean": 0.1441446237632027,
  "cv_brier_score_std": 0.010955985608247716,
  "cv_log_loss_mean": 0.6181998375782508,
  "cv_log_loss_std": 0.04959181089055098,
  "oof_roc_auc": 0.7390946502057614,
  "oof_pr_auc": 0.35977633353085625,
  "oof_accuracy": 0.7023060796645703,
  "oof_f1": 0.4083333333333333,
  "samples_with_target": 477,
  "n_httr_features": 16821,
  "n_chemical_features": 163,
  "target_positives": 72,
  "target_negatives": 405,
  "target_balance_ratio": 0.17777777777777778,
  "unique_chemicals": 471,
  "ablation_mode": "single_cell_httr_structure",
  "cell_type_filter": "HepRG"
}