{
  "target_assay": "TOX21_AR_BLA_Agonist_ratio",
  "n_folds": 3,
  "random_state": 21,
  "global_threshold": 0.8696246147155762,
  "cv_roc_auc_mean": 0.7444491811126417,
  "cv_roc_auc_std": 0.045768631991950165,
  "cv_pr_auc_mean": 0.242199942626546,
  "cv_pr_auc_std": 0.04761493034574482,
  "cv_average_precision_mean": 0.25177466845620783,
  "cv_average_precision_std": 0.04289680356145162,
  "cv_f1_mean": 0.33151889597446543,
  "cv_f1_std": 0.046068486459791703,
  "cv_accuracy_mean": 0.9413327079345112,
  "cv_accuracy_std": 0.026407355847715558,
  "cv_precision_mean": 0.35047428062133945,
  "cv_precision_std": 0.19021545692105624,
  "cv_recall_mean": 0.4117167222840193,
  "cv_recall_std": 0.16531982158357791,
  "cv_specificity_mean": 0.9609178483519507,
  "cv_specificity_std": 0.035150982862643544,
  "cv_brier_score_mean": 0.07046414414898224,
  "cv_brier_score_std": 0.022402349079789892,
  "cv_log_loss_mean": 0.24219429646277693,
  "cv_log_loss_std": 0.06278996696296099,
  "oof_roc_auc": 0.7470065912199975,
  "oof_pr_auc": 0.2287943502825517,
  "oof_accuracy": 0.963265306122449,
  "oof_f1": 0.2857142857142857,
  "samples_with_target": 2450,
  "n_httr_features": 16821,
  "n_chemical_features": 0,
  "target_positives": 85,
  "target_negatives": 2365,
  "target_balance_ratio": 0.035940803382663845,
  "unique_chemicals": 1192,
  "ablation_mode": "httr_only",
  "cell_type_filter": null
}