{
  "target_assay": "TOX21_SHH_3T3_GLI3_LUC_Antagonist",
  "n_folds": 3,
  "random_state": 21,
  "global_threshold": 0.18737637996673584,
  "cv_roc_auc_mean": 0.7885830079158099,
  "cv_roc_auc_std": 0.06082020536743201,
  "cv_pr_auc_mean": 0.5359625979232382,
  "cv_pr_auc_std": 0.09127695954379107,
  "cv_average_precision_mean": 0.5445706523265915,
  "cv_average_precision_std": 0.0905210706709397,
  "cv_f1_mean": 0.556863883292216,
  "cv_f1_std": 0.08917103286909663,
  "cv_accuracy_mean": 0.7510256556309188,
  "cv_accuracy_std": 0.14283039487630894,
  "cv_precision_mean": 0.49169960474308305,
  "cv_precision_std": 0.20567340942460743,
  "cv_recall_mean": 0.7270108043217287,
  "cv_recall_std": 0.11298221604534509,
  "cv_specificity_mean": 0.7513902974983097,
  "cv_specificity_std": 0.20898180573984376,
  "cv_brier_score_mean": 0.13296793086725917,
  "cv_brier_score_std": 0.0303599017902789,
  "cv_log_loss_mean": 0.48295579184114024,
  "cv_log_loss_std": 0.06358912692529363,
  "oof_roc_auc": 0.7917150600077429,
  "oof_pr_auc": 0.5388254452369184,
  "oof_accuracy": 0.7527910685805422,
  "oof_f1": 0.5259938837920489,
  "samples_with_target": 627,
  "n_httr_features": 16821,
  "n_chemical_features": 163,
  "target_positives": 123,
  "target_negatives": 504,
  "target_balance_ratio": 0.24404761904761904,
  "unique_chemicals": 623,
  "ablation_mode": "single_cell_httr_structure",
  "cell_type_filter": "HepRG"
}