{
  "target_assay": "TOX21_AR_BLA_Agonist_ratio",
  "n_folds": 3,
  "random_state": 21,
  "global_threshold": 0.8541758060455322,
  "cv_roc_auc_mean": 0.8522113771909523,
  "cv_roc_auc_std": 0.04000253689484661,
  "cv_pr_auc_mean": 0.49089157773083564,
  "cv_pr_auc_std": 0.1669649807171773,
  "cv_average_precision_mean": 0.5061853245266086,
  "cv_average_precision_std": 0.15448024826256976,
  "cv_f1_mean": 0.6089700247915258,
  "cv_f1_std": 0.12039209939817545,
  "cv_accuracy_mean": 0.9806768183897724,
  "cv_accuracy_std": 0.0014599381141430147,
  "cv_precision_mean": 0.8077922077922078,
  "cv_precision_std": 0.09763608378811688,
  "cv_recall_mean": 0.5046296296296297,
  "cv_recall_std": 0.15235632103615127,
  "cv_specificity_mean": 0.9956889184510668,
  "cv_specificity_std": 0.0037971920004699184,
  "cv_brier_score_mean": 0.023027330190464972,
  "cv_brier_score_std": 0.006230370216079015,
  "cv_log_loss_mean": 0.13093963955655483,
  "cv_log_loss_std": 0.05464567782283025,
  "oof_roc_auc": 0.829323052149139,
  "oof_pr_auc": 0.4707081727553604,
  "oof_accuracy": 0.9786206896551725,
  "oof_f1": 0.6075949367088608,
  "samples_with_target": 1450,
  "n_httr_features": 16821,
  "n_chemical_features": 163,
  "target_positives": 46,
  "target_negatives": 1404,
  "target_balance_ratio": 0.03276353276353276,
  "unique_chemicals": 715,
  "ablation_mode": "double_cell_httr_structure",
  "cell_type_filter": null,
  "cell_type_filter_1": "U2OS",
  "cell_type_filter_2": "HepRG"
}