{
  "target_assay": "TOX21_hERG_U2OS_Antagonist",
  "n_folds": 3,
  "random_state": 21,
  "global_threshold": 0.46650755405426025,
  "cv_roc_auc_mean": 0.9429165019404745,
  "cv_roc_auc_std": 0.0035776786597025117,
  "cv_pr_auc_mean": 0.7653385070264109,
  "cv_pr_auc_std": 0.03966725004735787,
  "cv_average_precision_mean": 0.7679493546773827,
  "cv_average_precision_std": 0.03913048773736674,
  "cv_f1_mean": 0.7117408906882591,
  "cv_f1_std": 0.03815829744522728,
  "cv_accuracy_mean": 0.9301054129436968,
  "cv_accuracy_std": 0.009259823929151265,
  "cv_precision_mean": 0.6421075348378346,
  "cv_precision_std": 0.05560556138921508,
  "cv_recall_mean": 0.8009379509379508,
  "cv_recall_std": 0.03951051523743484,
  "cv_specificity_mean": 0.945636732623034,
  "cv_specificity_std": 0.011445441098134196,
  "cv_brier_score_mean": 0.051688274254841626,
  "cv_brier_score_std": 0.00852927813981497,
  "cv_log_loss_mean": 0.1998779147326667,
  "cv_log_loss_std": 0.046333530340136854,
  "oof_roc_auc": 0.9325852182783972,
  "oof_pr_auc": 0.7387371874712373,
  "oof_accuracy": 0.9342105263157895,
  "oof_f1": 0.689922480620155,
  "samples_with_target": 1216,
  "n_httr_features": 16821,
  "n_chemical_features": 163,
  "target_positives": 131,
  "target_negatives": 1085,
  "target_balance_ratio": 0.12073732718894009,
  "unique_chemicals": 1190,
  "ablation_mode": "single_cell_httr_structure",
  "cell_type_filter": "MCF7"
}