{
  "target_assay": "TOX21_TR_LUC_GH3_Antagonist",
  "n_folds": 3,
  "random_state": 21,
  "global_threshold": 0.2983856201171875,
  "cv_roc_auc_mean": 0.8668646171084194,
  "cv_roc_auc_std": 0.02182030972349982,
  "cv_pr_auc_mean": 0.609393001884818,
  "cv_pr_auc_std": 0.02729771323939624,
  "cv_average_precision_mean": 0.6137179149489927,
  "cv_average_precision_std": 0.02329435151231844,
  "cv_f1_mean": 0.5931884150029413,
  "cv_f1_std": 0.023235060634562908,
  "cv_accuracy_mean": 0.8656203838264229,
  "cv_accuracy_std": 0.005763364004232244,
  "cv_precision_mean": 0.5705627832473823,
  "cv_precision_std": 0.050908153831243315,
  "cv_recall_mean": 0.6325511949095897,
  "cv_recall_std": 0.10795230963509016,
  "cv_specificity_mean": 0.9105790999382165,
  "cv_specificity_std": 0.024077779930767044,
  "cv_brier_score_mean": 0.09972892314863181,
  "cv_brier_score_std": 0.012316135644623033,
  "cv_log_loss_mean": 0.38338837641713924,
  "cv_log_loss_std": 0.07413091252342169,
  "oof_roc_auc": 0.8590170454545454,
  "oof_pr_auc": 0.6060476873676088,
  "oof_accuracy": 0.8669527896995708,
  "oof_f1": 0.5802707930367504,
  "samples_with_target": 1631,
  "n_httr_features": 16821,
  "n_chemical_features": 163,
  "target_positives": 256,
  "target_negatives": 1375,
  "target_balance_ratio": 0.18618181818181817,
  "unique_chemicals": 790
}