{
  "target_assay": "TOX21_AR_BLA_Agonist_ratio",
  "n_folds": 3,
  "random_state": 21,
  "global_threshold": 0.755385160446167,
  "cv_roc_auc_mean": 0.8622184500921163,
  "cv_roc_auc_std": 0.06199202266714825,
  "cv_pr_auc_mean": 0.4952448914376584,
  "cv_pr_auc_std": 0.1992603754636712,
  "cv_average_precision_mean": 0.5062327226482591,
  "cv_average_precision_std": 0.19043947716786502,
  "cv_f1_mean": 0.5742919389978214,
  "cv_f1_std": 0.18641243985599684,
  "cv_accuracy_mean": 0.9714398432545103,
  "cv_accuracy_std": 0.012981570969868796,
  "cv_precision_mean": 0.6666666666666666,
  "cv_precision_std": 0.33333333333333337,
  "cv_recall_mean": 0.5397565397565397,
  "cv_recall_std": 0.09596614938609577,
  "cv_specificity_mean": 0.9879874505645038,
  "cv_specificity_std": 0.01243055376630726,
  "cv_brier_score_mean": 0.029630235319034404,
  "cv_brier_score_std": 0.010122551909047298,
  "cv_log_loss_mean": 0.15553951013187398,
  "cv_log_loss_std": 0.08010537794815448,
  "oof_roc_auc": 0.8177215680949701,
  "oof_pr_auc": 0.5034407914149766,
  "oof_accuracy": 0.9727536231884057,
  "oof_f1": 0.5688073394495413,
  "samples_with_target": 1725,
  "n_httr_features": 16821,
  "n_chemical_features": 163,
  "target_positives": 62,
  "target_negatives": 1663,
  "target_balance_ratio": 0.037282020444978956,
  "unique_chemicals": 1192,
  "ablation_mode": "double_cell_httr_structure",
  "cell_type_filter": null,
  "cell_type_filter_1": "MCF7",
  "cell_type_filter_2": "HepRG"
}