{
  "target_assay": "TOX21_FXR_BLA_Antagonist_ratio",
  "n_folds": 3,
  "random_state": 21,
  "global_threshold": 0.7237931489944458,
  "cv_roc_auc_mean": 0.7580116702268472,
  "cv_roc_auc_std": 0.04039388678929183,
  "cv_pr_auc_mean": 0.3677409770008125,
  "cv_pr_auc_std": 0.09908750614357552,
  "cv_average_precision_mean": 0.3763303601451284,
  "cv_average_precision_std": 0.0961235391340719,
  "cv_f1_mean": 0.3993243921432898,
  "cv_f1_std": 0.07370386494208558,
  "cv_accuracy_mean": 0.9142263400210462,
  "cv_accuracy_std": 0.02443202449420449,
  "cv_precision_mean": 0.5991140642303433,
  "cv_precision_std": 0.16170508355817767,
  "cv_recall_mean": 0.3007501172058134,
  "cv_recall_std": 0.04443724225853449,
  "cv_specificity_mean": 0.9772273408885847,
  "cv_specificity_std": 0.012930834536129388,
  "cv_brier_score_mean": 0.09255894519744128,
  "cv_brier_score_std": 0.014624811094647038,
  "cv_log_loss_mean": 0.3791969467499982,
  "cv_log_loss_std": 0.08331545666657121,
  "oof_roc_auc": 0.7489238105906639,
  "oof_pr_auc": 0.33901309782847106,
  "oof_accuracy": 0.9089417555373257,
  "oof_f1": 0.3693181818181818,
  "samples_with_target": 2438,
  "n_httr_features": 0,
  "n_chemical_features": 163,
  "target_positives": 226,
  "target_negatives": 2212,
  "target_balance_ratio": 0.10216998191681737,
  "unique_chemicals": 1180,
  "ablation_mode": "structure_only",
  "cell_type_filter": null
}