{
  "target_assay": "TOX21_DT40_657_LUC",
  "n_folds": 3,
  "random_state": 21,
  "global_threshold": 0.22894287109375,
  "cv_roc_auc_mean": 0.9078720506671805,
  "cv_roc_auc_std": 0.013442762105684049,
  "cv_pr_auc_mean": 0.8895037772661473,
  "cv_pr_auc_std": 0.02168770691706447,
  "cv_average_precision_mean": 0.8897374552750895,
  "cv_average_precision_std": 0.021605426662008355,
  "cv_f1_mean": 0.8157983383722618,
  "cv_f1_std": 0.023751291657031253,
  "cv_accuracy_mean": 0.8476443075697477,
  "cv_accuracy_std": 0.022911965423688896,
  "cv_precision_mean": 0.7998461848807302,
  "cv_precision_std": 0.06875674813028959,
  "cv_recall_mean": 0.8367769743630747,
  "cv_recall_std": 0.03568801255456712,
  "cv_specificity_mean": 0.855736311822714,
  "cv_specificity_std": 0.05797313221085581,
  "cv_brier_score_mean": 0.11658975142940022,
  "cv_brier_score_std": 0.004088223080598915,
  "cv_log_loss_mean": 0.42682837598991047,
  "cv_log_loss_std": 0.030896029018756425,
  "oof_roc_auc": 0.9034258636887145,
  "oof_pr_auc": 0.8858570850218936,
  "oof_accuracy": 0.8424890617403986,
  "oof_f1": 0.8125,
  "samples_with_target": 2057,
  "n_httr_features": 16821,
  "n_chemical_features": 163,
  "target_positives": 828,
  "target_negatives": 1229,
  "target_balance_ratio": 0.6737184703010578,
  "unique_chemicals": 1406,
  "ablation_mode": "double_cell_httr_structure",
  "cell_type_filter": null,
  "cell_type_filter_1": "MCF7",
  "cell_type_filter_2": "U2OS"
}