{
  "target_assay": "TOX21_FXR_BLA_Antagonist_ratio",
  "n_folds": 3,
  "random_state": 21,
  "global_threshold": 0.08214353024959564,
  "cv_roc_auc_mean": 0.8618455197905043,
  "cv_roc_auc_std": 0.00047312614561841184,
  "cv_pr_auc_mean": 0.4067385782339287,
  "cv_pr_auc_std": 0.16039038297330988,
  "cv_average_precision_mean": 0.4254121232714221,
  "cv_average_precision_std": 0.1481098291905902,
  "cv_f1_mean": 0.47831141604726507,
  "cv_f1_std": 0.10725047723820308,
  "cv_accuracy_mean": 0.8842911389214129,
  "cv_accuracy_std": 0.03425649577807686,
  "cv_precision_mean": 0.4677990684182634,
  "cv_precision_std": 0.2617701971962531,
  "cv_recall_mean": 0.5809483726150392,
  "cv_recall_std": 0.08632803647531039,
  "cv_specificity_mean": 0.9167319899131305,
  "cv_specificity_std": 0.05583376952760024,
  "cv_brier_score_mean": 0.07490508301331854,
  "cv_brier_score_std": 0.008525137239215394,
  "cv_log_loss_mean": 0.26355589133524554,
  "cv_log_loss_std": 0.033454027885091844,
  "oof_roc_auc": 0.8526290913387687,
  "oof_pr_auc": 0.41650025191547196,
  "oof_accuracy": 0.8379888268156425,
  "oof_f1": 0.4423076923076923,
  "samples_with_target": 716,
  "n_httr_features": 16821,
  "n_chemical_features": 163,
  "target_positives": 65,
  "target_negatives": 651,
  "target_balance_ratio": 0.09984639016897082,
  "unique_chemicals": 705,
  "ablation_mode": "single_cell_httr_structure",
  "cell_type_filter": "HepRG"
}