{
  "target_assay": "TOX21_FXR_BLA_Antagonist_ratio",
  "n_folds": 3,
  "random_state": 21,
  "global_threshold": 0.43422460556030273,
  "cv_roc_auc_mean": 0.9254586407087458,
  "cv_roc_auc_std": 0.020928990863548526,
  "cv_pr_auc_mean": 0.5825564789941746,
  "cv_pr_auc_std": 0.1492212275922379,
  "cv_average_precision_mean": 0.5993173979765515,
  "cv_average_precision_std": 0.14128301662189527,
  "cv_f1_mean": 0.6673453071545441,
  "cv_f1_std": 0.09318938418913802,
  "cv_accuracy_mean": 0.9332666028888182,
  "cv_accuracy_std": 0.02222629961740406,
  "cv_precision_mean": 0.641924066924067,
  "cv_precision_std": 0.13471944937093827,
  "cv_recall_mean": 0.7034386801828663,
  "cv_recall_std": 0.057109301970819704,
  "cv_specificity_mean": 0.9582190603867065,
  "cv_specificity_std": 0.01828889659220185,
  "cv_brier_score_mean": 0.056129209789706334,
  "cv_brier_score_std": 0.01551725888172357,
  "cv_log_loss_mean": 0.1957989633639757,
  "cv_log_loss_std": 0.043471721089750885,
  "oof_roc_auc": 0.9235881921525486,
  "oof_pr_auc": 0.559671445355418,
  "oof_accuracy": 0.9293532338308458,
  "oof_f1": 0.6570048309178744,
  "samples_with_target": 1005,
  "n_httr_features": 16821,
  "n_chemical_features": 163,
  "target_positives": 96,
  "target_negatives": 909,
  "target_balance_ratio": 0.10561056105610561,
  "unique_chemicals": 988,
  "ablation_mode": "single_cell_httr_structure",
  "cell_type_filter": "MCF7"
}