{
  "target_assay": "TOX21_SBE_BLA_Antagonist_ratio",
  "n_folds": 3,
  "random_state": 21,
  "global_threshold": 0.2741195857524872,
  "cv_roc_auc_mean": 0.9374372633530594,
  "cv_roc_auc_std": 0.029181648218903216,
  "cv_pr_auc_mean": 0.7608381437819928,
  "cv_pr_auc_std": 0.047788794061720014,
  "cv_average_precision_mean": 0.7640059186452247,
  "cv_average_precision_std": 0.04602396254745462,
  "cv_f1_mean": 0.7508594822330531,
  "cv_f1_std": 0.034290688160212295,
  "cv_accuracy_mean": 0.9374255374255375,
  "cv_accuracy_std": 0.0059055040887651886,
  "cv_precision_mean": 0.7050870662730501,
  "cv_precision_std": 0.045082750509632376,
  "cv_recall_mean": 0.8063644430104057,
  "cv_recall_std": 0.06284794325969716,
  "cv_specificity_mean": 0.9550141390867198,
  "cv_specificity_std": 0.008138596088559486,
  "cv_brier_score_mean": 0.05401616631620385,
  "cv_brier_score_std": 0.004599554229241415,
  "cv_log_loss_mean": 0.22597976011910892,
  "cv_log_loss_std": 0.04697750286714003,
  "oof_roc_auc": 0.9327893389985997,
  "oof_pr_auc": 0.7635558176809879,
  "oof_accuracy": 0.9357021996615905,
  "oof_f1": 0.7466666666666667,
  "samples_with_target": 1182,
  "n_httr_features": 16821,
  "n_chemical_features": 163,
  "target_positives": 139,
  "target_negatives": 1043,
  "target_balance_ratio": 0.1332694151486098,
  "unique_chemicals": 1155,
  "ablation_mode": "single_cell_httr_structure",
  "cell_type_filter": "MCF7"
}