{
  "target_assay": "TOX21_DT40_100_LUC",
  "n_folds": 3,
  "random_state": 21,
  "global_threshold": 0.23452572524547577,
  "cv_roc_auc_mean": 0.8597496358128542,
  "cv_roc_auc_std": 0.021110304044880724,
  "cv_pr_auc_mean": 0.8291840236155377,
  "cv_pr_auc_std": 0.032128786572302934,
  "cv_average_precision_mean": 0.830080144615534,
  "cv_average_precision_std": 0.03175704972256096,
  "cv_f1_mean": 0.7465500433414872,
  "cv_f1_std": 0.03486921078160807,
  "cv_accuracy_mean": 0.7915822419899513,
  "cv_accuracy_std": 0.046640147685989876,
  "cv_precision_mean": 0.712727235012124,
  "cv_precision_std": 0.11775239206418413,
  "cv_recall_mean": 0.8038109538109538,
  "cv_recall_std": 0.0878217955632048,
  "cv_specificity_mean": 0.7862054452571695,
  "cv_specificity_std": 0.11916852529461196,
  "cv_brier_score_mean": 0.14548217940047445,
  "cv_brier_score_std": 0.005212570733324886,
  "cv_log_loss_mean": 0.5164466977305577,
  "cv_log_loss_std": 0.05558867148760477,
  "oof_roc_auc": 0.857162823200559,
  "oof_pr_auc": 0.8273077568644357,
  "oof_accuracy": 0.7822014051522248,
  "oof_f1": 0.7372881355932204,
  "samples_with_target": 854,
  "n_httr_features": 16821,
  "n_chemical_features": 163,
  "target_positives": 324,
  "target_negatives": 530,
  "target_balance_ratio": 0.6113207547169811,
  "unique_chemicals": 839,
  "ablation_mode": "single_cell_httr_structure",
  "cell_type_filter": "HepRG"
}