{
  "target_assay": "TOX21_AR_LUC_MDAKB2_Antagonist_10nM_R1881",
  "n_folds": 3,
  "random_state": 21,
  "global_threshold": 0.2276674062013626,
  "cv_roc_auc_mean": 0.9165250155209234,
  "cv_roc_auc_std": 0.02330650993827069,
  "cv_pr_auc_mean": 0.593466512922909,
  "cv_pr_auc_std": 0.07098785470074509,
  "cv_average_precision_mean": 0.5979728478419277,
  "cv_average_precision_std": 0.0700574931639174,
  "cv_f1_mean": 0.6119207855251544,
  "cv_f1_std": 0.04222951754695201,
  "cv_accuracy_mean": 0.9261537261263983,
  "cv_accuracy_std": 0.014688226568748897,
  "cv_precision_mean": 0.5906588388780171,
  "cv_precision_std": 0.08144686509732346,
  "cv_recall_mean": 0.6416703724879825,
  "cv_recall_std": 0.04915844674327395,
  "cv_specificity_mean": 0.9541699480078831,
  "cv_specificity_std": 0.017924953117038636,
  "cv_brier_score_mean": 0.05852158007425118,
  "cv_brier_score_std": 0.007894246585596239,
  "cv_log_loss_mean": 0.2292196826042611,
  "cv_log_loss_std": 0.044532061659868415,
  "oof_roc_auc": 0.9094813309244204,
  "oof_pr_auc": 0.5800769382732996,
  "oof_accuracy": 0.9173140954495006,
  "oof_f1": 0.5917808219178082,
  "samples_with_target": 1802,
  "n_httr_features": 16821,
  "n_chemical_features": 163,
  "target_positives": 162,
  "target_negatives": 1640,
  "target_balance_ratio": 0.09878048780487805,
  "unique_chemicals": 1240,
  "ablation_mode": "double_cell_httr_structure",
  "cell_type_filter": null,
  "cell_type_filter_1": "MCF7",
  "cell_type_filter_2": "HepRG"
}