{
  "target_assay": "TOX21_AR_LUC_MDAKB2_Antagonist_0_5nM_R1881",
  "n_folds": 3,
  "random_state": 21,
  "global_threshold": 0.30062416195869446,
  "cv_roc_auc_mean": 0.903332718820199,
  "cv_roc_auc_std": 0.019730813112608284,
  "cv_pr_auc_mean": 0.7648455551510597,
  "cv_pr_auc_std": 0.039983144492512133,
  "cv_average_precision_mean": 0.7693533809242269,
  "cv_average_precision_std": 0.039960745131578275,
  "cv_f1_mean": 0.7202080128909397,
  "cv_f1_std": 0.04947255106774293,
  "cv_accuracy_mean": 0.8685693015180362,
  "cv_accuracy_std": 0.021502904469563978,
  "cv_precision_mean": 0.6891856279119618,
  "cv_precision_std": 0.036464357684919624,
  "cv_recall_mean": 0.760874497439234,
  "cv_recall_std": 0.1038763825202411,
  "cv_specificity_mean": 0.897257390053936,
  "cv_specificity_std": 0.03990289861936445,
  "cv_brier_score_mean": 0.10331566420249945,
  "cv_brier_score_std": 0.015579157093717984,
  "cv_log_loss_mean": 0.3861269947966968,
  "cv_log_loss_std": 0.10553488453895182,
  "oof_roc_auc": 0.8918492075358853,
  "oof_pr_auc": 0.7623847490879091,
  "oof_accuracy": 0.8686224489795918,
  "oof_f1": 0.7146814404432132,
  "samples_with_target": 784,
  "n_httr_features": 16821,
  "n_chemical_features": 163,
  "target_positives": 176,
  "target_negatives": 608,
  "target_balance_ratio": 0.2894736842105263,
  "unique_chemicals": 777,
  "ablation_mode": "single_cell_httr_structure",
  "cell_type_filter": "U2OS"
}