{
  "target_assay": "TOX21_PR_BLA_Antagonist_ratio",
  "n_folds": 3,
  "random_state": 21,
  "global_threshold": 0.3174358606338501,
  "cv_roc_auc_mean": 0.9290077480037359,
  "cv_roc_auc_std": 0.005767393851483394,
  "cv_pr_auc_mean": 0.8605390895603892,
  "cv_pr_auc_std": 0.02144919229143635,
  "cv_average_precision_mean": 0.8613761471199668,
  "cv_average_precision_std": 0.02123536678400093,
  "cv_f1_mean": 0.8291730536975103,
  "cv_f1_std": 0.02977570458215118,
  "cv_accuracy_mean": 0.8884835668340824,
  "cv_accuracy_std": 0.015968009736397646,
  "cv_precision_mean": 0.8182291666666667,
  "cv_precision_std": 0.027613991962107395,
  "cv_recall_mean": 0.8405975877192983,
  "cv_recall_std": 0.03518048788723104,
  "cv_specificity_mean": 0.911192582538637,
  "cv_specificity_std": 0.0068201572898472125,
  "cv_brier_score_mean": 0.10144197951969637,
  "cv_brier_score_std": 0.015327031464991151,
  "cv_log_loss_mean": 0.37803180652041407,
  "cv_log_loss_std": 0.0612036208666933,
  "oof_roc_auc": 0.9236933634141755,
  "oof_pr_auc": 0.8560206291894086,
  "oof_accuracy": 0.8747855917667239,
  "oof_f1": 0.8151898734177215,
  "samples_with_target": 1166,
  "n_httr_features": 16821,
  "n_chemical_features": 163,
  "target_positives": 378,
  "target_negatives": 788,
  "target_balance_ratio": 0.4796954314720812,
  "unique_chemicals": 574,
  "ablation_mode": "double_cell_httr_structure",
  "cell_type_filter": null,
  "cell_type_filter_1": "U2OS",
  "cell_type_filter_2": "HepRG"
}