{
  "target_assay": "TOX21_TR_LUC_GH3_Antagonist",
  "n_folds": 3,
  "random_state": 21,
  "global_threshold": 0.5754900574684143,
  "cv_roc_auc_mean": 0.8325556067308223,
  "cv_roc_auc_std": 0.023667634844216513,
  "cv_pr_auc_mean": 0.60099686657433,
  "cv_pr_auc_std": 0.07666517072542202,
  "cv_average_precision_mean": 0.6068221645830124,
  "cv_average_precision_std": 0.07463932085693871,
  "cv_f1_mean": 0.6168282421803548,
  "cv_f1_std": 0.06198443080267187,
  "cv_accuracy_mean": 0.8758841548315233,
  "cv_accuracy_std": 0.027256409958253517,
  "cv_precision_mean": 0.6373006078888432,
  "cv_precision_std": 0.08620861093108911,
  "cv_recall_mean": 0.5989278752436648,
  "cv_recall_std": 0.04347623183175617,
  "cv_specificity_mean": 0.9308670327542602,
  "cv_specificity_std": 0.023673040840840938,
  "cv_brier_score_mean": 0.10646931161829619,
  "cv_brier_score_std": 0.010882902653551078,
  "cv_log_loss_mean": 0.37070627095768754,
  "cv_log_loss_std": 0.03282313035368071,
  "oof_roc_auc": 0.829582806573957,
  "oof_pr_auc": 0.5989508208878226,
  "oof_accuracy": 0.8700147710487445,
  "oof_f1": 0.5849056603773585,
  "samples_with_target": 677,
  "n_httr_features": 16821,
  "n_chemical_features": 163,
  "target_positives": 112,
  "target_negatives": 565,
  "target_balance_ratio": 0.19823008849557522,
  "unique_chemicals": 663,
  "ablation_mode": "single_cell_httr_structure",
  "cell_type_filter": "MCF7"
}