{
  "target_assay": "TOX21_p450_CYP2D6_Antagonist",
  "n_folds": 3,
  "random_state": 21,
  "global_threshold": 0.3762563169002533,
  "cv_roc_auc_mean": 0.7713565108874528,
  "cv_roc_auc_std": 0.021739870450918016,
  "cv_pr_auc_mean": 0.7067930016459062,
  "cv_pr_auc_std": 0.027901411267029094,
  "cv_average_precision_mean": 0.7075155552878255,
  "cv_average_precision_std": 0.02780677368954761,
  "cv_f1_mean": 0.6528327573958105,
  "cv_f1_std": 0.022606741716648684,
  "cv_accuracy_mean": 0.7338909426413149,
  "cv_accuracy_std": 0.025306057676531296,
  "cv_precision_mean": 0.6250831313931692,
  "cv_precision_std": 0.044191133659359935,
  "cv_recall_mean": 0.6848530304653737,
  "cv_recall_std": 0.01579075078138558,
  "cv_specificity_mean": 0.7624197116675768,
  "cv_specificity_std": 0.042905251359413005,
  "cv_brier_score_mean": 0.1848291242986201,
  "cv_brier_score_std": 0.01813678278985342,
  "cv_log_loss_mean": 0.599438853767977,
  "cv_log_loss_std": 0.10080668917294525,
  "oof_roc_auc": 0.766957040080579,
  "oof_pr_auc": 0.6929925983610462,
  "oof_accuracy": 0.7393011385944248,
  "oof_f1": 0.6490486257928119,
  "samples_with_target": 2547,
  "n_httr_features": 16821,
  "n_chemical_features": 0,
  "target_positives": 929,
  "target_negatives": 1618,
  "target_balance_ratio": 0.5741656365883807,
  "unique_chemicals": 1247,
  "ablation_mode": "httr_only",
  "cell_type_filter": null
}