{
  "target_assay": "TOX21_PR_BLA_Antagonist_ratio",
  "n_folds": 3,
  "random_state": 21,
  "global_threshold": 0.14793813228607178,
  "cv_roc_auc_mean": 0.8928836202228055,
  "cv_roc_auc_std": 0.015543192170281737,
  "cv_pr_auc_mean": 0.7885611190499708,
  "cv_pr_auc_std": 0.01967445626890298,
  "cv_average_precision_mean": 0.7921910528008002,
  "cv_average_precision_std": 0.01728286639476875,
  "cv_f1_mean": 0.7571051882068667,
  "cv_f1_std": 0.027434669636964254,
  "cv_accuracy_mean": 0.8371045907128382,
  "cv_accuracy_std": 0.028751523657083347,
  "cv_precision_mean": 0.7409188034188033,
  "cv_precision_std": 0.0633029724971732,
  "cv_recall_mean": 0.7844427244582043,
  "cv_recall_std": 0.09576199096024733,
  "cv_specificity_mean": 0.8586998073865136,
  "cv_specificity_std": 0.06621751359056383,
  "cv_brier_score_mean": 0.13228691463519823,
  "cv_brier_score_std": 0.0111610306551541,
  "cv_log_loss_mean": 0.45725656912154017,
  "cv_log_loss_std": 0.046985057761832205,
  "oof_roc_auc": 0.892541562592324,
  "oof_pr_auc": 0.7907221377286427,
  "oof_accuracy": 0.8061749571183533,
  "oof_f1": 0.7414187643020596,
  "samples_with_target": 583,
  "n_httr_features": 16821,
  "n_chemical_features": 163,
  "target_positives": 189,
  "target_negatives": 394,
  "target_balance_ratio": 0.4796954314720812,
  "unique_chemicals": 574,
  "ablation_mode": "single_cell_httr_structure",
  "cell_type_filter": "HepRG"
}