{
  "target_assay": "TOX21_SHH_3T3_GLI3_LUC_Antagonist",
  "n_folds": 3,
  "random_state": 21,
  "global_threshold": 0.24698993563652039,
  "cv_roc_auc_mean": 0.8909607669109034,
  "cv_roc_auc_std": 0.02004278223740135,
  "cv_pr_auc_mean": 0.6948017650794215,
  "cv_pr_auc_std": 0.0813414656875339,
  "cv_average_precision_mean": 0.7002742706354496,
  "cv_average_precision_std": 0.07733267499926971,
  "cv_f1_mean": 0.7174129590164259,
  "cv_f1_std": 0.01499778349137117,
  "cv_accuracy_mean": 0.8644389524326707,
  "cv_accuracy_std": 0.022225680371383692,
  "cv_precision_mean": 0.6799046192866008,
  "cv_precision_std": 0.03039262951763841,
  "cv_recall_mean": 0.7647603871155223,
  "cv_recall_std": 0.07546829803844006,
  "cv_specificity_mean": 0.8917029335912314,
  "cv_specificity_std": 0.040960373201666594,
  "cv_brier_score_mean": 0.11039743287351722,
  "cv_brier_score_std": 0.009517063383240225,
  "cv_log_loss_mean": 0.3923401065442333,
  "cv_log_loss_std": 0.05319689721582745,
  "oof_roc_auc": 0.8809003138900047,
  "oof_pr_auc": 0.7081000463585022,
  "oof_accuracy": 0.8494868871151653,
  "oof_f1": 0.7040358744394619,
  "samples_with_target": 877,
  "n_httr_features": 16821,
  "n_chemical_features": 163,
  "target_positives": 198,
  "target_negatives": 679,
  "target_balance_ratio": 0.2916053019145803,
  "unique_chemicals": 858,
  "ablation_mode": "single_cell_httr_structure",
  "cell_type_filter": "MCF7"
}