{
  "target_assay": "TOX21_AhR_LUC_Agonist",
  "n_folds": 3,
  "random_state": 21,
  "global_threshold": 0.10519908368587494,
  "cv_roc_auc_mean": 0.8173372755028283,
  "cv_roc_auc_std": 0.03479495259394694,
  "cv_pr_auc_mean": 0.33922994398845246,
  "cv_pr_auc_std": 0.06172952596708595,
  "cv_average_precision_mean": 0.3450712314348981,
  "cv_average_precision_std": 0.060651067811509474,
  "cv_f1_mean": 0.36507936507936506,
  "cv_f1_std": 0.05686362196028852,
  "cv_accuracy_mean": 0.9357501295080101,
  "cv_accuracy_std": 0.031029810788135076,
  "cv_precision_mean": 0.5371955233706386,
  "cv_precision_std": 0.40896362312200724,
  "cv_recall_mean": 0.3795055821371611,
  "cv_recall_std": 0.149214101812145,
  "cv_specificity_mean": 0.9644304580390098,
  "cv_specificity_std": 0.03512877242160075,
  "cv_brier_score_mean": 0.04624027327108327,
  "cv_brier_score_std": 0.011038605036478097,
  "cv_log_loss_mean": 0.21552855059430676,
  "cv_log_loss_std": 0.10464671245889844,
  "oof_roc_auc": 0.7431803995006243,
  "oof_pr_auc": 0.24898976798608352,
  "oof_accuracy": 0.9036860879904876,
  "oof_f1": 0.3135593220338983,
  "samples_with_target": 1682,
  "n_httr_features": 16821,
  "n_chemical_features": 163,
  "target_positives": 80,
  "target_negatives": 1602,
  "target_balance_ratio": 0.049937578027465665,
  "unique_chemicals": 833,
  "ablation_mode": "double_cell_httr_structure",
  "cell_type_filter": null,
  "cell_type_filter_1": "U2OS",
  "cell_type_filter_2": "HepRG"
}