{
  "target_assay": "TOX21_GR_BLA_Agonist_ratio",
  "n_folds": 3,
  "random_state": 21,
  "global_threshold": 0.3644885718822479,
  "cv_roc_auc_mean": 0.8796447554058172,
  "cv_roc_auc_std": 0.02494228483763153,
  "cv_pr_auc_mean": 0.3037526673210065,
  "cv_pr_auc_std": 0.06222279457629825,
  "cv_average_precision_mean": 0.3118603527159582,
  "cv_average_precision_std": 0.059962298273728794,
  "cv_f1_mean": 0.4216813945627505,
  "cv_f1_std": 0.028418516423576276,
  "cv_accuracy_mean": 0.9566366533729406,
  "cv_accuracy_std": 0.017568834093381364,
  "cv_precision_mean": 0.37881143210923357,
  "cv_precision_std": 0.07594309435130549,
  "cv_recall_mean": 0.49927727501256913,
  "cv_recall_std": 0.08007386218035685,
  "cv_specificity_mean": 0.9707757582975004,
  "cv_specificity_std": 0.01910523679209852,
  "cv_brier_score_mean": 0.02907803933146579,
  "cv_brier_score_std": 0.00427124258396207,
  "cv_log_loss_mean": 0.12855076495249143,
  "cv_log_loss_std": 0.016006118702739738,
  "oof_roc_auc": 0.8791305214876858,
  "oof_pr_auc": 0.28476749744249624,
  "oof_accuracy": 0.9643271461716937,
  "oof_f1": 0.3880597014925373,
  "samples_with_target": 3448,
  "n_httr_features": 16821,
  "n_chemical_features": 163,
  "target_positives": 105,
  "target_negatives": 3343,
  "target_balance_ratio": 0.031408914148967994,
  "unique_chemicals": 1677
}