{
  "target_assay": "TOX21_DT40_LUC",
  "n_folds": 3,
  "random_state": 21,
  "global_threshold": 0.40422219038009644,
  "cv_roc_auc_mean": 0.8950504669366671,
  "cv_roc_auc_std": 0.0022351504516076545,
  "cv_pr_auc_mean": 0.8619561816650033,
  "cv_pr_auc_std": 0.025307041622190978,
  "cv_average_precision_mean": 0.864098604065752,
  "cv_average_precision_std": 0.022694354605062167,
  "cv_f1_mean": 0.8124682963682478,
  "cv_f1_std": 0.020121051326235113,
  "cv_accuracy_mean": 0.8485351956670703,
  "cv_accuracy_std": 0.020944333183360874,
  "cv_precision_mean": 0.7939252336448598,
  "cv_precision_std": 0.04122491243820417,
  "cv_recall_mean": 0.8335779175401816,
  "cv_recall_std": 0.03100074178478608,
  "cv_specificity_mean": 0.8571714328025206,
  "cv_specificity_std": 0.046426540208782424,
  "cv_brier_score_mean": 0.12254920438168741,
  "cv_brier_score_std": 0.011299258946989124,
  "cv_log_loss_mean": 0.4723714429725399,
  "cv_log_loss_std": 0.07914833484021411,
  "oof_roc_auc": 0.8884299691378292,
  "oof_pr_auc": 0.847864967104181,
  "oof_accuracy": 0.8523153942428036,
  "oof_f1": 0.8115015974440895,
  "samples_with_target": 799,
  "n_httr_features": 16821,
  "n_chemical_features": 163,
  "target_positives": 314,
  "target_negatives": 485,
  "target_balance_ratio": 0.6474226804123712,
  "unique_chemicals": 784,
  "ablation_mode": "single_cell_httr_structure",
  "cell_type_filter": "U2OS"
}