{
  "target_assay": "TOX21_HDAC_LUC_Antagonist",
  "n_folds": 3,
  "random_state": 21,
  "global_threshold": 0.16136302053928375,
  "cv_roc_auc_mean": 0.8354868331731442,
  "cv_roc_auc_std": 0.03621917317514756,
  "cv_pr_auc_mean": 0.2812981715234844,
  "cv_pr_auc_std": 0.09051388326689008,
  "cv_average_precision_mean": 0.29113098395426895,
  "cv_average_precision_std": 0.08985050343634096,
  "cv_f1_mean": 0.3804143126177024,
  "cv_f1_std": 0.09443214244774238,
  "cv_accuracy_mean": 0.9584925318939073,
  "cv_accuracy_std": 0.012043601569710509,
  "cv_precision_mean": 0.47614280947614285,
  "cv_precision_std": 0.2148688539866492,
  "cv_recall_mean": 0.35010683760683764,
  "cv_recall_std": 0.08548524171174234,
  "cv_specificity_mean": 0.9810799783486681,
  "cv_specificity_std": 0.015326569860672013,
  "cv_brier_score_mean": 0.0330947245823464,
  "cv_brier_score_std": 0.004351837097625375,
  "cv_log_loss_mean": 0.16847405546922467,
  "cv_log_loss_std": 0.0357003227850971,
  "oof_roc_auc": 0.8204890824667102,
  "oof_pr_auc": 0.23170307684843522,
  "oof_accuracy": 0.9556369556369556,
  "oof_f1": 0.36257309941520466,
  "samples_with_target": 2457,
  "n_httr_features": 16821,
  "n_chemical_features": 163,
  "target_positives": 88,
  "target_negatives": 2369,
  "target_balance_ratio": 0.037146475306036306,
  "unique_chemicals": 1708,
  "ablation_mode": "double_cell_httr_structure",
  "cell_type_filter": null,
  "cell_type_filter_1": "MCF7",
  "cell_type_filter_2": "U2OS"
}