{
  "target_assay": "TOX21_ERa_BLA_Agonist_ratio",
  "n_folds": 3,
  "random_state": 21,
  "global_threshold": 0.12868531048297882,
  "cv_roc_auc_mean": 0.8566029974231867,
  "cv_roc_auc_std": 0.03838947225201096,
  "cv_pr_auc_mean": 0.3474422789946174,
  "cv_pr_auc_std": 0.16584969184567266,
  "cv_average_precision_mean": 0.36157050736211227,
  "cv_average_precision_std": 0.1619266022793882,
  "cv_f1_mean": 0.425041108762039,
  "cv_f1_std": 0.15540390937376478,
  "cv_accuracy_mean": 0.9455612801843647,
  "cv_accuracy_std": 0.03718824704538823,
  "cv_precision_mean": 0.5086206896551725,
  "cv_precision_std": 0.42574338706433607,
  "cv_recall_mean": 0.4615384615384615,
  "cv_recall_std": 0.0976724661243471,
  "cv_specificity_mean": 0.9621451104100945,
  "cv_specificity_std": 0.03412193636085796,
  "cv_brier_score_mean": 0.037891150268918566,
  "cv_brier_score_std": 0.013031628082994916,
  "cv_log_loss_mean": 0.16862430519697777,
  "cv_log_loss_std": 0.07193248605514624,
  "oof_roc_auc": 0.8300926209900018,
  "oof_pr_auc": 0.2731167905651976,
  "oof_accuracy": 0.9385699899295066,
  "oof_f1": 0.32967032967032966,
  "samples_with_target": 993,
  "n_httr_features": 16821,
  "n_chemical_features": 163,
  "target_positives": 34,
  "target_negatives": 959,
  "target_balance_ratio": 0.035453597497393116,
  "unique_chemicals": 980,
  "ablation_mode": "single_cell_httr_structure",
  "cell_type_filter": "U2OS"
}