{
  "target_assay": "TOX21_PR_BLA_Antagonist_ratio",
  "n_folds": 3,
  "random_state": 21,
  "global_threshold": 0.45071521401405334,
  "cv_roc_auc_mean": 0.9468334725627363,
  "cv_roc_auc_std": 0.02418084233124028,
  "cv_pr_auc_mean": 0.8962795124885569,
  "cv_pr_auc_std": 0.054382094948563546,
  "cv_average_precision_mean": 0.897146800975189,
  "cv_average_precision_std": 0.05376218696293019,
  "cv_f1_mean": 0.8585284043030522,
  "cv_f1_std": 0.03739291284676084,
  "cv_accuracy_mean": 0.8962305875503356,
  "cv_accuracy_std": 0.0246665127683605,
  "cv_precision_mean": 0.8206406018079444,
  "cv_precision_std": 0.05521104974202364,
  "cv_recall_mean": 0.9012784601019895,
  "cv_recall_std": 0.02634925435425185,
  "cv_specificity_mean": 0.8939691618751214,
  "cv_specificity_std": 0.029258275242355757,
  "cv_brier_score_mean": 0.08691233136875481,
  "cv_brier_score_std": 0.022231547670932158,
  "cv_log_loss_mean": 0.3268136299183553,
  "cv_log_loss_std": 0.0975876181854215,
  "oof_roc_auc": 0.9442388431037163,
  "oof_pr_auc": 0.8913374671251684,
  "oof_accuracy": 0.8964285714285715,
  "oof_f1": 0.8547579298831386,
  "samples_with_target": 840,
  "n_httr_features": 16821,
  "n_chemical_features": 163,
  "target_positives": 295,
  "target_negatives": 545,
  "target_balance_ratio": 0.5412844036697247,
  "unique_chemicals": 820,
  "ablation_mode": "single_cell_httr_structure",
  "cell_type_filter": "MCF7"
}