{
  "target_assay": "TOX21_TR_LUC_GH3_Antagonist",
  "n_folds": 3,
  "random_state": 21,
  "global_threshold": 0.19863808155059814,
  "cv_roc_auc_mean": 0.8351716099558696,
  "cv_roc_auc_std": 0.034770880675435656,
  "cv_pr_auc_mean": 0.5527944840092883,
  "cv_pr_auc_std": 0.10160672198872875,
  "cv_average_precision_mean": 0.5570366599841127,
  "cv_average_precision_std": 0.10016804943814947,
  "cv_f1_mean": 0.5737146153291514,
  "cv_f1_std": 0.06513931152054314,
  "cv_accuracy_mean": 0.8537044387828706,
  "cv_accuracy_std": 0.020318298802472847,
  "cv_precision_mean": 0.5385755796714701,
  "cv_precision_std": 0.08546543696904457,
  "cv_recall_mean": 0.6180198220945249,
  "cv_recall_std": 0.05162334288038587,
  "cv_specificity_mean": 0.8983454679616033,
  "cv_specificity_std": 0.02401840255095922,
  "cv_brier_score_mean": 0.11323809481483431,
  "cv_brier_score_std": 0.014321732203584084,
  "cv_log_loss_mean": 0.4371049248189016,
  "cv_log_loss_std": 0.07886998952272849,
  "oof_roc_auc": 0.8272187359928284,
  "oof_pr_auc": 0.5362519799761997,
  "oof_accuracy": 0.8379549393414212,
  "oof_f1": 0.5701149425287356,
  "samples_with_target": 1154,
  "n_httr_features": 16821,
  "n_chemical_features": 163,
  "target_positives": 184,
  "target_negatives": 970,
  "target_balance_ratio": 0.18969072164948453,
  "unique_chemicals": 790,
  "ablation_mode": "double_cell_httr_structure",
  "cell_type_filter": null,
  "cell_type_filter_1": "MCF7",
  "cell_type_filter_2": "U2OS"
}