{
  "target_assay": "TOX21_Aromatase_LUC_Antagonist",
  "n_folds": 3,
  "random_state": 21,
  "global_threshold": 0.6394094228744507,
  "cv_roc_auc_mean": 0.8374463877423288,
  "cv_roc_auc_std": 0.04692417869974807,
  "cv_pr_auc_mean": 0.4763493887820536,
  "cv_pr_auc_std": 0.08922816325645506,
  "cv_average_precision_mean": 0.4856279521123196,
  "cv_average_precision_std": 0.08572258478076618,
  "cv_f1_mean": 0.5064479120378832,
  "cv_f1_std": 0.04309936900629988,
  "cv_accuracy_mean": 0.9105496699441443,
  "cv_accuracy_std": 0.02219905664420271,
  "cv_precision_mean": 0.6134393284930919,
  "cv_precision_std": 0.027920778991848264,
  "cv_recall_mean": 0.4353873974127139,
  "cv_recall_std": 0.07097157611721355,
  "cv_specificity_mean": 0.9654883671714826,
  "cv_specificity_std": 0.016633722713592838,
  "cv_brier_score_mean": 0.08360735538760172,
  "cv_brier_score_std": 0.017889246718492353,
  "cv_log_loss_mean": 0.4033935383790898,
  "cv_log_loss_std": 0.1303251472798708,
  "oof_roc_auc": 0.8357443827034785,
  "oof_pr_auc": 0.46490380741002485,
  "oof_accuracy": 0.9153846153846154,
  "oof_f1": 0.5056179775280899,
  "samples_with_target": 2080,
  "n_httr_features": 0,
  "n_chemical_features": 163,
  "target_positives": 222,
  "target_negatives": 1858,
  "target_balance_ratio": 0.11948331539289558,
  "unique_chemicals": 991,
  "ablation_mode": "structure_only",
  "cell_type_filter": null
}