{
  "target_assay": "TOX21_AR_LUC_MDAKB2_Antagonist_10nM_R1881",
  "n_folds": 3,
  "random_state": 21,
  "global_threshold": 0.22416803240776062,
  "cv_roc_auc_mean": 0.9102066000951824,
  "cv_roc_auc_std": 0.014205700415180107,
  "cv_pr_auc_mean": 0.589294133351275,
  "cv_pr_auc_std": 0.0933571581516438,
  "cv_average_precision_mean": 0.5929203392261586,
  "cv_average_precision_std": 0.09208008087785455,
  "cv_f1_mean": 0.5962528945828823,
  "cv_f1_std": 0.0674786089237851,
  "cv_accuracy_mean": 0.9194137342873421,
  "cv_accuracy_std": 0.01992684831429051,
  "cv_precision_mean": 0.5542672445008557,
  "cv_precision_std": 0.15255189336024652,
  "cv_recall_mean": 0.6751602564102565,
  "cv_recall_std": 0.060500419430096916,
  "cv_specificity_mean": 0.9436945287624404,
  "cv_specificity_std": 0.030788655467978994,
  "cv_brier_score_mean": 0.05580815162800285,
  "cv_brier_score_std": 0.006207019051973753,
  "cv_log_loss_mean": 0.21587492038994716,
  "cv_log_loss_std": 0.017593292920648783,
  "oof_roc_auc": 0.9021572840567255,
  "oof_pr_auc": 0.589697707446706,
  "oof_accuracy": 0.9169278996865203,
  "oof_f1": 0.5859375,
  "samples_with_target": 2552,
  "n_httr_features": 16821,
  "n_chemical_features": 163,
  "target_positives": 225,
  "target_negatives": 2327,
  "target_balance_ratio": 0.09669101847872798,
  "unique_chemicals": 1240
}