{
  "target_assay": "TOX21_MMP_ratio",
  "n_folds": 3,
  "random_state": 21,
  "global_threshold": 0.5810909271240234,
  "cv_roc_auc_mean": 0.9076546979510839,
  "cv_roc_auc_std": 0.005024009638474929,
  "cv_pr_auc_mean": 0.7172204541645364,
  "cv_pr_auc_std": 0.046374641716364094,
  "cv_average_precision_mean": 0.718948621218711,
  "cv_average_precision_std": 0.04593832079369126,
  "cv_f1_mean": 0.6967425233747341,
  "cv_f1_std": 0.026840120844890108,
  "cv_accuracy_mean": 0.9114583333333334,
  "cv_accuracy_std": 0.0036084391824351483,
  "cv_precision_mean": 0.730729472243176,
  "cv_precision_std": 0.06357952308422297,
  "cv_recall_mean": 0.6696169772256729,
  "cv_recall_std": 0.04464287964712729,
  "cv_specificity_mean": 0.9558355836339332,
  "cv_specificity_std": 0.008561217604587805,
  "cv_brier_score_mean": 0.07729853121752196,
  "cv_brier_score_std": 0.002627865991124751,
  "cv_log_loss_mean": 0.2783044447344723,
  "cv_log_loss_std": 0.026289282460223665,
  "oof_roc_auc": 0.8961314211212517,
  "oof_pr_auc": 0.7033183365437166,
  "oof_accuracy": 0.909375,
  "oof_f1": 0.6836363636363636,
  "samples_with_target": 1920,
  "n_httr_features": 16821,
  "n_chemical_features": 163,
  "target_positives": 295,
  "target_negatives": 1625,
  "target_balance_ratio": 0.18153846153846154,
  "unique_chemicals": 949,
  "ablation_mode": "double_cell_httr_structure",
  "cell_type_filter": null,
  "cell_type_filter_1": "U2OS",
  "cell_type_filter_2": "HepRG"
}