{
  "target_assay": "TOX21_AR_LUC_MDAKB2_Antagonist_0_5nM_R1881",
  "n_folds": 3,
  "random_state": 21,
  "global_threshold": 0.29895031452178955,
  "cv_roc_auc_mean": 0.8481940628490795,
  "cv_roc_auc_std": 0.06857220266312071,
  "cv_pr_auc_mean": 0.6527324942366844,
  "cv_pr_auc_std": 0.10647039756559404,
  "cv_average_precision_mean": 0.6559578868921386,
  "cv_average_precision_std": 0.10595322456214622,
  "cv_f1_mean": 0.6471556356990072,
  "cv_f1_std": 0.09708093123129788,
  "cv_accuracy_mean": 0.8017374189826597,
  "cv_accuracy_std": 0.07534842602928962,
  "cv_precision_mean": 0.5732648048611151,
  "cv_precision_std": 0.12717646064543647,
  "cv_recall_mean": 0.7573371691491705,
  "cv_recall_std": 0.06799207466590329,
  "cv_specificity_mean": 0.8172840508361047,
  "cv_specificity_std": 0.08856826736989366,
  "cv_brier_score_mean": 0.1356465614861562,
  "cv_brier_score_std": 0.038299019426998315,
  "cv_log_loss_mean": 0.5153886170187771,
  "cv_log_loss_std": 0.1992472788030811,
  "oof_roc_auc": 0.8298160987635292,
  "oof_pr_auc": 0.6231155836273209,
  "oof_accuracy": 0.8114567526555387,
  "oof_f1": 0.6304832713754647,
  "samples_with_target": 2636,
  "n_httr_features": 0,
  "n_chemical_features": 163,
  "target_positives": 617,
  "target_negatives": 2019,
  "target_balance_ratio": 0.3055968301139178,
  "unique_chemicals": 1269,
  "ablation_mode": "structure_only",
  "cell_type_filter": null
}