{
  "target_assay": "TOX21_CAR_LUC_Agonist",
  "n_folds": 3,
  "random_state": 21,
  "global_threshold": 0.14825671911239624,
  "cv_roc_auc_mean": 0.9228970716480097,
  "cv_roc_auc_std": 0.015873450837560622,
  "cv_pr_auc_mean": 0.540112703712285,
  "cv_pr_auc_std": 0.03317082305121471,
  "cv_average_precision_mean": 0.5469488342766113,
  "cv_average_precision_std": 0.03348722265423868,
  "cv_f1_mean": 0.5880854187520854,
  "cv_f1_std": 0.034586733140177364,
  "cv_accuracy_mean": 0.918663111228421,
  "cv_accuracy_std": 0.008829758155696676,
  "cv_precision_mean": 0.4941259941259942,
  "cv_precision_std": 0.019580028077217242,
  "cv_recall_mean": 0.7278981768145855,
  "cv_recall_std": 0.07173889204728848,
  "cv_specificity_mean": 0.9352668308413534,
  "cv_specificity_std": 0.007832134380293619,
  "cv_brier_score_mean": 0.055654840429573194,
  "cv_brier_score_std": 0.005512831826621246,
  "cv_log_loss_mean": 0.21753812418206522,
  "cv_log_loss_std": 0.028356472844571316,
  "oof_roc_auc": 0.921993620414673,
  "oof_pr_auc": 0.5399308773756922,
  "oof_accuracy": 0.9205811138014528,
  "oof_f1": 0.5773195876288659,
  "samples_with_target": 2065,
  "n_httr_features": 16821,
  "n_chemical_features": 163,
  "target_positives": 165,
  "target_negatives": 1900,
  "target_balance_ratio": 0.0868421052631579,
  "unique_chemicals": 1458,
  "ablation_mode": "double_cell_httr_structure",
  "cell_type_filter": null,
  "cell_type_filter_1": "MCF7",
  "cell_type_filter_2": "HepRG"
}