{
  "target_assay": "TOX21_ERb_BLA_Antagonist_ratio",
  "n_folds": 3,
  "random_state": 21,
  "global_threshold": 0.30773332715034485,
  "cv_roc_auc_mean": 0.9129862146074702,
  "cv_roc_auc_std": 0.012338770918844154,
  "cv_pr_auc_mean": 0.7083392164911765,
  "cv_pr_auc_std": 0.00799884522203681,
  "cv_average_precision_mean": 0.7144542251450287,
  "cv_average_precision_std": 0.010671248338190182,
  "cv_f1_mean": 0.737272331154684,
  "cv_f1_std": 0.026820029754670415,
  "cv_accuracy_mean": 0.8835262535262535,
  "cv_accuracy_std": 0.012886051394479786,
  "cv_precision_mean": 0.6658350574013224,
  "cv_precision_std": 0.07684056344518272,
  "cv_recall_mean": 0.8384126466753585,
  "cv_recall_std": 0.07513740397367913,
  "cv_specificity_mean": 0.8959828029079709,
  "cv_specificity_std": 0.03367487320432186,
  "cv_brier_score_mean": 0.09279313556127837,
  "cv_brier_score_std": 0.005631958273699448,
  "cv_log_loss_mean": 0.3427301348250859,
  "cv_log_loss_std": 0.026695175688742193,
  "oof_roc_auc": 0.9090171110226821,
  "oof_pr_auc": 0.6970489774850342,
  "oof_accuracy": 0.8790593505039194,
  "oof_f1": 0.7157894736842105,
  "samples_with_target": 893,
  "n_httr_features": 16821,
  "n_chemical_features": 163,
  "target_positives": 175,
  "target_negatives": 718,
  "target_balance_ratio": 0.24373259052924792,
  "unique_chemicals": 874,
  "ablation_mode": "single_cell_httr_structure",
  "cell_type_filter": "MCF7"
}