{
  "target_assay": "TOX21_DT40_LUC",
  "n_folds": 3,
  "random_state": 21,
  "global_threshold": 0.3291810154914856,
  "cv_roc_auc_mean": 0.914154244854179,
  "cv_roc_auc_std": 0.019141481182971907,
  "cv_pr_auc_mean": 0.902747584076236,
  "cv_pr_auc_std": 0.018878584493323167,
  "cv_average_precision_mean": 0.902993041406044,
  "cv_average_precision_std": 0.018830490038006617,
  "cv_f1_mean": 0.8351100648563211,
  "cv_f1_std": 0.024235526289894477,
  "cv_accuracy_mean": 0.8596872674606585,
  "cv_accuracy_std": 0.010005452728708173,
  "cv_precision_mean": 0.8245729575691302,
  "cv_precision_std": 0.028481300684990458,
  "cv_recall_mean": 0.8499451237242158,
  "cv_recall_std": 0.07367565997725932,
  "cv_specificity_mean": 0.8640538996483454,
  "cv_specificity_std": 0.049930520050447146,
  "cv_brier_score_mean": 0.11267356977969241,
  "cv_brier_score_std": 0.012170158100063732,
  "cv_log_loss_mean": 0.4078984853629321,
  "cv_log_loss_std": 0.06973282620823819,
  "oof_roc_auc": 0.9102951284474613,
  "oof_pr_auc": 0.8994514897314067,
  "oof_accuracy": 0.8572159672466735,
  "oof_f1": 0.8326334733053389,
  "samples_with_target": 1954,
  "n_httr_features": 16821,
  "n_chemical_features": 163,
  "target_positives": 824,
  "target_negatives": 1130,
  "target_balance_ratio": 0.7292035398230089,
  "unique_chemicals": 1333,
  "ablation_mode": "double_cell_httr_structure",
  "cell_type_filter": null,
  "cell_type_filter_1": "MCF7",
  "cell_type_filter_2": "U2OS"
}