{
  "target_assay": "TOX21_p450_CYP3A4_Antagonist",
  "n_folds": 3,
  "random_state": 21,
  "global_threshold": 0.28856372833251953,
  "cv_roc_auc_mean": 0.8784236275748732,
  "cv_roc_auc_std": 0.023470347409512843,
  "cv_pr_auc_mean": 0.8267073233799841,
  "cv_pr_auc_std": 0.03528566354910604,
  "cv_average_precision_mean": 0.8272870089670142,
  "cv_average_precision_std": 0.03509763245586929,
  "cv_f1_mean": 0.769862388848564,
  "cv_f1_std": 0.022911546811698453,
  "cv_accuracy_mean": 0.8147222381433906,
  "cv_accuracy_std": 0.023797351156695547,
  "cv_precision_mean": 0.7538674548020343,
  "cv_precision_std": 0.06550847946253537,
  "cv_recall_mean": 0.7909861206962656,
  "cv_recall_std": 0.04035924662850845,
  "cv_specificity_mean": 0.8328296327673986,
  "cv_specificity_std": 0.048206778882450105,
  "cv_brier_score_mean": 0.1458283248990595,
  "cv_brier_score_std": 0.015213808449170786,
  "cv_log_loss_mean": 0.5335623487964026,
  "cv_log_loss_std": 0.07855674198896134,
  "oof_roc_auc": 0.8777353821437364,
  "oof_pr_auc": 0.8278846366033004,
  "oof_accuracy": 0.805469235550031,
  "oof_f1": 0.7641296156744537,
  "samples_with_target": 1609,
  "n_httr_features": 16821,
  "n_chemical_features": 163,
  "target_positives": 632,
  "target_negatives": 977,
  "target_balance_ratio": 0.646878198567042,
  "unique_chemicals": 1118,
  "ablation_mode": "double_cell_httr_structure",
  "cell_type_filter": null,
  "cell_type_filter_1": "MCF7",
  "cell_type_filter_2": "HepRG"
}