{
  "target_assay": "TOX21_Aromatase_LUC_Antagonist",
  "n_folds": 3,
  "random_state": 21,
  "global_threshold": 0.22439956665039062,
  "cv_roc_auc_mean": 0.9019192032496335,
  "cv_roc_auc_std": 0.032297081244461616,
  "cv_pr_auc_mean": 0.5822274654342837,
  "cv_pr_auc_std": 0.15663110622219933,
  "cv_average_precision_mean": 0.5900453621070527,
  "cv_average_precision_std": 0.14982150855964302,
  "cv_f1_mean": 0.5844998844998845,
  "cv_f1_std": 0.08872726690999738,
  "cv_accuracy_mean": 0.9141393776383199,
  "cv_accuracy_std": 0.011895587789674578,
  "cv_precision_mean": 0.5860196598533313,
  "cv_precision_std": 0.07951121886848246,
  "cv_recall_mean": 0.584793624118351,
  "cv_recall_std": 0.10294021753996824,
  "cv_specificity_mean": 0.9513188189824583,
  "cv_specificity_std": 0.012529406164114203,
  "cv_brier_score_mean": 0.06965248346246933,
  "cv_brier_score_std": 0.005414890762558298,
  "cv_log_loss_mean": 0.2439235803819276,
  "cv_log_loss_std": 0.025752078975720627,
  "oof_roc_auc": 0.903772246201147,
  "oof_pr_auc": 0.5742220557137313,
  "oof_accuracy": 0.8963623884694578,
  "oof_f1": 0.5722379603399433,
  "samples_with_target": 1457,
  "n_httr_features": 16821,
  "n_chemical_features": 163,
  "target_positives": 156,
  "target_negatives": 1301,
  "target_balance_ratio": 0.11990776325903152,
  "unique_chemicals": 991,
  "ablation_mode": "double_cell_httr_structure",
  "cell_type_filter": null,
  "cell_type_filter_1": "MCF7",
  "cell_type_filter_2": "U2OS"
}