{
  "target_assay": "TOX21_AR_BLA_Agonist_ratio",
  "n_folds": 3,
  "random_state": 21,
  "global_threshold": 0.8407429456710815,
  "cv_roc_auc_mean": 0.7891146087899275,
  "cv_roc_auc_std": 0.004667729434883936,
  "cv_pr_auc_mean": 0.5155951340282264,
  "cv_pr_auc_std": 0.0832467604393606,
  "cv_average_precision_mean": 0.5229494349728655,
  "cv_average_precision_std": 0.07673038108836241,
  "cv_f1_mean": 0.5929951690821257,
  "cv_f1_std": 0.09818328061209011,
  "cv_accuracy_mean": 0.9729937714931584,
  "cv_accuracy_std": 0.005238623209457089,
  "cv_precision_mean": 0.7167508417508417,
  "cv_precision_std": 0.1491841597228963,
  "cv_recall_mean": 0.5088522588522588,
  "cv_recall_std": 0.08151897859160523,
  "cv_specificity_mean": 0.9916730149535621,
  "cv_specificity_std": 0.004784503688951521,
  "cv_brier_score_mean": 0.030431336889758163,
  "cv_brier_score_std": 0.002471834570002739,
  "cv_log_loss_mean": 0.15565779923798054,
  "cv_log_loss_std": 0.04355260010222812,
  "oof_roc_auc": 0.8030763894447558,
  "oof_pr_auc": 0.45850661243439933,
  "oof_accuracy": 0.975,
  "oof_f1": 0.5901639344262295,
  "samples_with_target": 1000,
  "n_httr_features": 16821,
  "n_chemical_features": 163,
  "target_positives": 39,
  "target_negatives": 961,
  "target_balance_ratio": 0.04058272632674298,
  "unique_chemicals": 979,
  "ablation_mode": "single_cell_httr_structure",
  "cell_type_filter": "MCF7"
}