{
  "target_assay": "TOX21_p450_CYP3A4_Antagonist",
  "n_folds": 3,
  "random_state": 21,
  "global_threshold": 0.4603305757045746,
  "cv_roc_auc_mean": 0.8927428345556795,
  "cv_roc_auc_std": 0.01776674662883708,
  "cv_pr_auc_mean": 0.8485406892799577,
  "cv_pr_auc_std": 0.024793273675294245,
  "cv_average_precision_mean": 0.8491206182156136,
  "cv_average_precision_std": 0.02431784419078389,
  "cv_f1_mean": 0.7855100765767489,
  "cv_f1_std": 0.010095686911560493,
  "cv_accuracy_mean": 0.8306165168837785,
  "cv_accuracy_std": 0.021971387616454972,
  "cv_precision_mean": 0.7715436504565408,
  "cv_precision_std": 0.041264791729513146,
  "cv_recall_mean": 0.8019448653594995,
  "cv_recall_std": 0.02660764957207357,
  "cv_specificity_mean": 0.8482908076019039,
  "cv_specificity_std": 0.04368602066357284,
  "cv_brier_score_mean": 0.13058268634527315,
  "cv_brier_score_std": 0.016270215009754705,
  "cv_log_loss_mean": 0.4481551868456868,
  "cv_log_loss_std": 0.09033114937870784,
  "oof_roc_auc": 0.8853656091074358,
  "oof_pr_auc": 0.8406923814326889,
  "oof_accuracy": 0.8300220750551877,
  "oof_f1": 0.7773279352226721,
  "samples_with_target": 2265,
  "n_httr_features": 16821,
  "n_chemical_features": 163,
  "target_positives": 876,
  "target_negatives": 1389,
  "target_balance_ratio": 0.6306695464362851,
  "unique_chemicals": 1118
}