{
  "target_assay": "TOX21_ARE_BLA_Agonist_ratio",
  "n_folds": 3,
  "random_state": 21,
  "global_threshold": 0.1646154522895813,
  "cv_roc_auc_mean": 0.913181132922666,
  "cv_roc_auc_std": 0.06789055541111433,
  "cv_pr_auc_mean": 0.6539995300192399,
  "cv_pr_auc_std": 0.08161379857042324,
  "cv_average_precision_mean": 0.6630078104727335,
  "cv_average_precision_std": 0.0808922711552523,
  "cv_f1_mean": 0.6531746031746032,
  "cv_f1_std": 0.10422843973351006,
  "cv_accuracy_mean": 0.9068493687327769,
  "cv_accuracy_std": 0.049264617545711,
  "cv_precision_mean": 0.6413373860182371,
  "cv_precision_std": 0.19049437818704837,
  "cv_recall_mean": 0.7144059644059645,
  "cv_recall_std": 0.17947115929502244,
  "cv_specificity_mean": 0.9271127565245213,
  "cv_specificity_std": 0.05627978753258675,
  "cv_brier_score_mean": 0.07767057107186273,
  "cv_brier_score_std": 0.022444445045043265,
  "cv_log_loss_mean": 0.29607406429969574,
  "cv_log_loss_std": 0.14647617014970796,
  "oof_roc_auc": 0.8804380697282584,
  "oof_pr_auc": 0.6250301638559682,
  "oof_accuracy": 0.8902255639097745,
  "oof_f1": 0.5966850828729282,
  "samples_with_target": 665,
  "n_httr_features": 16821,
  "n_chemical_features": 163,
  "target_positives": 79,
  "target_negatives": 586,
  "target_balance_ratio": 0.1348122866894198,
  "unique_chemicals": 658,
  "ablation_mode": "single_cell_httr_structure",
  "cell_type_filter": "U2OS"
}