{
  "target_assay": "TOX21_PPARg_BLA_Antagonist_ratio",
  "n_folds": 3,
  "random_state": 21,
  "global_threshold": 0.12934839725494385,
  "cv_roc_auc_mean": 0.8924508228519413,
  "cv_roc_auc_std": 0.014428226169616259,
  "cv_pr_auc_mean": 0.5334640912971148,
  "cv_pr_auc_std": 0.07848981448925958,
  "cv_average_precision_mean": 0.537902839324497,
  "cv_average_precision_std": 0.07770137052285227,
  "cv_f1_mean": 0.5449362393359171,
  "cv_f1_std": 0.06908220560926728,
  "cv_accuracy_mean": 0.8647359349469955,
  "cv_accuracy_std": 0.02550089989100437,
  "cv_precision_mean": 0.42762244595526805,
  "cv_precision_std": 0.04594069092339714,
  "cv_recall_mean": 0.7547211610001588,
  "cv_recall_std": 0.13085618931194118,
  "cv_specificity_mean": 0.8764128785435101,
  "cv_specificity_std": 0.034187511427283004,
  "cv_brier_score_mean": 0.07766017249359287,
  "cv_brier_score_std": 0.010583479866767914,
  "cv_log_loss_mean": 0.2760229354580061,
  "cv_log_loss_std": 0.061500166499849455,
  "oof_roc_auc": 0.8751566480754664,
  "oof_pr_auc": 0.525211124469944,
  "oof_accuracy": 0.8563185227928448,
  "oof_f1": 0.5310734463276836,
  "samples_with_target": 1733,
  "n_httr_features": 16821,
  "n_chemical_features": 163,
  "target_positives": 188,
  "target_negatives": 1545,
  "target_balance_ratio": 0.12168284789644013,
  "unique_chemicals": 1181,
  "ablation_mode": "double_cell_httr_structure",
  "cell_type_filter": null,
  "cell_type_filter_1": "MCF7",
  "cell_type_filter_2": "U2OS"
}