{
  "target_assay": "TOX21_RAR_LUC_Antagonist",
  "n_folds": 3,
  "random_state": 21,
  "global_threshold": 0.3836411237716675,
  "cv_roc_auc_mean": 0.9261164071424303,
  "cv_roc_auc_std": 0.02325745104613743,
  "cv_pr_auc_mean": 0.6113411353745802,
  "cv_pr_auc_std": 0.10163778415004344,
  "cv_average_precision_mean": 0.6182558200010341,
  "cv_average_precision_std": 0.09835194399088884,
  "cv_f1_mean": 0.6672971323978035,
  "cv_f1_std": 0.06408468081445376,
  "cv_accuracy_mean": 0.9284715146262528,
  "cv_accuracy_std": 0.00705629674291256,
  "cv_precision_mean": 0.6300823130069434,
  "cv_precision_std": 0.048264771353584715,
  "cv_recall_mean": 0.714678231271594,
  "cv_recall_std": 0.11426488654749953,
  "cv_specificity_mean": 0.9520102553991138,
  "cv_specificity_std": 0.011326570119349016,
  "cv_brier_score_mean": 0.05993782664670758,
  "cv_brier_score_std": 0.010374614341269723,
  "cv_log_loss_mean": 0.23938376770603143,
  "cv_log_loss_std": 0.08092669716587338,
  "oof_roc_auc": 0.9148536260811708,
  "oof_pr_auc": 0.5888737039804168,
  "oof_accuracy": 0.9271935283136279,
  "oof_f1": 0.6704225352112676,
  "samples_with_target": 1607,
  "n_httr_features": 16821,
  "n_chemical_features": 163,
  "target_positives": 167,
  "target_negatives": 1440,
  "target_balance_ratio": 0.11597222222222223,
  "unique_chemicals": 1093,
  "ablation_mode": "double_cell_httr_structure",
  "cell_type_filter": null,
  "cell_type_filter_1": "MCF7",
  "cell_type_filter_2": "U2OS"
}