{
  "target_assay": "TOX21_TSHR_HTRF_Agonist_ratio",
  "n_folds": 3,
  "random_state": 21,
  "global_threshold": 0.14738255739212036,
  "cv_roc_auc_mean": 0.7267501470016388,
  "cv_roc_auc_std": 0.038745182873586415,
  "cv_pr_auc_mean": 0.26673158934575625,
  "cv_pr_auc_std": 0.04667080443874739,
  "cv_average_precision_mean": 0.2740221894078772,
  "cv_average_precision_std": 0.045251017755062746,
  "cv_f1_mean": 0.3330316742081448,
  "cv_f1_std": 0.028806867045062464,
  "cv_accuracy_mean": 0.9021670592351221,
  "cv_accuracy_std": 0.020875371188779576,
  "cv_precision_mean": 0.3324175824175824,
  "cv_precision_std": 0.11323881233804918,
  "cv_recall_mean": 0.38800125313283207,
  "cv_recall_std": 0.15186668076479298,
  "cv_specificity_mean": 0.9391966577543425,
  "cv_specificity_std": 0.03691781863164174,
  "cv_brier_score_mean": 0.0717464008294239,
  "cv_brier_score_std": 0.004776168760914901,
  "cv_log_loss_mean": 0.3671248230914363,
  "cv_log_loss_std": 0.07384846936803224,
  "oof_roc_auc": 0.7251390743213173,
  "oof_pr_auc": 0.25037214142209835,
  "oof_accuracy": 0.8887594641817123,
  "oof_f1": 0.3154121863799283,
  "samples_with_target": 1717,
  "n_httr_features": 16821,
  "n_chemical_features": 163,
  "target_positives": 112,
  "target_negatives": 1605,
  "target_balance_ratio": 0.06978193146417445,
  "unique_chemicals": 848,
  "ablation_mode": "double_cell_httr_structure",
  "cell_type_filter": null,
  "cell_type_filter_1": "U2OS",
  "cell_type_filter_2": "HepRG"
}