{
  "target_assay": "TOX21_PPARg_BLA_Antagonist_ratio",
  "n_folds": 3,
  "random_state": 21,
  "global_threshold": 0.23398934304714203,
  "cv_roc_auc_mean": 0.8302939039941176,
  "cv_roc_auc_std": 0.0053857912943953,
  "cv_pr_auc_mean": 0.3905484361738218,
  "cv_pr_auc_std": 0.06809105794097536,
  "cv_average_precision_mean": 0.3979229065914001,
  "cv_average_precision_std": 0.0649844961588908,
  "cv_f1_mean": 0.45703711493185173,
  "cv_f1_std": 0.016587552624353272,
  "cv_accuracy_mean": 0.8636512136512137,
  "cv_accuracy_std": 0.04392631071359297,
  "cv_precision_mean": 0.42142934723579883,
  "cv_precision_std": 0.12586791364581815,
  "cv_recall_mean": 0.5795772946859903,
  "cv_recall_std": 0.1872604551642791,
  "cv_specificity_mean": 0.894133469129744,
  "cv_specificity_std": 0.06637858162641887,
  "cv_brier_score_mean": 0.08206378840315194,
  "cv_brier_score_std": 0.011257764834130159,
  "cv_log_loss_mean": 0.3070704433333732,
  "cv_log_loss_std": 0.019773484981828224,
  "oof_roc_auc": 0.804549114331723,
  "oof_pr_auc": 0.3758025409581121,
  "oof_accuracy": 0.8632302405498282,
  "oof_f1": 0.45179063360881544,
  "samples_with_target": 1455,
  "n_httr_features": 16821,
  "n_chemical_features": 163,
  "target_positives": 144,
  "target_negatives": 1311,
  "target_balance_ratio": 0.10983981693363844,
  "unique_chemicals": 718,
  "ablation_mode": "double_cell_httr_structure",
  "cell_type_filter": null,
  "cell_type_filter_1": "U2OS",
  "cell_type_filter_2": "HepRG"
}