{
  "target_assay": "TOX21_hERG_U2OS_Antagonist",
  "n_folds": 3,
  "random_state": 21,
  "global_threshold": 0.23116500675678253,
  "cv_roc_auc_mean": 0.9312137421046071,
  "cv_roc_auc_std": 0.010980438387288285,
  "cv_pr_auc_mean": 0.6444529800719675,
  "cv_pr_auc_std": 0.043171236204593,
  "cv_average_precision_mean": 0.6489588663615401,
  "cv_average_precision_std": 0.04097978850679148,
  "cv_f1_mean": 0.6372122517683373,
  "cv_f1_std": 0.019094007153033672,
  "cv_accuracy_mean": 0.9376438217626114,
  "cv_accuracy_std": 0.01893314939376762,
  "cv_precision_mean": 0.6249673202614379,
  "cv_precision_std": 0.06498493994443795,
  "cv_recall_mean": 0.6604233194137394,
  "cv_recall_std": 0.08152830969420355,
  "cv_specificity_mean": 0.961006873299473,
  "cv_specificity_std": 0.021639783207752443,
  "cv_brier_score_mean": 0.049829719602996814,
  "cv_brier_score_std": 0.009716994642369896,
  "cv_log_loss_mean": 0.19142978380605377,
  "cv_log_loss_std": 0.05106944908837144,
  "oof_roc_auc": 0.9187374803746412,
  "oof_pr_auc": 0.6213522930762274,
  "oof_accuracy": 0.9276123759486281,
  "oof_f1": 0.5894039735099338,
  "samples_with_target": 1713,
  "n_httr_features": 16821,
  "n_chemical_features": 163,
  "target_positives": 141,
  "target_negatives": 1572,
  "target_balance_ratio": 0.08969465648854962,
  "unique_chemicals": 841,
  "ablation_mode": "double_cell_httr_structure",
  "cell_type_filter": null,
  "cell_type_filter_1": "U2OS",
  "cell_type_filter_2": "HepRG"
}