{
  "target_assay": "TOX21_p450_CYP2C9_Antagonist",
  "n_folds": 3,
  "random_state": 21,
  "global_threshold": 0.36334699392318726,
  "cv_roc_auc_mean": 0.8961040688744495,
  "cv_roc_auc_std": 0.019058498482333944,
  "cv_pr_auc_mean": 0.9078285022052381,
  "cv_pr_auc_std": 0.015527566844091538,
  "cv_average_precision_mean": 0.9079382029921638,
  "cv_average_precision_std": 0.015498723042436106,
  "cv_f1_mean": 0.8365400265493248,
  "cv_f1_std": 0.01283478980542158,
  "cv_accuracy_mean": 0.8262442755627056,
  "cv_accuracy_std": 0.025917914199082376,
  "cv_precision_mean": 0.8287813344851306,
  "cv_precision_std": 0.0440525989009682,
  "cv_recall_mean": 0.8463243996515105,
  "cv_recall_std": 0.024606057804834484,
  "cv_specificity_mean": 0.8016578174129787,
  "cv_specificity_std": 0.08360747063331114,
  "cv_brier_score_mean": 0.13215069563703172,
  "cv_brier_score_std": 0.010159076849538342,
  "cv_log_loss_mean": 0.44924449209083406,
  "cv_log_loss_std": 0.0069010381466840616,
  "oof_roc_auc": 0.8954233072364544,
  "oof_pr_auc": 0.9062285836705347,
  "oof_accuracy": 0.8229508196721311,
  "oof_f1": 0.8351648351648352,
  "samples_with_target": 3050,
  "n_httr_features": 16821,
  "n_chemical_features": 163,
  "target_positives": 1596,
  "target_negatives": 1454,
  "target_balance_ratio": 0.9110275689223057,
  "unique_chemicals": 1520
}