{
  "target_assay": "TOX21_Aromatase_LUC_Antagonist",
  "n_folds": 3,
  "random_state": 21,
  "global_threshold": 0.1439305990934372,
  "cv_roc_auc_mean": 0.8371569195640759,
  "cv_roc_auc_std": 0.05918315437490643,
  "cv_pr_auc_mean": 0.46118019493775114,
  "cv_pr_auc_std": 0.1870407532007764,
  "cv_average_precision_mean": 0.47546090370363686,
  "cv_average_precision_std": 0.1840256937331755,
  "cv_f1_mean": 0.5120165437066846,
  "cv_f1_std": 0.1751745935256768,
  "cv_accuracy_mean": 0.8600264438592847,
  "cv_accuracy_std": 0.08588089240747057,
  "cv_precision_mean": 0.47663139329806,
  "cv_precision_std": 0.23643725097684426,
  "cv_recall_mean": 0.6244164332399627,
  "cv_recall_std": 0.0204924185375244,
  "cv_specificity_mean": 0.8896788197863467,
  "cv_specificity_std": 0.10186472793665109,
  "cv_brier_score_mean": 0.08951068388709021,
  "cv_brier_score_std": 0.021703845916680613,
  "cv_log_loss_mean": 0.32227064128320515,
  "cv_log_loss_std": 0.061604813307771206,
  "oof_roc_auc": 0.8200587563244655,
  "oof_pr_auc": 0.4159170839172305,
  "oof_accuracy": 0.8378812199036918,
  "oof_f1": 0.4540540540540541,
  "samples_with_target": 623,
  "n_httr_features": 16821,
  "n_chemical_features": 163,
  "target_positives": 66,
  "target_negatives": 557,
  "target_balance_ratio": 0.118491921005386,
  "unique_chemicals": 616,
  "ablation_mode": "single_cell_httr_structure",
  "cell_type_filter": "HepRG"
}