{
  "target_assay": "TOX21_PXR_LUC_Agonist",
  "n_folds": 3,
  "random_state": 21,
  "global_threshold": 0.5362953543663025,
  "cv_roc_auc_mean": 0.9042173861190088,
  "cv_roc_auc_std": 0.018101029205922905,
  "cv_pr_auc_mean": 0.8435843915805982,
  "cv_pr_auc_std": 0.031539251576901725,
  "cv_average_precision_mean": 0.8443468949008178,
  "cv_average_precision_std": 0.030794968597952072,
  "cv_f1_mean": 0.7892034783648989,
  "cv_f1_std": 0.018185215662952003,
  "cv_accuracy_mean": 0.8663337145681992,
  "cv_accuracy_std": 0.02890091886333289,
  "cv_precision_mean": 0.8140144699355226,
  "cv_precision_std": 0.06189951563497413,
  "cv_recall_mean": 0.7686017830585258,
  "cv_recall_std": 0.022487033803821114,
  "cv_specificity_mean": 0.9114592461636316,
  "cv_specificity_std": 0.04345681958603483,
  "cv_brier_score_mean": 0.10849716477558928,
  "cv_brier_score_std": 0.014994200054344214,
  "cv_log_loss_mean": 0.3693296985905347,
  "cv_log_loss_std": 0.05337306535838967,
  "oof_roc_auc": 0.8956668560979475,
  "oof_pr_auc": 0.8313147343262677,
  "oof_accuracy": 0.8658704639412035,
  "oof_f1": 0.779788838612368,
  "samples_with_target": 2177,
  "n_httr_features": 16821,
  "n_chemical_features": 0,
  "target_positives": 701,
  "target_negatives": 1476,
  "target_balance_ratio": 0.4749322493224932,
  "unique_chemicals": 1060,
  "ablation_mode": "httr_only",
  "cell_type_filter": null
}