{
  "target_assay": "TOX21_HDAC_LUC_Antagonist",
  "n_folds": 3,
  "random_state": 21,
  "global_threshold": 0.10147534310817719,
  "cv_roc_auc_mean": 0.8487770985259768,
  "cv_roc_auc_std": 0.07555339898756054,
  "cv_pr_auc_mean": 0.2855336535771463,
  "cv_pr_auc_std": 0.11987687523324768,
  "cv_average_precision_mean": 0.2938352962877821,
  "cv_average_precision_std": 0.11835873345636064,
  "cv_f1_mean": 0.3365712171490903,
  "cv_f1_std": 0.08248854953936705,
  "cv_accuracy_mean": 0.9526210250164545,
  "cv_accuracy_std": 0.01752551603255295,
  "cv_precision_mean": 0.34494507022667226,
  "cv_precision_std": 0.03316339680231596,
  "cv_recall_mean": 0.37480506822612086,
  "cv_recall_std": 0.22018923935944812,
  "cv_specificity_mean": 0.9743943515371578,
  "cv_specificity_std": 0.014813337301188353,
  "cv_brier_score_mean": 0.03444838628058265,
  "cv_brier_score_std": 0.012111552195700275,
  "cv_log_loss_mean": 0.174404515257888,
  "cv_log_loss_std": 0.09868043295031377,
  "oof_roc_auc": 0.8070293304668305,
  "oof_pr_auc": 0.23914396491790396,
  "oof_accuracy": 0.9409609120521173,
  "oof_f1": 0.3192488262910798,
  "samples_with_target": 2456,
  "n_httr_features": 16821,
  "n_chemical_features": 163,
  "target_positives": 88,
  "target_negatives": 2368,
  "target_balance_ratio": 0.037162162162162164,
  "unique_chemicals": 1708,
  "ablation_mode": "double_cell_httr_structure",
  "cell_type_filter": null,
  "cell_type_filter_1": "MCF7",
  "cell_type_filter_2": "HepRG"
}