{
  "target_assay": "TOX21_AP1_BLA_Agonist_ratio",
  "n_folds": 3,
  "random_state": 21,
  "global_threshold": 0.40595877170562744,
  "cv_roc_auc_mean": 0.7923343402206727,
  "cv_roc_auc_std": 0.0553947024722592,
  "cv_pr_auc_mean": 0.260458396031728,
  "cv_pr_auc_std": 0.08796564712040893,
  "cv_average_precision_mean": 0.28261310732148753,
  "cv_average_precision_std": 0.08447379347044492,
  "cv_f1_mean": 0.38839158851946576,
  "cv_f1_std": 0.06529407720481008,
  "cv_accuracy_mean": 0.9446305820063681,
  "cv_accuracy_std": 0.03332916666101237,
  "cv_precision_mean": 0.4737654320987654,
  "cv_precision_std": 0.1659147992852248,
  "cv_recall_mean": 0.3412698412698412,
  "cv_recall_std": 0.013746434980705392,
  "cv_specificity_mean": 0.9744398727555823,
  "cv_specificity_std": 0.02515631069423457,
  "cv_brier_score_mean": 0.04510559293665369,
  "cv_brier_score_std": 0.018038438665065184,
  "cv_log_loss_mean": 0.23498897735484436,
  "cv_log_loss_std": 0.14823074709579678,
  "oof_roc_auc": 0.7171402804548106,
  "oof_pr_auc": 0.21165121908496876,
  "oof_accuracy": 0.9482142857142857,
  "oof_f1": 0.3409090909090909,
  "samples_with_target": 1120,
  "n_httr_features": 16821,
  "n_chemical_features": 163,
  "target_positives": 53,
  "target_negatives": 1067,
  "target_balance_ratio": 0.04967197750702906,
  "unique_chemicals": 1098,
  "ablation_mode": "single_cell_httr_structure",
  "cell_type_filter": "MCF7"
}