{
  "target_assay": "TOX21_RAR_LUC_Antagonist",
  "n_folds": 3,
  "random_state": 21,
  "global_threshold": 0.28539639711380005,
  "cv_roc_auc_mean": 0.9238800555300055,
  "cv_roc_auc_std": 0.010156609570234322,
  "cv_pr_auc_mean": 0.6495527325856226,
  "cv_pr_auc_std": 0.08159781694262129,
  "cv_average_precision_mean": 0.6591789798874929,
  "cv_average_precision_std": 0.07824404583720791,
  "cv_f1_mean": 0.6764665286404417,
  "cv_f1_std": 0.09106938526812638,
  "cv_accuracy_mean": 0.9212056439345945,
  "cv_accuracy_std": 0.017489999891909525,
  "cv_precision_mean": 0.6017768780926676,
  "cv_precision_std": 0.07791282469432552,
  "cv_recall_mean": 0.7733446519524617,
  "cv_recall_std": 0.1152531280014307,
  "cv_specificity_mean": 0.9381615816089134,
  "cv_specificity_std": 0.01314413901434716,
  "cv_brier_score_mean": 0.06443886927819302,
  "cv_brier_score_std": 0.016275502241409192,
  "cv_log_loss_mean": 0.2575891449621718,
  "cv_log_loss_std": 0.0717195296409519,
  "oof_roc_auc": 0.9245520581113801,
  "oof_pr_auc": 0.6253656611692182,
  "oof_accuracy": 0.9200863930885529,
  "oof_f1": 0.6605504587155964,
  "samples_with_target": 926,
  "n_httr_features": 16821,
  "n_chemical_features": 163,
  "target_positives": 100,
  "target_negatives": 826,
  "target_balance_ratio": 0.12106537530266344,
  "unique_chemicals": 905,
  "ablation_mode": "single_cell_httr_structure",
  "cell_type_filter": "MCF7"
}