{
  "target_assay": "TOX21_TSHR_HTRF_Agonist_ratio",
  "n_folds": 3,
  "random_state": 21,
  "global_threshold": 0.316299170255661,
  "cv_roc_auc_mean": 0.883447034721677,
  "cv_roc_auc_std": 0.0063125884574561026,
  "cv_pr_auc_mean": 0.4766087607220813,
  "cv_pr_auc_std": 0.1656046239641014,
  "cv_average_precision_mean": 0.4905929664811785,
  "cv_average_precision_std": 0.1520683164218681,
  "cv_f1_mean": 0.5555555555555555,
  "cv_f1_std": 0.10362697139300972,
  "cv_accuracy_mean": 0.9322468450086904,
  "cv_accuracy_std": 0.020387619426861896,
  "cv_precision_mean": 0.5290069138906348,
  "cv_precision_std": 0.1053741567115797,
  "cv_recall_mean": 0.5864661654135338,
  "cv_recall_std": 0.10666096617326518,
  "cv_specificity_mean": 0.9582225516619922,
  "cv_specificity_std": 0.01692640502436427,
  "cv_brier_score_mean": 0.05718559167884021,
  "cv_brier_score_std": 0.007978778167424462,
  "cv_log_loss_mean": 0.21304753806578483,
  "cv_log_loss_std": 0.010412946004776087,
  "oof_roc_auc": 0.8685454102948931,
  "oof_pr_auc": 0.4754081803531346,
  "oof_accuracy": 0.9156223893065998,
  "oof_f1": 0.5167464114832536,
  "samples_with_target": 1197,
  "n_httr_features": 16821,
  "n_chemical_features": 163,
  "target_positives": 89,
  "target_negatives": 1108,
  "target_balance_ratio": 0.08032490974729242,
  "unique_chemicals": 1171,
  "ablation_mode": "single_cell_httr_structure",
  "cell_type_filter": "MCF7"
}