{
  "target_assay": "TOX21_p450_CYP2C9_Antagonist",
  "n_folds": 3,
  "random_state": 21,
  "global_threshold": 0.3315020501613617,
  "cv_roc_auc_mean": 0.8357011697982659,
  "cv_roc_auc_std": 0.034147832055381,
  "cv_pr_auc_mean": 0.8417454063640584,
  "cv_pr_auc_std": 0.047936755016589616,
  "cv_average_precision_mean": 0.8426138405719558,
  "cv_average_precision_std": 0.047470956529956025,
  "cv_f1_mean": 0.7698483118859832,
  "cv_f1_std": 0.033941573661535135,
  "cv_accuracy_mean": 0.7514610313712656,
  "cv_accuracy_std": 0.04924216715262577,
  "cv_precision_mean": 0.7316333845366104,
  "cv_precision_std": 0.0964047287775793,
  "cv_recall_mean": 0.8216870000672177,
  "cv_recall_std": 0.045878014264116904,
  "cv_specificity_mean": 0.6841055341055341,
  "cv_specificity_std": 0.1385167534004651,
  "cv_brier_score_mean": 0.17777795305473,
  "cv_brier_score_std": 0.031090038510449274,
  "cv_log_loss_mean": 0.5807449288668178,
  "cv_log_loss_std": 0.12921444850936836,
  "oof_roc_auc": 0.8238677734090578,
  "oof_pr_auc": 0.821804858029963,
  "oof_accuracy": 0.750285062713797,
  "oof_f1": 0.7642626480086114,
  "samples_with_target": 877,
  "n_httr_features": 16821,
  "n_chemical_features": 163,
  "target_positives": 441,
  "target_negatives": 436,
  "target_balance_ratio": 0.9886621315192744,
  "unique_chemicals": 865,
  "ablation_mode": "single_cell_httr_structure",
  "cell_type_filter": "HepRG"
}