{
  "target_assay": "TOX21_PXR_LUC_Agonist",
  "n_folds": 3,
  "random_state": 21,
  "global_threshold": 0.3367084562778473,
  "cv_roc_auc_mean": 0.9404826482410987,
  "cv_roc_auc_std": 0.018810901373059415,
  "cv_pr_auc_mean": 0.8890519443760759,
  "cv_pr_auc_std": 0.034612960213336916,
  "cv_average_precision_mean": 0.8896440412623433,
  "cv_average_precision_std": 0.03435683450190784,
  "cv_f1_mean": 0.8277983348751157,
  "cv_f1_std": 0.03682621498437699,
  "cv_accuracy_mean": 0.882826094257862,
  "cv_accuracy_std": 0.023173838304537998,
  "cv_precision_mean": 0.7987343639517553,
  "cv_precision_std": 0.06312078763033832,
  "cv_recall_mean": 0.8625298011817475,
  "cv_recall_std": 0.049747782266814936,
  "cv_specificity_mean": 0.8911410856532808,
  "cv_specificity_std": 0.04772835978000743,
  "cv_brier_score_mean": 0.09050658242482136,
  "cv_brier_score_std": 0.010657691184953636,
  "cv_log_loss_mean": 0.3065961763821213,
  "cv_log_loss_std": 0.04861717929500358,
  "oof_roc_auc": 0.938816952230144,
  "oof_pr_auc": 0.8878524313232883,
  "oof_accuracy": 0.8810457516339869,
  "oof_f1": 0.8236434108527132,
  "samples_with_target": 1530,
  "n_httr_features": 16821,
  "n_chemical_features": 163,
  "target_positives": 503,
  "target_negatives": 1027,
  "target_balance_ratio": 0.48977604673807207,
  "unique_chemicals": 1060,
  "ablation_mode": "double_cell_httr_structure",
  "cell_type_filter": null,
  "cell_type_filter_1": "MCF7",
  "cell_type_filter_2": "HepRG"
}