{
  "target_assay": "TOX21_ARE_BLA_Agonist_ratio",
  "n_folds": 3,
  "random_state": 21,
  "global_threshold": 0.3925655782222748,
  "cv_roc_auc_mean": 0.8454690641640163,
  "cv_roc_auc_std": 0.03844755465201042,
  "cv_pr_auc_mean": 0.5367098103105364,
  "cv_pr_auc_std": 0.07308455989142938,
  "cv_average_precision_mean": 0.5490409421134803,
  "cv_average_precision_std": 0.064570553372227,
  "cv_f1_mean": 0.5644111906310995,
  "cv_f1_std": 0.0716027300788229,
  "cv_accuracy_mean": 0.8722057025011392,
  "cv_accuracy_std": 0.04732729594908056,
  "cv_precision_mean": 0.5374422041088708,
  "cv_precision_std": 0.23766410097178461,
  "cv_recall_mean": 0.6874618437118437,
  "cv_recall_std": 0.13533300662708006,
  "cv_specificity_mean": 0.9003781905893365,
  "cv_specificity_std": 0.07579935321310961,
  "cv_brier_score_mean": 0.08513886812506462,
  "cv_brier_score_std": 0.002556076232339496,
  "cv_log_loss_mean": 0.34257998324449673,
  "cv_log_loss_std": 0.027431083755798703,
  "oof_roc_auc": 0.8487504057124311,
  "oof_pr_auc": 0.5175683571303665,
  "oof_accuracy": 0.8945783132530121,
  "oof_f1": 0.5138888888888888,
  "samples_with_target": 664,
  "n_httr_features": 16821,
  "n_chemical_features": 163,
  "target_positives": 79,
  "target_negatives": 585,
  "target_balance_ratio": 0.13504273504273503,
  "unique_chemicals": 657,
  "ablation_mode": "single_cell_httr_structure",
  "cell_type_filter": "HepRG"
}