{
  "target_assay": "TOX21_MMP_ratio",
  "n_folds": 3,
  "random_state": 21,
  "global_threshold": 0.2367311269044876,
  "cv_roc_auc_mean": 0.8667874890506072,
  "cv_roc_auc_std": 0.029509604776226606,
  "cv_pr_auc_mean": 0.6236790660320465,
  "cv_pr_auc_std": 0.057412957866017446,
  "cv_average_precision_mean": 0.6250999289213305,
  "cv_average_precision_std": 0.05692253427922642,
  "cv_f1_mean": 0.608597253660411,
  "cv_f1_std": 0.031556355737110714,
  "cv_accuracy_mean": 0.8656370931540053,
  "cv_accuracy_std": 0.021296546714164973,
  "cv_precision_mean": 0.5734044462230606,
  "cv_precision_std": 0.04491208750755012,
  "cv_recall_mean": 0.6496660425918189,
  "cv_recall_std": 0.024785865562713134,
  "cv_specificity_mean": 0.9067093135794547,
  "cv_specificity_std": 0.02163395034727586,
  "cv_brier_score_mean": 0.09970166497597217,
  "cv_brier_score_std": 0.013382233894998395,
  "cv_log_loss_mean": 0.3612991034593303,
  "cv_log_loss_std": 0.09167822677133675,
  "oof_roc_auc": 0.8503106300747546,
  "oof_pr_auc": 0.591289937320836,
  "oof_accuracy": 0.8503233754234678,
  "oof_f1": 0.592964824120603,
  "samples_with_target": 3247,
  "n_httr_features": 16821,
  "n_chemical_features": 0,
  "target_positives": 519,
  "target_negatives": 2728,
  "target_balance_ratio": 0.19024926686217009,
  "unique_chemicals": 1569,
  "ablation_mode": "httr_only",
  "cell_type_filter": null
}