{
  "target_assay": "TOX21_ERR_LUC_Antagonist",
  "n_folds": 3,
  "random_state": 21,
  "global_threshold": 0.37865009903907776,
  "cv_roc_auc_mean": 0.918993934316673,
  "cv_roc_auc_std": 0.02437356149239668,
  "cv_pr_auc_mean": 0.816482586612886,
  "cv_pr_auc_std": 0.043018473805076694,
  "cv_average_precision_mean": 0.8179139369668521,
  "cv_average_precision_std": 0.04248497511559349,
  "cv_f1_mean": 0.7532943831286373,
  "cv_f1_std": 0.031355233153393156,
  "cv_accuracy_mean": 0.8951316019221328,
  "cv_accuracy_std": 0.016509947481409906,
  "cv_precision_mean": 0.7543171114599686,
  "cv_precision_std": 0.025831212985721098,
  "cv_recall_mean": 0.7523361823361823,
  "cv_recall_std": 0.03691242460036349,
  "cv_specificity_mean": 0.9337738321134905,
  "cv_specificity_std": 0.009314598792730694,
  "cv_brier_score_mean": 0.08577498746170369,
  "cv_brier_score_std": 0.01742221614936815,
  "cv_log_loss_mean": 0.3708716581202163,
  "cv_log_loss_std": 0.12194198759119917,
  "oof_roc_auc": 0.9153564088629024,
  "oof_pr_auc": 0.8075178616271455,
  "oof_accuracy": 0.89587852494577,
  "oof_f1": 0.7491289198606271,
  "samples_with_target": 1383,
  "n_httr_features": 16821,
  "n_chemical_features": 163,
  "target_positives": 294,
  "target_negatives": 1089,
  "target_balance_ratio": 0.2699724517906336,
  "unique_chemicals": 684,
  "ablation_mode": "double_cell_httr_structure",
  "cell_type_filter": null,
  "cell_type_filter_1": "U2OS",
  "cell_type_filter_2": "HepRG"
}