{
  "target_assay": "TOX21_p450_CYP2C19_Antagonist",
  "n_folds": 3,
  "random_state": 21,
  "global_threshold": 0.4536626935005188,
  "cv_roc_auc_mean": 0.8357520555385237,
  "cv_roc_auc_std": 0.0182398617992018,
  "cv_pr_auc_mean": 0.8381818660603377,
  "cv_pr_auc_std": 0.0055133211142600206,
  "cv_average_precision_mean": 0.8387625519298026,
  "cv_average_precision_std": 0.0055868843837218966,
  "cv_f1_mean": 0.7827809496396072,
  "cv_f1_std": 0.004479423836885954,
  "cv_accuracy_mean": 0.7899443434398266,
  "cv_accuracy_std": 0.008593786727957306,
  "cv_precision_mean": 0.7870350013694952,
  "cv_precision_std": 0.03770164535136105,
  "cv_recall_mean": 0.7807549267694195,
  "cv_recall_std": 0.03449505038473686,
  "cv_specificity_mean": 0.799031689186262,
  "cv_specificity_std": 0.047642420705486285,
  "cv_brier_score_mean": 0.16388919189779674,
  "cv_brier_score_std": 0.010369895170663591,
  "cv_log_loss_mean": 0.5786348755880547,
  "cv_log_loss_std": 0.13507632842785672,
  "oof_roc_auc": 0.8326894098682367,
  "oof_pr_auc": 0.8326027137047123,
  "oof_accuracy": 0.7884615384615384,
  "oof_f1": 0.7772585669781932,
  "samples_with_target": 1352,
  "n_httr_features": 16821,
  "n_chemical_features": 163,
  "target_positives": 656,
  "target_negatives": 696,
  "target_balance_ratio": 0.9425287356321839,
  "unique_chemicals": 1327,
  "ablation_mode": "single_cell_httr_structure",
  "cell_type_filter": "MCF7"
}