{
  "target_assay": "TOX21_p450_CYP2D6_Antagonist",
  "n_folds": 3,
  "random_state": 21,
  "global_threshold": 0.39529845118522644,
  "cv_roc_auc_mean": 0.8053783814391074,
  "cv_roc_auc_std": 0.06012055469942148,
  "cv_pr_auc_mean": 0.7387473706055206,
  "cv_pr_auc_std": 0.08622496301140903,
  "cv_average_precision_mean": 0.7396004599072622,
  "cv_average_precision_std": 0.08578024660900334,
  "cv_f1_mean": 0.6880296228931657,
  "cv_f1_std": 0.05405185752129074,
  "cv_accuracy_mean": 0.7620827919287483,
  "cv_accuracy_std": 0.07392416886272091,
  "cv_precision_mean": 0.6681388585766973,
  "cv_precision_std": 0.12881899062888777,
  "cv_recall_mean": 0.7244218592564576,
  "cv_recall_std": 0.0396005532008025,
  "cv_specificity_mean": 0.7831445361133321,
  "cv_specificity_std": 0.13822000462117728,
  "cv_brier_score_mean": 0.1713082780409655,
  "cv_brier_score_std": 0.03585036550014504,
  "cv_log_loss_mean": 0.5513947890035197,
  "cv_log_loss_std": 0.11848505314751417,
  "oof_roc_auc": 0.8016952253186169,
  "oof_pr_auc": 0.7269752958174359,
  "oof_accuracy": 0.7624161073825504,
  "oof_f1": 0.6822262118491921,
  "samples_with_target": 1490,
  "n_httr_features": 16821,
  "n_chemical_features": 163,
  "target_positives": 529,
  "target_negatives": 961,
  "target_balance_ratio": 0.5504682622268471,
  "unique_chemicals": 732,
  "ablation_mode": "double_cell_httr_structure",
  "cell_type_filter": null,
  "cell_type_filter_1": "U2OS",
  "cell_type_filter_2": "HepRG"
}