{
  "target_assay": "TOX21_ERa_LUC_VM7_Antagonist_0_1nM_E2",
  "n_folds": 3,
  "random_state": 21,
  "global_threshold": 0.3568045496940613,
  "cv_roc_auc_mean": 0.9350271953236348,
  "cv_roc_auc_std": 0.007837721094758844,
  "cv_pr_auc_mean": 0.7195591439261116,
  "cv_pr_auc_std": 0.05523368383771036,
  "cv_average_precision_mean": 0.7214304066903079,
  "cv_average_precision_std": 0.05421202447216285,
  "cv_f1_mean": 0.6853434853014448,
  "cv_f1_std": 0.043830298020417005,
  "cv_accuracy_mean": 0.9199602218844348,
  "cv_accuracy_std": 0.007837541640074084,
  "cv_precision_mean": 0.6186276328973667,
  "cv_precision_std": 0.07788327179989554,
  "cv_recall_mean": 0.7744477744477744,
  "cv_recall_std": 0.01581079596232552,
  "cv_specificity_mean": 0.9391188401335911,
  "cv_specificity_std": 0.009551569794124592,
  "cv_brier_score_mean": 0.061944572160240484,
  "cv_brier_score_std": 0.008060389430378782,
  "cv_log_loss_mean": 0.25009648253200684,
  "cv_log_loss_std": 0.053171459120450404,
  "oof_roc_auc": 0.920195145368551,
  "oof_pr_auc": 0.7080198586737704,
  "oof_accuracy": 0.9196018376722818,
  "oof_f1": 0.6590909090909091,
  "samples_with_target": 2612,
  "n_httr_features": 16821,
  "n_chemical_features": 163,
  "target_positives": 299,
  "target_negatives": 2313,
  "target_balance_ratio": 0.12926934716817987,
  "unique_chemicals": 1266
}