{
  "target_assay": "TOX21_TSHR_HTRF_Agonist_ratio",
  "n_folds": 3,
  "random_state": 21,
  "global_threshold": 0.43688610196113586,
  "cv_roc_auc_mean": 0.7906245350379794,
  "cv_roc_auc_std": 0.04176133432234874,
  "cv_pr_auc_mean": 0.2738053776997094,
  "cv_pr_auc_std": 0.08626829281536365,
  "cv_average_precision_mean": 0.30116097602758435,
  "cv_average_precision_std": 0.07660109140158167,
  "cv_f1_mean": 0.40030971738288806,
  "cv_f1_std": 0.033527890196842394,
  "cv_accuracy_mean": 0.9125455785989924,
  "cv_accuracy_std": 0.046437539572905806,
  "cv_precision_mean": 0.41005291005291006,
  "cv_precision_std": 0.111205553211554,
  "cv_recall_mean": 0.4320220841959972,
  "cv_recall_std": 0.12416032434809504,
  "cv_specificity_mean": 0.944616265762238,
  "cv_specificity_std": 0.05141648729438246,
  "cv_brier_score_mean": 0.06491899578191757,
  "cv_brier_score_std": 0.0063562548623276125,
  "cv_log_loss_mean": 0.24458152195238378,
  "cv_log_loss_std": 0.013638171608236724,
  "oof_roc_auc": 0.792230030243729,
  "oof_pr_auc": 0.26662761424112175,
  "oof_accuracy": 0.9161816065192084,
  "oof_f1": 0.34545454545454546,
  "samples_with_target": 859,
  "n_httr_features": 16821,
  "n_chemical_features": 163,
  "target_positives": 56,
  "target_negatives": 803,
  "target_balance_ratio": 0.06973848069738481,
  "unique_chemicals": 848,
  "ablation_mode": "single_cell_httr_structure",
  "cell_type_filter": "U2OS"
}