{
  "target_assay": "TOX21_SHH_3T3_GLI3_LUC_Antagonist",
  "n_folds": 3,
  "random_state": 21,
  "global_threshold": 0.5378196239471436,
  "cv_roc_auc_mean": 0.8115816003018695,
  "cv_roc_auc_std": 0.028167855693472445,
  "cv_pr_auc_mean": 0.593512415271451,
  "cv_pr_auc_std": 0.015128165973473889,
  "cv_average_precision_mean": 0.5995802909427927,
  "cv_average_precision_std": 0.01566792596126716,
  "cv_f1_mean": 0.6076920769882509,
  "cv_f1_std": 0.019476835588407668,
  "cv_accuracy_mean": 0.8468950640003272,
  "cv_accuracy_std": 0.020775784135626446,
  "cv_precision_mean": 0.617024587612823,
  "cv_precision_std": 0.06048289654212331,
  "cv_recall_mean": 0.6028490028490028,
  "cv_recall_std": 0.033598912792719295,
  "cv_specificity_mean": 0.9066604084703632,
  "cv_specificity_std": 0.027002288482091918,
  "cv_brier_score_mean": 0.1311248346828835,
  "cv_brier_score_std": 0.017169095611275532,
  "cv_log_loss_mean": 0.5192075388963883,
  "cv_log_loss_std": 0.12688763757586868,
  "oof_roc_auc": 0.79624790295522,
  "oof_pr_auc": 0.5741958431232548,
  "oof_accuracy": 0.8421052631578947,
  "oof_f1": 0.5857740585774058,
  "samples_with_target": 627,
  "n_httr_features": 16821,
  "n_chemical_features": 163,
  "target_positives": 123,
  "target_negatives": 504,
  "target_balance_ratio": 0.24404761904761904,
  "unique_chemicals": 623,
  "ablation_mode": "single_cell_httr_structure",
  "cell_type_filter": "U2OS"
}