{
  "target_assay": "TOX21_ARE_BLA_Agonist_ratio",
  "n_folds": 3,
  "random_state": 21,
  "global_threshold": 0.5492119193077087,
  "cv_roc_auc_mean": 0.8905900995901371,
  "cv_roc_auc_std": 0.005359383274102453,
  "cv_pr_auc_mean": 0.6002746229645463,
  "cv_pr_auc_std": 0.06843038005334992,
  "cv_average_precision_mean": 0.6097053074559158,
  "cv_average_precision_std": 0.062174972277474705,
  "cv_f1_mean": 0.618544061302682,
  "cv_f1_std": 0.020154422121512156,
  "cv_accuracy_mean": 0.9134193775028782,
  "cv_accuracy_std": 0.008529739528428684,
  "cv_precision_mean": 0.6559954382535028,
  "cv_precision_std": 0.05467236515012814,
  "cv_recall_mean": 0.5934744268077602,
  "cv_recall_std": 0.07964658335813346,
  "cv_specificity_mean": 0.9563946043471363,
  "cv_specificity_std": 0.01791824867925808,
  "cv_brier_score_mean": 0.07421163608957645,
  "cv_brier_score_std": 0.003607946223164912,
  "cv_log_loss_mean": 0.29225691747338717,
  "cv_log_loss_std": 0.04730193908920827,
  "oof_roc_auc": 0.8706828524792183,
  "oof_pr_auc": 0.5965276825929353,
  "oof_accuracy": 0.9104589917231001,
  "oof_f1": 0.5938566552901023,
  "samples_with_target": 1329,
  "n_httr_features": 16821,
  "n_chemical_features": 163,
  "target_positives": 158,
  "target_negatives": 1171,
  "target_balance_ratio": 0.1349274124679761,
  "unique_chemicals": 658,
  "ablation_mode": "double_cell_httr_structure",
  "cell_type_filter": null,
  "cell_type_filter_1": "U2OS",
  "cell_type_filter_2": "HepRG"
}