{
  "target_assay": "TOX21_RORg_LUC_CHO_Antagonist",
  "n_folds": 3,
  "random_state": 21,
  "global_threshold": 0.3194839060306549,
  "cv_roc_auc_mean": 0.8686621007168203,
  "cv_roc_auc_std": 0.026531699250800646,
  "cv_pr_auc_mean": 0.5623488674402655,
  "cv_pr_auc_std": 0.035928150506618656,
  "cv_average_precision_mean": 0.5695257050008623,
  "cv_average_precision_std": 0.036031761538096715,
  "cv_f1_mean": 0.5916380990791154,
  "cv_f1_std": 0.029561403033049563,
  "cv_accuracy_mean": 0.904447383816624,
  "cv_accuracy_std": 0.0334678306039262,
  "cv_precision_mean": 0.5696496696067669,
  "cv_precision_std": 0.07447688658246181,
  "cv_recall_mean": 0.6288965272016119,
  "cv_recall_std": 0.0869422623047401,
  "cv_specificity_mean": 0.9367551510361141,
  "cv_specificity_std": 0.034192353880656196,
  "cv_brier_score_mean": 0.07345766578754427,
  "cv_brier_score_std": 0.01740856354901606,
  "cv_log_loss_mean": 0.31898050325602395,
  "cv_log_loss_std": 0.08709912876694356,
  "oof_roc_auc": 0.8642538121138222,
  "oof_pr_auc": 0.5572408964163258,
  "oof_accuracy": 0.9058012636415853,
  "oof_f1": 0.5543478260869565,
  "samples_with_target": 1741,
  "n_httr_features": 16821,
  "n_chemical_features": 163,
  "target_positives": 188,
  "target_negatives": 1553,
  "target_balance_ratio": 0.1210560206052801,
  "unique_chemicals": 1204,
  "ablation_mode": "double_cell_httr_structure",
  "cell_type_filter": null,
  "cell_type_filter_1": "MCF7",
  "cell_type_filter_2": "HepRG"
}