{
  "target_assay": "TOX21_AhR_LUC_Agonist",
  "n_folds": 3,
  "random_state": 21,
  "global_threshold": 0.308318167924881,
  "cv_roc_auc_mean": 0.8466253784650011,
  "cv_roc_auc_std": 0.023489512671009648,
  "cv_pr_auc_mean": 0.2517716205532551,
  "cv_pr_auc_std": 0.08170103877295781,
  "cv_average_precision_mean": 0.28054941783091364,
  "cv_average_precision_std": 0.07626965676308886,
  "cv_f1_mean": 0.3735947712418301,
  "cv_f1_std": 0.16201410760304766,
  "cv_accuracy_mean": 0.9453394388533868,
  "cv_accuracy_std": 0.026629517627365543,
  "cv_precision_mean": 0.4537037037037037,
  "cv_precision_std": 0.15795113064103689,
  "cv_recall_mean": 0.34425990675990675,
  "cv_recall_std": 0.18043042902323486,
  "cv_specificity_mean": 0.9749129987792683,
  "cv_specificity_std": 0.021525265316474355,
  "cv_brier_score_mean": 0.040915901129749514,
  "cv_brier_score_std": 0.008739490217993615,
  "cv_log_loss_mean": 0.17945112154072032,
  "cv_log_loss_std": 0.0675984874263034,
  "oof_roc_auc": 0.7732521847690388,
  "oof_pr_auc": 0.25581637301734894,
  "oof_accuracy": 0.9536266349583828,
  "oof_f1": 0.38095238095238093,
  "samples_with_target": 841,
  "n_httr_features": 16821,
  "n_chemical_features": 163,
  "target_positives": 40,
  "target_negatives": 801,
  "target_balance_ratio": 0.049937578027465665,
  "unique_chemicals": 832,
  "ablation_mode": "single_cell_httr_structure",
  "cell_type_filter": "U2OS"
}