{
  "target_assay": "TOX21_ERa_BLA_Agonist_ratio",
  "n_folds": 3,
  "random_state": 21,
  "global_threshold": 0.8634815216064453,
  "cv_roc_auc_mean": 0.7863059712913353,
  "cv_roc_auc_std": 0.029221148577520017,
  "cv_pr_auc_mean": 0.300107299210635,
  "cv_pr_auc_std": 0.018593688891254883,
  "cv_average_precision_mean": 0.3050863698583226,
  "cv_average_precision_std": 0.02057616274246466,
  "cv_f1_mean": 0.3548275807498141,
  "cv_f1_std": 0.05103503246454266,
  "cv_accuracy_mean": 0.9584547858885625,
  "cv_accuracy_std": 0.01974680915456678,
  "cv_precision_mean": 0.5215595497458243,
  "cv_precision_std": 0.20783954099193142,
  "cv_recall_mean": 0.28552754435107375,
  "cv_recall_std": 0.02829177875393175,
  "cv_specificity_mean": 0.9846460877825548,
  "cv_specificity_std": 0.017084513989061828,
  "cv_brier_score_mean": 0.06358204625607655,
  "cv_brier_score_std": 0.0071561562282379445,
  "cv_log_loss_mean": 0.2278753599296306,
  "cv_log_loss_std": 0.012145914209586378,
  "oof_roc_auc": 0.7648657840282034,
  "oof_pr_auc": 0.2708155482857378,
  "oof_accuracy": 0.9613569321533924,
  "oof_f1": 0.3350253807106599,
  "samples_with_target": 3390,
  "n_httr_features": 16821,
  "n_chemical_features": 0,
  "target_positives": 128,
  "target_negatives": 3262,
  "target_balance_ratio": 0.03923973022685469,
  "unique_chemicals": 1660,
  "ablation_mode": "httr_only",
  "cell_type_filter": null
}