{
  "target_assay": "TOX21_AR_LUC_MDAKB2_Antagonist_0_5nM_R1881",
  "n_folds": 3,
  "random_state": 21,
  "global_threshold": 0.3865058124065399,
  "cv_roc_auc_mean": 0.8731762442102707,
  "cv_roc_auc_std": 0.02059987410038487,
  "cv_pr_auc_mean": 0.765830586444479,
  "cv_pr_auc_std": 0.03475654607514725,
  "cv_average_precision_mean": 0.7674238512335742,
  "cv_average_precision_std": 0.034475691433530395,
  "cv_f1_mean": 0.6978939724037763,
  "cv_f1_std": 0.05297988227525888,
  "cv_accuracy_mean": 0.8631936583493779,
  "cv_accuracy_std": 0.029898290870900228,
  "cv_precision_mean": 0.7087295208342811,
  "cv_precision_std": 0.12412811496749478,
  "cv_recall_mean": 0.7001279343072208,
  "cv_recall_std": 0.07737620537253033,
  "cv_specificity_mean": 0.911223091661434,
  "cv_specificity_std": 0.046729027356499024,
  "cv_brier_score_mean": 0.1056796902076587,
  "cv_brier_score_std": 0.014524879493967455,
  "cv_log_loss_mean": 0.36793699713288447,
  "cv_log_loss_std": 0.04681098040635848,
  "oof_roc_auc": 0.8670903849033997,
  "oof_pr_auc": 0.7602172902788948,
  "oof_accuracy": 0.8505747126436781,
  "oof_f1": 0.6829268292682927,
  "samples_with_target": 783,
  "n_httr_features": 16821,
  "n_chemical_features": 163,
  "target_positives": 176,
  "target_negatives": 607,
  "target_balance_ratio": 0.2899505766062603,
  "unique_chemicals": 776,
  "ablation_mode": "single_cell_httr_structure",
  "cell_type_filter": "HepRG"
}