{
  "target_assay": "TOX21_AR_BLA_Antagonist_ratio",
  "n_folds": 3,
  "random_state": 21,
  "global_threshold": 0.1687975823879242,
  "cv_roc_auc_mean": 0.8980370359900968,
  "cv_roc_auc_std": 0.00676300411121384,
  "cv_pr_auc_mean": 0.6523194040557998,
  "cv_pr_auc_std": 0.05136980462220907,
  "cv_average_precision_mean": 0.6557052667998146,
  "cv_average_precision_std": 0.04855758535677087,
  "cv_f1_mean": 0.6464716513260202,
  "cv_f1_std": 0.012319583744446874,
  "cv_accuracy_mean": 0.8677830248301203,
  "cv_accuracy_std": 0.008725703768278798,
  "cv_precision_mean": 0.558264371620876,
  "cv_precision_std": 0.03483778759749801,
  "cv_recall_mean": 0.7708559782608696,
  "cv_recall_std": 0.030516785271482452,
  "cv_specificity_mean": 0.8864581502587331,
  "cv_specificity_std": 0.007747337577197673,
  "cv_brier_score_mean": 0.09297124108757854,
  "cv_brier_score_std": 0.008356119454962256,
  "cv_log_loss_mean": 0.34550000373879314,
  "cv_log_loss_std": 0.03442833022759102,
  "oof_roc_auc": 0.8942092738155332,
  "oof_pr_auc": 0.6526686809847485,
  "oof_accuracy": 0.8647959183673469,
  "oof_f1": 0.6327944572748267,
  "samples_with_target": 2352,
  "n_httr_features": 16821,
  "n_chemical_features": 0,
  "target_positives": 371,
  "target_negatives": 1981,
  "target_balance_ratio": 0.1872791519434629,
  "unique_chemicals": 1149,
  "ablation_mode": "httr_only",
  "cell_type_filter": null
}