{
  "target_assay": "TOX21_ERa_LUC_VM7_Antagonist_0_1nM_E2",
  "n_folds": 3,
  "random_state": 21,
  "global_threshold": 0.2369384616613388,
  "cv_roc_auc_mean": 0.9364003941430757,
  "cv_roc_auc_std": 0.00814169646032097,
  "cv_pr_auc_mean": 0.7203395008881013,
  "cv_pr_auc_std": 0.04748713315457155,
  "cv_average_precision_mean": 0.7227481970026753,
  "cv_average_precision_std": 0.04660125810351075,
  "cv_f1_mean": 0.6891694557335245,
  "cv_f1_std": 0.020480169166735368,
  "cv_accuracy_mean": 0.9108847767638218,
  "cv_accuracy_std": 0.014269009166216361,
  "cv_precision_mean": 0.5923532336060017,
  "cv_precision_std": 0.05540415835423284,
  "cv_recall_mean": 0.8308307994524727,
  "cv_recall_std": 0.04543323072495458,
  "cv_specificity_mean": 0.9216251840541686,
  "cv_specificity_std": 0.021109886322546633,
  "cv_brier_score_mean": 0.06273834377882674,
  "cv_brier_score_std": 0.006368106154566248,
  "cv_log_loss_mean": 0.23338761547296816,
  "cv_log_loss_std": 0.042445496966164245,
  "oof_roc_auc": 0.9332691451029925,
  "oof_pr_auc": 0.7103270054880687,
  "oof_accuracy": 0.9127371273712737,
  "oof_f1": 0.6747474747474748,
  "samples_with_target": 1845,
  "n_httr_features": 16821,
  "n_chemical_features": 163,
  "target_positives": 218,
  "target_negatives": 1627,
  "target_balance_ratio": 0.13398893669330056,
  "unique_chemicals": 1265,
  "ablation_mode": "double_cell_httr_structure",
  "cell_type_filter": null,
  "cell_type_filter_1": "MCF7",
  "cell_type_filter_2": "U2OS"
}