{
  "target_assay": "TOX21_p450_CYP2C19_Antagonist",
  "n_folds": 3,
  "random_state": 21,
  "global_threshold": 0.3409278094768524,
  "cv_roc_auc_mean": 0.8011125892210158,
  "cv_roc_auc_std": 0.02938102234284391,
  "cv_pr_auc_mean": 0.7854210265740638,
  "cv_pr_auc_std": 0.025757093848110722,
  "cv_average_precision_mean": 0.7861628517355094,
  "cv_average_precision_std": 0.025603155752165947,
  "cv_f1_mean": 0.7316003259439308,
  "cv_f1_std": 0.033961757028818505,
  "cv_accuracy_mean": 0.7523907243548534,
  "cv_accuracy_std": 0.019556204268524866,
  "cv_precision_mean": 0.7397754061980751,
  "cv_precision_std": 0.05516758126522011,
  "cv_recall_mean": 0.7304000802429651,
  "cv_recall_std": 0.08177100284249539,
  "cv_specificity_mean": 0.7728467823911173,
  "cv_specificity_std": 0.07435100268180628,
  "cv_brier_score_mean": 0.18903364034812878,
  "cv_brier_score_std": 0.030145457924401205,
  "cv_log_loss_mean": 0.6681211654858421,
  "cv_log_loss_std": 0.22845672662856842,
  "oof_roc_auc": 0.7901324289405685,
  "oof_pr_auc": 0.773392103760258,
  "oof_accuracy": 0.7411073306526446,
  "oof_f1": 0.7304347826086957,
  "samples_with_target": 3233,
  "n_httr_features": 16821,
  "n_chemical_features": 0,
  "target_positives": 1505,
  "target_negatives": 1728,
  "target_balance_ratio": 0.8709490740740741,
  "unique_chemicals": 1579,
  "ablation_mode": "httr_only",
  "cell_type_filter": null
}