{
  "target_assay": "TOX21_ERb_BLA_Antagonist_ratio",
  "n_folds": 3,
  "random_state": 21,
  "global_threshold": 0.45736798644065857,
  "cv_roc_auc_mean": 0.8884585347103324,
  "cv_roc_auc_std": 0.008052296798835982,
  "cv_pr_auc_mean": 0.6836595692557971,
  "cv_pr_auc_std": 0.035445493103957955,
  "cv_average_precision_mean": 0.6865929121919963,
  "cv_average_precision_std": 0.034084727358632494,
  "cv_f1_mean": 0.6865106789255159,
  "cv_f1_std": 0.026465299649517132,
  "cv_accuracy_mean": 0.8717808694766959,
  "cv_accuracy_std": 0.037188691606697695,
  "cv_precision_mean": 0.6770354660068341,
  "cv_precision_std": 0.09109143116497692,
  "cv_recall_mean": 0.7081699346405229,
  "cv_recall_std": 0.06364314767088174,
  "cv_specificity_mean": 0.9105429168947925,
  "cv_specificity_std": 0.055638266103824024,
  "cv_brier_score_mean": 0.09845451193461784,
  "cv_brier_score_std": 0.018596563536731198,
  "cv_log_loss_mean": 0.3269704278163141,
  "cv_log_loss_std": 0.04914982604281493,
  "oof_roc_auc": 0.8882105467456701,
  "oof_pr_auc": 0.6686361675804635,
  "oof_accuracy": 0.8709030100334448,
  "oof_f1": 0.67008547008547,
  "samples_with_target": 1495,
  "n_httr_features": 16821,
  "n_chemical_features": 163,
  "target_positives": 291,
  "target_negatives": 1204,
  "target_balance_ratio": 0.24169435215946844,
  "unique_chemicals": 1038,
  "ablation_mode": "double_cell_httr_structure",
  "cell_type_filter": null,
  "cell_type_filter_1": "MCF7",
  "cell_type_filter_2": "HepRG"
}