{
  "target_assay": "TOX21_RAR_LUC_Antagonist",
  "n_folds": 3,
  "random_state": 21,
  "global_threshold": 0.34261414408683777,
  "cv_roc_auc_mean": 0.7945552481627476,
  "cv_roc_auc_std": 0.009851385612461011,
  "cv_pr_auc_mean": 0.420339247579916,
  "cv_pr_auc_std": 0.08423410449463735,
  "cv_average_precision_mean": 0.43135402892763625,
  "cv_average_precision_std": 0.08180952241464431,
  "cv_f1_mean": 0.5032423728075902,
  "cv_f1_std": 0.06361150362896054,
  "cv_accuracy_mean": 0.8897945453604512,
  "cv_accuracy_std": 0.026200277526486015,
  "cv_precision_mean": 0.45133505598621876,
  "cv_precision_std": 0.01193488928557367,
  "cv_recall_mean": 0.5807622504537205,
  "cv_recall_std": 0.1413279298289059,
  "cv_specificity_mean": 0.9212163878976202,
  "cv_specificity_std": 0.03407675426049119,
  "cv_brier_score_mean": 0.08161254307676266,
  "cv_brier_score_std": 0.0061959818596391885,
  "cv_log_loss_mean": 0.3002322215239573,
  "cv_log_loss_std": 0.020968040781502578,
  "oof_roc_auc": 0.8041683913223443,
  "oof_pr_auc": 0.3868128386837718,
  "oof_accuracy": 0.8852941176470588,
  "oof_f1": 0.48,
  "samples_with_target": 680,
  "n_httr_features": 16821,
  "n_chemical_features": 163,
  "target_positives": 67,
  "target_negatives": 613,
  "target_balance_ratio": 0.10929853181076672,
  "unique_chemicals": 670,
  "ablation_mode": "single_cell_httr_structure",
  "cell_type_filter": "HepRG"
}