{
  "target_assay": "TOX21_SHH_3T3_GLI3_LUC_Antagonist",
  "n_folds": 3,
  "random_state": 21,
  "global_threshold": 0.445402055978775,
  "cv_roc_auc_mean": 0.8794172036292135,
  "cv_roc_auc_std": 0.02054071991139871,
  "cv_pr_auc_mean": 0.6956369639100988,
  "cv_pr_auc_std": 0.04945359111096061,
  "cv_average_precision_mean": 0.6991960139046739,
  "cv_average_precision_std": 0.04673449702693677,
  "cv_f1_mean": 0.6922299326226159,
  "cv_f1_std": 0.018967343473976935,
  "cv_accuracy_mean": 0.8737056810045023,
  "cv_accuracy_std": 0.010187373435660502,
  "cv_precision_mean": 0.7238662429764936,
  "cv_precision_std": 0.03774514238784016,
  "cv_recall_mean": 0.6672071924359185,
  "cv_recall_std": 0.05911992206969025,
  "cv_specificity_mean": 0.9290556727878084,
  "cv_specificity_std": 0.024196623241727448,
  "cv_brier_score_mean": 0.1060576669580572,
  "cv_brier_score_std": 0.005427225835955044,
  "cv_log_loss_mean": 0.40592400027755154,
  "cv_log_loss_std": 0.10363347414845016,
  "oof_roc_auc": 0.8651509046908039,
  "oof_pr_auc": 0.6826635485021113,
  "oof_accuracy": 0.8670212765957447,
  "oof_f1": 0.6855345911949685,
  "samples_with_target": 1504,
  "n_httr_features": 16821,
  "n_chemical_features": 163,
  "target_positives": 321,
  "target_negatives": 1183,
  "target_balance_ratio": 0.2713440405748098,
  "unique_chemicals": 1038,
  "ablation_mode": "double_cell_httr_structure",
  "cell_type_filter": null,
  "cell_type_filter_1": "MCF7",
  "cell_type_filter_2": "U2OS"
}