{
  "target_assay": "TOX21_DT40_100_LUC",
  "n_folds": 3,
  "random_state": 21,
  "global_threshold": 0.24186097085475922,
  "cv_roc_auc_mean": 0.9040211052853563,
  "cv_roc_auc_std": 0.01743923401842915,
  "cv_pr_auc_mean": 0.8831354338198759,
  "cv_pr_auc_std": 0.025473200712401424,
  "cv_average_precision_mean": 0.8833780813743548,
  "cv_average_precision_std": 0.025403529362921444,
  "cv_f1_mean": 0.8146656053387087,
  "cv_f1_std": 0.024417623389862194,
  "cv_accuracy_mean": 0.8497925830215634,
  "cv_accuracy_std": 0.0024509096552595673,
  "cv_precision_mean": 0.8204513996427605,
  "cv_precision_std": 0.035877238379669364,
  "cv_recall_mean": 0.8132370003243791,
  "cv_recall_std": 0.07047763181219534,
  "cv_specificity_mean": 0.872680388051517,
  "cv_specificity_std": 0.04359926665657876,
  "cv_brier_score_mean": 0.122560534122455,
  "cv_brier_score_std": 0.007543353025458942,
  "cv_log_loss_mean": 0.47823430615423845,
  "cv_log_loss_std": 0.05495036938905751,
  "oof_roc_auc": 0.9037793571224845,
  "oof_pr_auc": 0.8793862330294913,
  "oof_accuracy": 0.839572192513369,
  "oof_f1": 0.8107798165137615,
  "samples_with_target": 2057,
  "n_httr_features": 16821,
  "n_chemical_features": 163,
  "target_positives": 844,
  "target_negatives": 1213,
  "target_balance_ratio": 0.6957955482275351,
  "unique_chemicals": 1399,
  "ablation_mode": "double_cell_httr_structure",
  "cell_type_filter": null,
  "cell_type_filter_1": "MCF7",
  "cell_type_filter_2": "HepRG"
}