{
  "target_assay": "TOX21_Aromatase_LUC_Antagonist",
  "n_folds": 3,
  "random_state": 21,
  "global_threshold": 0.361519455909729,
  "cv_roc_auc_mean": 0.8995050115468918,
  "cv_roc_auc_std": 0.045039096634805605,
  "cv_pr_auc_mean": 0.6063874258993319,
  "cv_pr_auc_std": 0.09913918569639858,
  "cv_average_precision_mean": 0.6091871523590427,
  "cv_average_precision_std": 0.09803655413073133,
  "cv_f1_mean": 0.5872744041551381,
  "cv_f1_std": 0.05053398017450648,
  "cv_accuracy_mean": 0.9091802074197171,
  "cv_accuracy_std": 0.019494307771156953,
  "cv_precision_mean": 0.5651816807937448,
  "cv_precision_std": 0.0780582244732947,
  "cv_recall_mean": 0.6137038067417815,
  "cv_recall_std": 0.02127274871829621,
  "cv_specificity_mean": 0.9437978917093268,
  "cv_specificity_std": 0.016760029230929657,
  "cv_brier_score_mean": 0.06914586544881424,
  "cv_brier_score_std": 0.014047552076053847,
  "cv_log_loss_mean": 0.24809564483992408,
  "cv_log_loss_std": 0.061261917677034546,
  "oof_roc_auc": 0.8910530552080604,
  "oof_pr_auc": 0.5976756334920641,
  "oof_accuracy": 0.9043269230769231,
  "oof_f1": 0.5626373626373626,
  "samples_with_target": 2080,
  "n_httr_features": 16821,
  "n_chemical_features": 163,
  "target_positives": 222,
  "target_negatives": 1858,
  "target_balance_ratio": 0.11948331539289558,
  "unique_chemicals": 991
}