{
  "target_assay": "TOX21_HDAC_LUC_Antagonist",
  "n_folds": 3,
  "random_state": 21,
  "global_threshold": 0.753136932849884,
  "cv_roc_auc_mean": 0.8439243251221215,
  "cv_roc_auc_std": 0.015226361979689892,
  "cv_pr_auc_mean": 0.2925023362666021,
  "cv_pr_auc_std": 0.13782943423061658,
  "cv_average_precision_mean": 0.3048604156528816,
  "cv_average_precision_std": 0.13556803180690144,
  "cv_f1_mean": 0.3785529715762274,
  "cv_f1_std": 0.10631277300863415,
  "cv_accuracy_mean": 0.9365934899531737,
  "cv_accuracy_std": 0.052446872664437566,
  "cv_precision_mean": 0.4081109603497663,
  "cv_precision_std": 0.23943659339260967,
  "cv_recall_mean": 0.4639676113360324,
  "cv_recall_std": 0.19624062707267903,
  "cv_specificity_mean": 0.9534460139551224,
  "cv_specificity_std": 0.060334852153080626,
  "cv_brier_score_mean": 0.037742316373654404,
  "cv_brier_score_std": 0.0071586424303285295,
  "cv_log_loss_mean": 0.17484541995237213,
  "cv_log_loss_std": 0.03272912380038056,
  "oof_roc_auc": 0.8372675250357654,
  "oof_pr_auc": 0.3107901382957152,
  "oof_accuracy": 0.9613793103448276,
  "oof_f1": 0.3333333333333333,
  "samples_with_target": 1450,
  "n_httr_features": 16821,
  "n_chemical_features": 163,
  "target_positives": 52,
  "target_negatives": 1398,
  "target_balance_ratio": 0.03719599427753934,
  "unique_chemicals": 1423,
  "ablation_mode": "single_cell_httr_structure",
  "cell_type_filter": "MCF7"
}