{
  "target_assay": "TOX21_DT40_657_LUC",
  "n_folds": 3,
  "random_state": 21,
  "global_threshold": 0.2087983638048172,
  "cv_roc_auc_mean": 0.8909084503757326,
  "cv_roc_auc_std": 0.01292777202269956,
  "cv_pr_auc_mean": 0.8717302554118102,
  "cv_pr_auc_std": 0.01317836066372711,
  "cv_average_precision_mean": 0.8719025628359082,
  "cv_average_precision_std": 0.013154233535995208,
  "cv_f1_mean": 0.7892724950009188,
  "cv_f1_std": 0.014030767581771226,
  "cv_accuracy_mean": 0.8302661620103661,
  "cv_accuracy_std": 0.015563365929065251,
  "cv_precision_mean": 0.775290538562391,
  "cv_precision_std": 0.030448878713318393,
  "cv_recall_mean": 0.804855953402854,
  "cv_recall_std": 0.02694170461904246,
  "cv_specificity_mean": 0.8460597148773843,
  "cv_specificity_std": 0.03457145025089539,
  "cv_brier_score_mean": 0.13201840736283768,
  "cv_brier_score_std": 0.006734981503689021,
  "cv_log_loss_mean": 0.518285028418109,
  "cv_log_loss_std": 0.008121419569428839,
  "oof_roc_auc": 0.8903476900412376,
  "oof_pr_auc": 0.8695929230508092,
  "oof_accuracy": 0.8212809917355371,
  "oof_f1": 0.7825722664432342,
  "samples_with_target": 2904,
  "n_httr_features": 16821,
  "n_chemical_features": 163,
  "target_positives": 1146,
  "target_negatives": 1758,
  "target_balance_ratio": 0.6518771331058021,
  "unique_chemicals": 1407
}