{
  "target_assay": "TOX21_p450_CYP2D6_Antagonist",
  "n_folds": 3,
  "random_state": 21,
  "global_threshold": 0.48611974716186523,
  "cv_roc_auc_mean": 0.8300219710964786,
  "cv_roc_auc_std": 0.02112408318339066,
  "cv_pr_auc_mean": 0.7678868057076409,
  "cv_pr_auc_std": 0.02748343710576415,
  "cv_average_precision_mean": 0.7691515022343923,
  "cv_average_precision_std": 0.027229542442986827,
  "cv_f1_mean": 0.7146104942124212,
  "cv_f1_std": 0.02850317735524518,
  "cv_accuracy_mean": 0.7767244313814823,
  "cv_accuracy_std": 0.03553464411022786,
  "cv_precision_mean": 0.6811667808789089,
  "cv_precision_std": 0.08687551588374341,
  "cv_recall_mean": 0.7651019881437815,
  "cv_recall_std": 0.0900739030451027,
  "cv_specificity_mean": 0.7822756937115262,
  "cv_specificity_std": 0.09854431261958822,
  "cv_brier_score_mean": 0.15718733046881408,
  "cv_brier_score_std": 0.01239206618309574,
  "cv_log_loss_mean": 0.4882414875072254,
  "cv_log_loss_std": 0.03557027066345425,
  "oof_roc_auc": 0.8292899711400672,
  "oof_pr_auc": 0.7660110741373606,
  "oof_accuracy": 0.7797408716136631,
  "oof_f1": 0.6991957104557641,
  "samples_with_target": 2547,
  "n_httr_features": 0,
  "n_chemical_features": 163,
  "target_positives": 929,
  "target_negatives": 1618,
  "target_balance_ratio": 0.5741656365883807,
  "unique_chemicals": 1247,
  "ablation_mode": "structure_only",
  "cell_type_filter": null
}