{
  "target_assay": "TOX21_p450_CYP2D6_Antagonist",
  "n_folds": 3,
  "random_state": 21,
  "global_threshold": 0.3798660933971405,
  "cv_roc_auc_mean": 0.8061571061817557,
  "cv_roc_auc_std": 0.04709174058513737,
  "cv_pr_auc_mean": 0.7007182699091983,
  "cv_pr_auc_std": 0.09920777152478365,
  "cv_average_precision_mean": 0.7045842407637176,
  "cv_average_precision_std": 0.09662693284288609,
  "cv_f1_mean": 0.6890768936764179,
  "cv_f1_std": 0.04317858627224571,
  "cv_accuracy_mean": 0.7557283518670048,
  "cv_accuracy_std": 0.0022014132858302095,
  "cv_precision_mean": 0.6235380116959064,
  "cv_precision_std": 0.043877920170932484,
  "cv_recall_mean": 0.7775723091512566,
  "cv_recall_std": 0.10432575700462249,
  "cv_specificity_mean": 0.7411153227938541,
  "cv_specificity_std": 0.06384582817363307,
  "cv_brier_score_mean": 0.17237205314428272,
  "cv_brier_score_std": 0.029521331885022175,
  "cv_log_loss_mean": 0.5559079653401436,
  "cv_log_loss_std": 0.1343843102705687,
  "oof_roc_auc": 0.7970216720216722,
  "oof_pr_auc": 0.6756777048071463,
  "oof_accuracy": 0.7597315436241611,
  "oof_f1": 0.6843033509700176,
  "samples_with_target": 745,
  "n_httr_features": 16821,
  "n_chemical_features": 163,
  "target_positives": 264,
  "target_negatives": 481,
  "target_balance_ratio": 0.5488565488565489,
  "unique_chemicals": 731,
  "ablation_mode": "single_cell_httr_structure",
  "cell_type_filter": "U2OS"
}