{
  "target_assay": "TOX21_DT40_657_LUC",
  "n_folds": 3,
  "random_state": 21,
  "global_threshold": 0.32200637459754944,
  "cv_roc_auc_mean": 0.8720125985477153,
  "cv_roc_auc_std": 0.01371860336662691,
  "cv_pr_auc_mean": 0.8536011446483461,
  "cv_pr_auc_std": 0.01708585055359146,
  "cv_average_precision_mean": 0.8538139454639909,
  "cv_average_precision_std": 0.01705060749652983,
  "cv_f1_mean": 0.7739036789242087,
  "cv_f1_std": 0.020394686540547862,
  "cv_accuracy_mean": 0.8261125068500084,
  "cv_accuracy_std": 0.013799217052704952,
  "cv_precision_mean": 0.7943881448250906,
  "cv_precision_std": 0.03247732840818895,
  "cv_recall_mean": 0.75485950746021,
  "cv_recall_std": 0.018401079815692868,
  "cv_specificity_mean": 0.8728116280614936,
  "cv_specificity_std": 0.01841117410632664,
  "cv_brier_score_mean": 0.13480654688250368,
  "cv_brier_score_std": 0.006020080299944406,
  "cv_log_loss_mean": 0.47102436426812216,
  "cv_log_loss_std": 0.020736103765843904,
  "oof_roc_auc": 0.8704094173332777,
  "oof_pr_auc": 0.8511116610987625,
  "oof_accuracy": 0.818870523415978,
  "oof_f1": 0.7707061900610288,
  "samples_with_target": 2904,
  "n_httr_features": 16821,
  "n_chemical_features": 0,
  "target_positives": 1146,
  "target_negatives": 1758,
  "target_balance_ratio": 0.6518771331058021,
  "unique_chemicals": 1407,
  "ablation_mode": "httr_only",
  "cell_type_filter": null
}