{
  "target_assay": "TOX21_AP1_BLA_Agonist_ratio",
  "n_folds": 3,
  "random_state": 21,
  "global_threshold": 0.42546775937080383,
  "cv_roc_auc_mean": 0.8156605418881805,
  "cv_roc_auc_std": 0.04613226760831408,
  "cv_pr_auc_mean": 0.31399154595224527,
  "cv_pr_auc_std": 0.09716375969184114,
  "cv_average_precision_mean": 0.3225253917229075,
  "cv_average_precision_std": 0.09917379364277061,
  "cv_f1_mean": 0.4054834054834055,
  "cv_f1_std": 0.12123788635668091,
  "cv_accuracy_mean": 0.9467275581812515,
  "cv_accuracy_std": 0.024279414214485286,
  "cv_precision_mean": 0.4587301587301587,
  "cv_precision_std": 0.1856735812128183,
  "cv_recall_mean": 0.3728937728937729,
  "cv_recall_std": 0.08792124494434152,
  "cv_specificity_mean": 0.9744034755009862,
  "cv_specificity_std": 0.019805945773330943,
  "cv_brier_score_mean": 0.041417321363547234,
  "cv_brier_score_std": 0.00841403184510016,
  "cv_log_loss_mean": 0.21345907842951561,
  "cv_log_loss_std": 0.07033747303488283,
  "oof_roc_auc": 0.7889019019385377,
  "oof_pr_auc": 0.2988435250103997,
  "oof_accuracy": 0.953909891248058,
  "oof_f1": 0.3597122302158273,
  "samples_with_target": 1931,
  "n_httr_features": 16821,
  "n_chemical_features": 163,
  "target_positives": 89,
  "target_negatives": 1842,
  "target_balance_ratio": 0.048317046688382194,
  "unique_chemicals": 1323,
  "ablation_mode": "double_cell_httr_structure",
  "cell_type_filter": null,
  "cell_type_filter_1": "MCF7",
  "cell_type_filter_2": "HepRG"
}