{
  "target_assay": "TOX21_CAR_LUC_Agonist",
  "n_folds": 3,
  "random_state": 21,
  "global_threshold": 0.21610254049301147,
  "cv_roc_auc_mean": 0.8608839764815972,
  "cv_roc_auc_std": 0.00877433980341701,
  "cv_pr_auc_mean": 0.4161081795878961,
  "cv_pr_auc_std": 0.025047329702485074,
  "cv_average_precision_mean": 0.423014931468354,
  "cv_average_precision_std": 0.023473972217592138,
  "cv_f1_mean": 0.503891283550476,
  "cv_f1_std": 0.001150138581161027,
  "cv_accuracy_mean": 0.9122052229382457,
  "cv_accuracy_std": 0.025385154778009587,
  "cv_precision_mean": 0.4646932048681542,
  "cv_precision_std": 0.05573001981065042,
  "cv_recall_mean": 0.5659319293506068,
  "cv_recall_std": 0.09041689000998532,
  "cv_specificity_mean": 0.9407536826347003,
  "cv_specificity_std": 0.028930270254254004,
  "cv_brier_score_mean": 0.06546313726969517,
  "cv_brier_score_std": 0.014293512299270231,
  "cv_log_loss_mean": 0.2643647846725925,
  "cv_log_loss_std": 0.07569681874961749,
  "oof_roc_auc": 0.8532651072124756,
  "oof_pr_auc": 0.4056949154850577,
  "oof_accuracy": 0.9009562841530054,
  "oof_f1": 0.4858156028368794,
  "samples_with_target": 2928,
  "n_httr_features": 16821,
  "n_chemical_features": 0,
  "target_positives": 228,
  "target_negatives": 2700,
  "target_balance_ratio": 0.08444444444444445,
  "unique_chemicals": 1458,
  "ablation_mode": "httr_only",
  "cell_type_filter": null
}