{
  "target_assay": "TOX21_PR_BLA_Antagonist_ratio",
  "n_folds": 3,
  "random_state": 21,
  "global_threshold": 0.31711986660957336,
  "cv_roc_auc_mean": 0.9226348888560517,
  "cv_roc_auc_std": 0.01621911278356581,
  "cv_pr_auc_mean": 0.8647311003943267,
  "cv_pr_auc_std": 0.023098365997949805,
  "cv_average_precision_mean": 0.8652543566720968,
  "cv_average_precision_std": 0.023009547816741117,
  "cv_f1_mean": 0.7990019527456012,
  "cv_f1_std": 0.033102096956582956,
  "cv_accuracy_mean": 0.8564954182072398,
  "cv_accuracy_std": 0.02023394913553083,
  "cv_precision_mean": 0.7603044094714471,
  "cv_precision_std": 0.01833882872006567,
  "cv_recall_mean": 0.842338174645867,
  "cv_recall_std": 0.05257803452666943,
  "cv_specificity_mean": 0.8636701588220131,
  "cv_specificity_std": 0.004056862709407556,
  "cv_brier_score_mean": 0.11024947767721309,
  "cv_brier_score_std": 0.018992524072365374,
  "cv_log_loss_mean": 0.4161249647557628,
  "cv_log_loss_std": 0.11598129876153083,
  "oof_roc_auc": 0.9182443077302211,
  "oof_pr_auc": 0.8554506331271137,
  "oof_accuracy": 0.8552354181307098,
  "oof_f1": 0.7956349206349206,
  "samples_with_target": 1423,
  "n_httr_features": 16821,
  "n_chemical_features": 163,
  "target_positives": 484,
  "target_negatives": 939,
  "target_balance_ratio": 0.5154419595314164,
  "unique_chemicals": 979,
  "ablation_mode": "double_cell_httr_structure",
  "cell_type_filter": null,
  "cell_type_filter_1": "MCF7",
  "cell_type_filter_2": "HepRG"
}