{
  "target_assay": "TOX21_MMP_ratio",
  "n_folds": 3,
  "random_state": 21,
  "global_threshold": 0.3037133812904358,
  "cv_roc_auc_mean": 0.936596639960392,
  "cv_roc_auc_std": 0.011842793047123318,
  "cv_pr_auc_mean": 0.8034253536177228,
  "cv_pr_auc_std": 0.023789754538602548,
  "cv_average_precision_mean": 0.8041675177644745,
  "cv_average_precision_std": 0.023684931767865482,
  "cv_f1_mean": 0.7357729404672636,
  "cv_f1_std": 0.024975360342738975,
  "cv_accuracy_mean": 0.9156459303110845,
  "cv_accuracy_std": 0.0041811295303252885,
  "cv_precision_mean": 0.7421027518059482,
  "cv_precision_std": 0.010706075965592955,
  "cv_recall_mean": 0.7299294341547863,
  "cv_recall_std": 0.03930525500270425,
  "cv_specificity_mean": 0.9509057476176,
  "cv_specificity_std": 0.0069059290049738415,
  "cv_brier_score_mean": 0.07092446230795624,
  "cv_brier_score_std": 0.003649854560697572,
  "cv_log_loss_mean": 0.25961948575166466,
  "cv_log_loss_std": 0.02134132505979483,
  "oof_roc_auc": 0.9339102127635629,
  "oof_pr_auc": 0.7853709987631103,
  "oof_accuracy": 0.905115872321819,
  "oof_f1": 0.7214377406931964,
  "samples_with_target": 2287,
  "n_httr_features": 16821,
  "n_chemical_features": 163,
  "target_positives": 371,
  "target_negatives": 1916,
  "target_balance_ratio": 0.19363256784968685,
  "unique_chemicals": 1568,
  "ablation_mode": "double_cell_httr_structure",
  "cell_type_filter": null,
  "cell_type_filter_1": "MCF7",
  "cell_type_filter_2": "U2OS"
}