{
  "target_assay": "TOX21_hERG_U2OS_Antagonist",
  "n_folds": 3,
  "random_state": 21,
  "global_threshold": 0.2977219521999359,
  "cv_roc_auc_mean": 0.893751690548288,
  "cv_roc_auc_std": 0.026966315165290317,
  "cv_pr_auc_mean": 0.5814106472583704,
  "cv_pr_auc_std": 0.0320235257649875,
  "cv_average_precision_mean": 0.5908011396679215,
  "cv_average_precision_std": 0.026987564075619887,
  "cv_f1_mean": 0.623467798669976,
  "cv_f1_std": 0.011320001077742902,
  "cv_accuracy_mean": 0.9268341492349988,
  "cv_accuracy_std": 0.011442195481566327,
  "cv_precision_mean": 0.6100568585643212,
  "cv_precision_std": 0.06309880816686797,
  "cv_recall_mean": 0.6529042997328608,
  "cv_recall_std": 0.10603318696633932,
  "cv_specificity_mean": 0.9545764884634819,
  "cv_specificity_std": 0.02254967848021102,
  "cv_brier_score_mean": 0.05820995091440548,
  "cv_brier_score_std": 0.005143025150599461,
  "cv_log_loss_mean": 0.234447401652363,
  "cv_log_loss_std": 0.030421213337000222,
  "oof_roc_auc": 0.884770943567491,
  "oof_pr_auc": 0.5572525077169219,
  "oof_accuracy": 0.9211334926596108,
  "oof_f1": 0.611764705882353,
  "samples_with_target": 2929,
  "n_httr_features": 0,
  "n_chemical_features": 163,
  "target_positives": 272,
  "target_negatives": 2657,
  "target_balance_ratio": 0.10237109522017313,
  "unique_chemicals": 1440,
  "ablation_mode": "structure_only",
  "cell_type_filter": null
}