{
  "target_assay": "TOX21_AChE_Colorimetric_Antagonist",
  "n_folds": 3,
  "random_state": 21,
  "global_threshold": 0.1927918940782547,
  "cv_roc_auc_mean": 0.8876335809844802,
  "cv_roc_auc_std": 0.061349439795369484,
  "cv_pr_auc_mean": 0.4598347763105639,
  "cv_pr_auc_std": 0.035375081321719015,
  "cv_average_precision_mean": 0.4684075390487928,
  "cv_average_precision_std": 0.034568225836232716,
  "cv_f1_mean": 0.546112580834803,
  "cv_f1_std": 0.033171565235398985,
  "cv_accuracy_mean": 0.9634359798952005,
  "cv_accuracy_std": 0.0039348612989280555,
  "cv_precision_mean": 0.5863851181498241,
  "cv_precision_std": 0.055370560273049256,
  "cv_recall_mean": 0.522890559732665,
  "cv_recall_std": 0.09200088994713702,
  "cv_specificity_mean": 0.9833332559495888,
  "cv_specificity_std": 0.00492889663824409,
  "cv_brier_score_mean": 0.031595736026921166,
  "cv_brier_score_std": 0.004481343153793488,
  "cv_log_loss_mean": 0.1402132859484925,
  "cv_log_loss_std": 0.04060081066848503,
  "oof_roc_auc": 0.8599963045084996,
  "oof_pr_auc": 0.4123722915571507,
  "oof_accuracy": 0.9571984435797666,
  "oof_f1": 0.5175438596491229,
  "samples_with_target": 2570,
  "n_httr_features": 16821,
  "n_chemical_features": 163,
  "target_positives": 110,
  "target_negatives": 2460,
  "target_balance_ratio": 0.044715447154471545,
  "unique_chemicals": 1781,
  "ablation_mode": "double_cell_httr_structure",
  "cell_type_filter": null,
  "cell_type_filter_1": "MCF7",
  "cell_type_filter_2": "U2OS"
}