{
  "target_assay": "TOX21_ERa_LUC_VM7_Antagonist_0_1nM_E2",
  "n_folds": 3,
  "random_state": 21,
  "global_threshold": 0.30336248874664307,
  "cv_roc_auc_mean": 0.9305897231540864,
  "cv_roc_auc_std": 0.011480417563026684,
  "cv_pr_auc_mean": 0.678188119257726,
  "cv_pr_auc_std": 0.019344832754813326,
  "cv_average_precision_mean": 0.682233599573444,
  "cv_average_precision_std": 0.016176389511812363,
  "cv_f1_mean": 0.6839917741274922,
  "cv_f1_std": 0.020791795104822628,
  "cv_accuracy_mean": 0.9229162731567998,
  "cv_accuracy_std": 0.016252704479124875,
  "cv_precision_mean": 0.647407707412862,
  "cv_precision_std": 0.05125865853804466,
  "cv_recall_mean": 0.7304103304103305,
  "cv_recall_std": 0.05877570789573038,
  "cv_specificity_mean": 0.9489103446401853,
  "cv_specificity_std": 0.011445067449454217,
  "cv_brier_score_mean": 0.06316723665974834,
  "cv_brier_score_std": 0.009565488686107338,
  "cv_log_loss_mean": 0.2514784625875115,
  "cv_log_loss_std": 0.02824293685895044,
  "oof_roc_auc": 0.9288853029336873,
  "oof_pr_auc": 0.6591337902703671,
  "oof_accuracy": 0.9173047473200613,
  "oof_f1": 0.6717325227963525,
  "samples_with_target": 2612,
  "n_httr_features": 16821,
  "n_chemical_features": 0,
  "target_positives": 299,
  "target_negatives": 2313,
  "target_balance_ratio": 0.12926934716817987,
  "unique_chemicals": 1266,
  "ablation_mode": "httr_only",
  "cell_type_filter": null
}