{
  "target_assay": "TOX21_PXR_LUC_Agonist",
  "n_folds": 3,
  "random_state": 21,
  "global_threshold": 0.38841110467910767,
  "cv_roc_auc_mean": 0.906218439773325,
  "cv_roc_auc_std": 0.005847064091209442,
  "cv_pr_auc_mean": 0.8278445540053605,
  "cv_pr_auc_std": 0.025666769645863913,
  "cv_average_precision_mean": 0.8291503367362258,
  "cv_average_precision_std": 0.025198806808211946,
  "cv_f1_mean": 0.7753169874033191,
  "cv_f1_std": 0.01940061377316353,
  "cv_accuracy_mean": 0.8470268568093017,
  "cv_accuracy_std": 0.012936603049349755,
  "cv_precision_mean": 0.7413720260734636,
  "cv_precision_std": 0.09272880883852222,
  "cv_recall_mean": 0.8243132374598378,
  "cv_recall_std": 0.0651969327026681,
  "cv_specificity_mean": 0.8614372103768649,
  "cv_specificity_std": 0.054774189020390204,
  "cv_brier_score_mean": 0.11981508494546621,
  "cv_brier_score_std": 0.005686825703232369,
  "cv_log_loss_mean": 0.38114613400878916,
  "cv_log_loss_std": 0.007512523486076589,
  "oof_roc_auc": 0.9018765294642961,
  "oof_pr_auc": 0.8191966708423742,
  "oof_accuracy": 0.8318787322002756,
  "oof_f1": 0.7650834403080873,
  "samples_with_target": 2177,
  "n_httr_features": 0,
  "n_chemical_features": 163,
  "target_positives": 701,
  "target_negatives": 1476,
  "target_balance_ratio": 0.4749322493224932,
  "unique_chemicals": 1060,
  "ablation_mode": "structure_only",
  "cell_type_filter": null
}