{
  "target_assay": "TOX21_GR_BLA_Antagonist_ratio",
  "n_folds": 3,
  "random_state": 21,
  "global_threshold": 0.48982369899749756,
  "cv_roc_auc_mean": 0.828912277722296,
  "cv_roc_auc_std": 0.031233936749136028,
  "cv_pr_auc_mean": 0.31671894806151796,
  "cv_pr_auc_std": 0.02139475935603285,
  "cv_average_precision_mean": 0.32360026852911544,
  "cv_average_precision_std": 0.02163585226609347,
  "cv_f1_mean": 0.4364254380917802,
  "cv_f1_std": 0.026839973510584713,
  "cv_accuracy_mean": 0.8863677629614899,
  "cv_accuracy_std": 0.016271920305471952,
  "cv_precision_mean": 0.37568696020400566,
  "cv_precision_std": 0.03384847509904325,
  "cv_recall_mean": 0.5366564296401292,
  "cv_recall_std": 0.10410436984038185,
  "cv_specificity_mean": 0.9177551882086711,
  "cv_specificity_std": 0.025234820653999967,
  "cv_brier_score_mean": 0.08590375613373909,
  "cv_brier_score_std": 0.005276606103381052,
  "cv_log_loss_mean": 0.2885356882975176,
  "cv_log_loss_std": 0.014372101663062556,
  "oof_roc_auc": 0.8229797489442556,
  "oof_pr_auc": 0.314672117489429,
  "oof_accuracy": 0.888641425389755,
  "oof_f1": 0.42528735632183906,
  "samples_with_target": 2694,
  "n_httr_features": 16821,
  "n_chemical_features": 0,
  "target_positives": 223,
  "target_negatives": 2471,
  "target_balance_ratio": 0.09024686361796844,
  "unique_chemicals": 1302,
  "ablation_mode": "httr_only",
  "cell_type_filter": null
}