{
  "target_assay": "TOX21_ARE_BLA_Agonist_ratio",
  "n_folds": 3,
  "random_state": 21,
  "global_threshold": 0.5824078917503357,
  "cv_roc_auc_mean": 0.7721922537286411,
  "cv_roc_auc_std": 0.06630170002620386,
  "cv_pr_auc_mean": 0.40714681788527934,
  "cv_pr_auc_std": 0.07990285527131233,
  "cv_average_precision_mean": 0.4149890973543983,
  "cv_average_precision_std": 0.07688941682374058,
  "cv_f1_mean": 0.44935442814688303,
  "cv_f1_std": 0.0387868531709454,
  "cv_accuracy_mean": 0.8426792538245061,
  "cv_accuracy_std": 0.08262679044629642,
  "cv_precision_mean": 0.45256486432957016,
  "cv_precision_std": 0.10863140125544406,
  "cv_recall_mean": 0.46632394450242803,
  "cv_recall_std": 0.05382887803966458,
  "cv_specificity_mean": 0.8952531475592692,
  "cv_specificity_std": 0.09132078080828987,
  "cv_brier_score_mean": 0.11818959976009753,
  "cv_brier_score_std": 0.028491206078494632,
  "cv_log_loss_mean": 0.5259400880710304,
  "cv_log_loss_std": 0.18816089049245802,
  "oof_roc_auc": 0.7565875834242998,
  "oof_pr_auc": 0.37843293962054825,
  "oof_accuracy": 0.8669017188188629,
  "oof_f1": 0.40784313725490196,
  "samples_with_target": 2269,
  "n_httr_features": 0,
  "n_chemical_features": 163,
  "target_positives": 293,
  "target_negatives": 1976,
  "target_balance_ratio": 0.14827935222672065,
  "unique_chemicals": 1095,
  "ablation_mode": "structure_only",
  "cell_type_filter": null
}