{
  "target_assay": "TOX21_ERR_LUC_Antagonist",
  "n_folds": 3,
  "random_state": 21,
  "global_threshold": 0.46302714943885803,
  "cv_roc_auc_mean": 0.9319385687680461,
  "cv_roc_auc_std": 0.011609742920245698,
  "cv_pr_auc_mean": 0.8063018944556251,
  "cv_pr_auc_std": 0.06901739214393013,
  "cv_average_precision_mean": 0.8119059671006067,
  "cv_average_precision_std": 0.06354056963682592,
  "cv_f1_mean": 0.8069118861571692,
  "cv_f1_std": 0.018888563167798925,
  "cv_accuracy_mean": 0.9205390156865838,
  "cv_accuracy_std": 0.013769154170646327,
  "cv_precision_mean": 0.8402777777777777,
  "cv_precision_std": 0.05684272758244754,
  "cv_recall_mean": 0.779628867864162,
  "cv_recall_std": 0.04538092894043011,
  "cv_specificity_mean": 0.9575550796946519,
  "cv_specificity_std": 0.022942355318754937,
  "cv_brier_score_mean": 0.07546730378906279,
  "cv_brier_score_std": 0.005769698759415057,
  "cv_log_loss_mean": 0.30149737016697536,
  "cv_log_loss_std": 0.01677951429157214,
  "oof_roc_auc": 0.9307994757536041,
  "oof_pr_auc": 0.8041173541785157,
  "oof_accuracy": 0.9089595375722543,
  "oof_f1": 0.7849829351535836,
  "samples_with_target": 692,
  "n_httr_features": 16821,
  "n_chemical_features": 163,
  "target_positives": 147,
  "target_negatives": 545,
  "target_balance_ratio": 0.26972477064220185,
  "unique_chemicals": 684,
  "ablation_mode": "single_cell_httr_structure",
  "cell_type_filter": "U2OS"
}