{
  "target_assay": "TOX21_DT40_LUC",
  "n_folds": 3,
  "random_state": 21,
  "global_threshold": 0.38250911235809326,
  "cv_roc_auc_mean": 0.8825637449223697,
  "cv_roc_auc_std": 0.010693838769655541,
  "cv_pr_auc_mean": 0.8584910567460664,
  "cv_pr_auc_std": 0.024696587951086778,
  "cv_average_precision_mean": 0.8588481657203756,
  "cv_average_precision_std": 0.02457855133647093,
  "cv_f1_mean": 0.786031348873211,
  "cv_f1_std": 0.015438040770975889,
  "cv_accuracy_mean": 0.8267078082210658,
  "cv_accuracy_std": 0.01139183294935961,
  "cv_precision_mean": 0.7649959183075802,
  "cv_precision_std": 0.04313109239737829,
  "cv_recall_mean": 0.8098207917144582,
  "cv_recall_std": 0.016051518124522428,
  "cv_specificity_mean": 0.8386358551228016,
  "cv_specificity_std": 0.02800490608099549,
  "cv_brier_score_mean": 0.13433070684300683,
  "cv_brier_score_std": 0.0021258958498315585,
  "cv_log_loss_mean": 0.48497587336485154,
  "cv_log_loss_std": 0.042877273749204525,
  "oof_roc_auc": 0.8820674617432949,
  "oof_pr_auc": 0.8552693803509135,
  "oof_accuracy": 0.8297872340425532,
  "oof_f1": 0.7799352750809061,
  "samples_with_target": 1598,
  "n_httr_features": 16821,
  "n_chemical_features": 163,
  "target_positives": 629,
  "target_negatives": 969,
  "target_balance_ratio": 0.6491228070175439,
  "unique_chemicals": 785,
  "ablation_mode": "double_cell_httr_structure",
  "cell_type_filter": null,
  "cell_type_filter_1": "U2OS",
  "cell_type_filter_2": "HepRG"
}