{
  "target_assay": "TOX21_FXR_BLA_Antagonist_ratio",
  "n_folds": 3,
  "random_state": 21,
  "global_threshold": 0.48382455110549927,
  "cv_roc_auc_mean": 0.8952310991507847,
  "cv_roc_auc_std": 0.011759598964948718,
  "cv_pr_auc_mean": 0.5458908921882232,
  "cv_pr_auc_std": 0.07162754441455235,
  "cv_average_precision_mean": 0.5501503683985,
  "cv_average_precision_std": 0.06995104711124372,
  "cv_f1_mean": 0.5677997354255689,
  "cv_f1_std": 0.05564738898136293,
  "cv_accuracy_mean": 0.9146887577179191,
  "cv_accuracy_std": 0.00968548441123162,
  "cv_precision_mean": 0.5318181818181819,
  "cv_precision_std": 0.014453624263893069,
  "cv_recall_mean": 0.614091487509209,
  "cv_recall_std": 0.10601574134605998,
  "cv_specificity_mean": 0.9442249203130432,
  "cv_specificity_std": 0.015093659650526255,
  "cv_brier_score_mean": 0.06734961743012041,
  "cv_brier_score_std": 0.004905920691094966,
  "cv_log_loss_mean": 0.2274945002005528,
  "cv_log_loss_std": 0.015717263141261692,
  "oof_roc_auc": 0.8926251020179553,
  "oof_pr_auc": 0.5386919967764574,
  "oof_accuracy": 0.9089417555373257,
  "oof_f1": 0.5487804878048781,
  "samples_with_target": 2438,
  "n_httr_features": 16821,
  "n_chemical_features": 0,
  "target_positives": 226,
  "target_negatives": 2212,
  "target_balance_ratio": 0.10216998191681737,
  "unique_chemicals": 1180,
  "ablation_mode": "httr_only",
  "cell_type_filter": null
}