{
  "target_assay": "TOX21_AR_BLA_Agonist_ratio",
  "n_folds": 3,
  "random_state": 21,
  "global_threshold": 0.8928865790367126,
  "cv_roc_auc_mean": 0.8639595348391206,
  "cv_roc_auc_std": 0.03852638489105386,
  "cv_pr_auc_mean": 0.6469792602835495,
  "cv_pr_auc_std": 0.1724913097186794,
  "cv_average_precision_mean": 0.6539692177231196,
  "cv_average_precision_std": 0.1662274052920313,
  "cv_f1_mean": 0.7003367003367003,
  "cv_f1_std": 0.17417531523740823,
  "cv_accuracy_mean": 0.9807331168021403,
  "cv_accuracy_std": 0.014490021918997998,
  "cv_precision_mean": 0.7884615384615384,
  "cv_precision_std": 0.19517099163638882,
  "cv_recall_mean": 0.6519480519480519,
  "cv_recall_std": 0.19683787987311582,
  "cv_specificity_mean": 0.9913725634064617,
  "cv_specificity_std": 0.011470910736095134,
  "cv_brier_score_mean": 0.02045131972593397,
  "cv_brier_score_std": 0.005403310673701314,
  "cv_log_loss_mean": 0.10279380960526019,
  "cv_log_loss_std": 0.024078570857159257,
  "oof_roc_auc": 0.8586646847516413,
  "oof_pr_auc": 0.5842273468315268,
  "oof_accuracy": 0.9806896551724138,
  "oof_f1": 0.6111111111111112,
  "samples_with_target": 725,
  "n_httr_features": 16821,
  "n_chemical_features": 163,
  "target_positives": 23,
  "target_negatives": 702,
  "target_balance_ratio": 0.03276353276353276,
  "unique_chemicals": 714,
  "ablation_mode": "single_cell_httr_structure",
  "cell_type_filter": "U2OS"
}