{
  "target_assay": "TOX21_CAR_LUC_Agonist",
  "n_folds": 3,
  "random_state": 21,
  "global_threshold": 0.39667677879333496,
  "cv_roc_auc_mean": 0.9223759892239998,
  "cv_roc_auc_std": 0.013416499288051876,
  "cv_pr_auc_mean": 0.5361104971922473,
  "cv_pr_auc_std": 0.09506673600866081,
  "cv_average_precision_mean": 0.5494785373746592,
  "cv_average_precision_std": 0.0865712315659066,
  "cv_f1_mean": 0.5979169873274844,
  "cv_f1_std": 0.011987109428474387,
  "cv_accuracy_mean": 0.9414463585195292,
  "cv_accuracy_std": 0.007636364619227305,
  "cv_precision_mean": 0.6065021949816969,
  "cv_precision_std": 0.10704069237700839,
  "cv_recall_mean": 0.608592796092796,
  "cv_recall_std": 0.08462039351231875,
  "cv_specificity_mean": 0.9688495791737485,
  "cv_specificity_std": 0.010677471201214876,
  "cv_brier_score_mean": 0.046216438480369916,
  "cv_brier_score_std": 0.003598131109875514,
  "cv_log_loss_mean": 0.17087703186871658,
  "cv_log_loss_std": 0.010320046093637104,
  "oof_roc_auc": 0.9200545634920636,
  "oof_pr_auc": 0.5251125626389453,
  "oof_accuracy": 0.9397450753186558,
  "oof_f1": 0.5873015873015873,
  "samples_with_target": 1726,
  "n_httr_features": 16821,
  "n_chemical_features": 163,
  "target_positives": 126,
  "target_negatives": 1600,
  "target_balance_ratio": 0.07875,
  "unique_chemicals": 856,
  "ablation_mode": "double_cell_httr_structure",
  "cell_type_filter": null,
  "cell_type_filter_1": "U2OS",
  "cell_type_filter_2": "HepRG"
}