{
  "target_assay": "TOX21_p450_CYP2C19_Antagonist",
  "n_folds": 3,
  "random_state": 21,
  "global_threshold": 0.36675846576690674,
  "cv_roc_auc_mean": 0.8279796077749474,
  "cv_roc_auc_std": 0.008951406904198381,
  "cv_pr_auc_mean": 0.8042673783951678,
  "cv_pr_auc_std": 0.011252260640217586,
  "cv_average_precision_mean": 0.8049823967664755,
  "cv_average_precision_std": 0.011040998283651883,
  "cv_f1_mean": 0.7515172141119222,
  "cv_f1_std": 0.015576769337431502,
  "cv_accuracy_mean": 0.7612993271182541,
  "cv_accuracy_std": 0.006317819710929791,
  "cv_precision_mean": 0.7083008311705398,
  "cv_precision_std": 0.03075198720694339,
  "cv_recall_mean": 0.8029091843924813,
  "cv_recall_std": 0.048914799691820735,
  "cv_specificity_mean": 0.7263051093800449,
  "cv_specificity_std": 0.05123802080041441,
  "cv_brier_score_mean": 0.1735263134195739,
  "cv_brier_score_std": 0.006113472302056241,
  "cv_log_loss_mean": 0.5791244044026611,
  "cv_log_loss_std": 0.08814659078214516,
  "oof_roc_auc": 0.8219108664091818,
  "oof_pr_auc": 0.7900364435478335,
  "oof_accuracy": 0.7607655502392344,
  "oof_f1": 0.745475113122172,
  "samples_with_target": 1881,
  "n_httr_features": 16821,
  "n_chemical_features": 163,
  "target_positives": 849,
  "target_negatives": 1032,
  "target_balance_ratio": 0.8226744186046512,
  "unique_chemicals": 926,
  "ablation_mode": "double_cell_httr_structure",
  "cell_type_filter": null,
  "cell_type_filter_1": "U2OS",
  "cell_type_filter_2": "HepRG"
}