{
  "target_assay": "TOX21_AhR_LUC_Agonist",
  "n_folds": 3,
  "random_state": 21,
  "global_threshold": 0.470447301864624,
  "cv_roc_auc_mean": 0.9009343415918734,
  "cv_roc_auc_std": 0.03311345989066558,
  "cv_pr_auc_mean": 0.521079366800536,
  "cv_pr_auc_std": 0.04785290170643849,
  "cv_average_precision_mean": 0.5254842534487658,
  "cv_average_precision_std": 0.047158502331774724,
  "cv_f1_mean": 0.5457964532795968,
  "cv_f1_std": 0.020359738892474333,
  "cv_accuracy_mean": 0.9609757264017675,
  "cv_accuracy_std": 0.0131913966602544,
  "cv_precision_mean": 0.6159880220030596,
  "cv_precision_std": 0.03213175384728473,
  "cv_recall_mean": 0.49074074074074076,
  "cv_recall_std": 0.025051387515682772,
  "cv_specificity_mean": 0.9842680443729549,
  "cv_specificity_std": 0.006407682831751637,
  "cv_brier_score_mean": 0.03481175682374039,
  "cv_brier_score_std": 0.012042712085578925,
  "cv_log_loss_mean": 0.15442621683141325,
  "cv_log_loss_std": 0.06120071712105828,
  "oof_roc_auc": 0.8991598715097603,
  "oof_pr_auc": 0.5186114111296287,
  "oof_accuracy": 0.9604659371690787,
  "oof_f1": 0.5333333333333333,
  "samples_with_target": 2833,
  "n_httr_features": 16821,
  "n_chemical_features": 163,
  "target_positives": 135,
  "target_negatives": 2698,
  "target_balance_ratio": 0.050037064492216454,
  "unique_chemicals": 1375
}