{
  "target_assay": "TOX21_AR_LUC_MDAKB2_Antagonist_0_5nM_R1881",
  "n_folds": 3,
  "random_state": 21,
  "global_threshold": 0.3119153678417206,
  "cv_roc_auc_mean": 0.9259948439895606,
  "cv_roc_auc_std": 0.0201150943042967,
  "cv_pr_auc_mean": 0.8005372637508571,
  "cv_pr_auc_std": 0.06424688767510786,
  "cv_average_precision_mean": 0.801806767199424,
  "cv_average_precision_std": 0.06347467567148486,
  "cv_f1_mean": 0.7786244367877021,
  "cv_f1_std": 0.025450931239732844,
  "cv_accuracy_mean": 0.8861913888846167,
  "cv_accuracy_std": 0.01103354078025102,
  "cv_precision_mean": 0.7240800865800866,
  "cv_precision_std": 0.018532345048846394,
  "cv_recall_mean": 0.8428099678099678,
  "cv_recall_std": 0.045051687180297506,
  "cv_specificity_mean": 0.8993614731041782,
  "cv_specificity_std": 0.013824953341174085,
  "cv_brier_score_mean": 0.09000966711681412,
  "cv_brier_score_std": 0.014902746748474733,
  "cv_log_loss_mean": 0.3184579218030143,
  "cv_log_loss_std": 0.07518756562480489,
  "oof_roc_auc": 0.9186788974324385,
  "oof_pr_auc": 0.7761846585939268,
  "oof_accuracy": 0.8801942795466811,
  "oof_f1": 0.7638297872340426,
  "samples_with_target": 1853,
  "n_httr_features": 16821,
  "n_chemical_features": 163,
  "target_positives": 441,
  "target_negatives": 1412,
  "target_balance_ratio": 0.3123229461756374,
  "unique_chemicals": 1269,
  "ablation_mode": "double_cell_httr_structure",
  "cell_type_filter": null,
  "cell_type_filter_1": "MCF7",
  "cell_type_filter_2": "U2OS"
}