{
  "target_assay": "TOX21_p450_CYP2D6_Antagonist",
  "n_folds": 3,
  "random_state": 21,
  "global_threshold": 0.47217318415641785,
  "cv_roc_auc_mean": 0.8556771483660787,
  "cv_roc_auc_std": 0.028975975889902323,
  "cv_pr_auc_mean": 0.8061323968167322,
  "cv_pr_auc_std": 0.04620421559083196,
  "cv_average_precision_mean": 0.8070935332408515,
  "cv_average_precision_std": 0.04592344092807024,
  "cv_f1_mean": 0.7625344718341731,
  "cv_f1_std": 0.026119392102747926,
  "cv_accuracy_mean": 0.8221279723581424,
  "cv_accuracy_std": 0.025874972462903826,
  "cv_precision_mean": 0.7753167149311917,
  "cv_precision_std": 0.06582738961157253,
  "cv_recall_mean": 0.7526988979640811,
  "cv_recall_std": 0.012090132339774545,
  "cv_specificity_mean": 0.8648861603967237,
  "cv_specificity_std": 0.050122266911947704,
  "cv_brier_score_mean": 0.1449115799634316,
  "cv_brier_score_std": 0.02069862687853209,
  "cv_log_loss_mean": 0.4971698123506138,
  "cv_log_loss_std": 0.10814851900073062,
  "oof_roc_auc": 0.8480593607305936,
  "oof_pr_auc": 0.7921536320444014,
  "oof_accuracy": 0.8183538315988647,
  "oof_f1": 0.7486910994764397,
  "samples_with_target": 1057,
  "n_httr_features": 16821,
  "n_chemical_features": 163,
  "target_positives": 400,
  "target_negatives": 657,
  "target_balance_ratio": 0.60882800608828,
  "unique_chemicals": 1036,
  "ablation_mode": "single_cell_httr_structure",
  "cell_type_filter": "MCF7"
}