{
  "target_assay": "TOX21_HDAC_LUC_Antagonist",
  "n_folds": 3,
  "random_state": 21,
  "global_threshold": 0.4576076865196228,
  "cv_roc_auc_mean": 0.5829534422949801,
  "cv_roc_auc_std": 0.040587037559152356,
  "cv_pr_auc_mean": 0.050913496340807274,
  "cv_pr_auc_std": 0.026202842671561796,
  "cv_average_precision_mean": 0.053871342979970864,
  "cv_average_precision_std": 0.027854110801462512,
  "cv_f1_mean": 0.12407652571899032,
  "cv_f1_std": 0.07304660095359375,
  "cv_accuracy_mean": 0.6542497092587857,
  "cv_accuracy_std": 0.24806588145536881,
  "cv_precision_mean": 0.09372232488691666,
  "cv_precision_std": 0.08619438886729688,
  "cv_recall_mean": 0.5150499224079876,
  "cv_recall_std": 0.2625614431231309,
  "cv_specificity_mean": 0.6618073736480562,
  "cv_specificity_std": 0.26900094249407075,
  "cv_brier_score_mean": 0.1795459555407002,
  "cv_brier_score_std": 0.021523822940180196,
  "cv_log_loss_mean": 0.543680221250194,
  "cv_log_loss_std": 0.05643482855970412,
  "oof_roc_auc": 0.5740322097595378,
  "oof_pr_auc": 0.04405743540357923,
  "oof_accuracy": 0.6872653768408894,
  "oof_f1": 0.09523809523809523,
  "samples_with_target": 3463,
  "n_httr_features": 16821,
  "n_chemical_features": 0,
  "target_positives": 124,
  "target_negatives": 3339,
  "target_balance_ratio": 0.03713686732554657,
  "unique_chemicals": 1708,
  "ablation_mode": "httr_only",
  "cell_type_filter": null
}