{
  "target_assay": "TOX21_SBE_BLA_Antagonist_ratio",
  "n_folds": 3,
  "random_state": 21,
  "global_threshold": 0.5707266926765442,
  "cv_roc_auc_mean": 0.8228752265415425,
  "cv_roc_auc_std": 0.011387813016564472,
  "cv_pr_auc_mean": 0.5479613724561092,
  "cv_pr_auc_std": 0.07518931126410715,
  "cv_average_precision_mean": 0.5554525483038382,
  "cv_average_precision_std": 0.07344564551968215,
  "cv_f1_mean": 0.6117886178861789,
  "cv_f1_std": 0.06655728248713419,
  "cv_accuracy_mean": 0.9374548237679661,
  "cv_accuracy_std": 0.011324239930986505,
  "cv_precision_mean": 0.7785714285714285,
  "cv_precision_std": 0.025753937681885653,
  "cv_recall_mean": 0.5075498575498575,
  "cv_recall_std": 0.0898720421101709,
  "cv_specificity_mean": 0.9834886287639141,
  "cv_specificity_std": 0.00772379250342755,
  "cv_brier_score_mean": 0.06902677092318256,
  "cv_brier_score_std": 0.011034202824181837,
  "cv_log_loss_mean": 0.30070420070548803,
  "cv_log_loss_std": 0.06101411436551835,
  "oof_roc_auc": 0.8219578653552202,
  "oof_pr_auc": 0.527826504164805,
  "oof_accuracy": 0.9252450980392157,
  "oof_f1": 0.5734265734265734,
  "samples_with_target": 816,
  "n_httr_features": 16821,
  "n_chemical_features": 163,
  "target_positives": 82,
  "target_negatives": 734,
  "target_balance_ratio": 0.11171662125340599,
  "unique_chemicals": 806,
  "ablation_mode": "single_cell_httr_structure",
  "cell_type_filter": "HepRG"
}