{
  "target_assay": "TOX21_p450_CYP2D6_Antagonist",
  "n_folds": 3,
  "random_state": 21,
  "global_threshold": 0.2975991368293762,
  "cv_roc_auc_mean": 0.7829405549891971,
  "cv_roc_auc_std": 0.04211478820193303,
  "cv_pr_auc_mean": 0.7003042873787045,
  "cv_pr_auc_std": 0.07111612002057535,
  "cv_average_precision_mean": 0.7035506673277522,
  "cv_average_precision_std": 0.0695943708666398,
  "cv_f1_mean": 0.6633443406118814,
  "cv_f1_std": 0.04286774680114478,
  "cv_accuracy_mean": 0.7302733200006504,
  "cv_accuracy_std": 0.0349369585730676,
  "cv_precision_mean": 0.5943374399907456,
  "cv_precision_std": 0.04683969877683625,
  "cv_recall_mean": 0.751364522417154,
  "cv_recall_std": 0.04448898711824158,
  "cv_specificity_mean": 0.718024200963625,
  "cv_specificity_std": 0.031548147094221005,
  "cv_brier_score_mean": 0.19226086371599252,
  "cv_brier_score_std": 0.026617213127519853,
  "cv_log_loss_mean": 0.6601353035750298,
  "cv_log_loss_std": 0.1419344493040099,
  "oof_roc_auc": 0.7697562893081761,
  "oof_pr_auc": 0.6632269659459558,
  "oof_accuracy": 0.7140939597315437,
  "oof_f1": 0.6490939044481054,
  "samples_with_target": 745,
  "n_httr_features": 16821,
  "n_chemical_features": 163,
  "target_positives": 265,
  "target_negatives": 480,
  "target_balance_ratio": 0.5520833333333334,
  "unique_chemicals": 731,
  "ablation_mode": "single_cell_httr_structure",
  "cell_type_filter": "HepRG"
}