{
  "target_assay": "TOX21_ERR_LUC_Antagonist",
  "n_folds": 3,
  "random_state": 21,
  "global_threshold": 0.3486190736293793,
  "cv_roc_auc_mean": 0.9353178010858646,
  "cv_roc_auc_std": 0.02632998607839662,
  "cv_pr_auc_mean": 0.8346441744468215,
  "cv_pr_auc_std": 0.03915769449988998,
  "cv_average_precision_mean": 0.835542910426414,
  "cv_average_precision_std": 0.03931724527360924,
  "cv_f1_mean": 0.7696898903158557,
  "cv_f1_std": 0.04404426729555116,
  "cv_accuracy_mean": 0.8924560174102526,
  "cv_accuracy_std": 0.02685064419032439,
  "cv_precision_mean": 0.7485208706508168,
  "cv_precision_std": 0.03161979830702215,
  "cv_recall_mean": 0.7951832987486638,
  "cv_recall_std": 0.07990864350317857,
  "cv_specificity_mean": 0.9216623614000344,
  "cv_specificity_std": 0.020257351468858244,
  "cv_brier_score_mean": 0.08694159953918312,
  "cv_brier_score_std": 0.021498388421883535,
  "cv_log_loss_mean": 0.3442287994821165,
  "cv_log_loss_std": 0.1131289721356855,
  "oof_roc_auc": 0.9316191529126853,
  "oof_pr_auc": 0.8293927812400396,
  "oof_accuracy": 0.8911739502999143,
  "oof_f1": 0.7661141804788214,
  "samples_with_target": 2334,
  "n_httr_features": 16821,
  "n_chemical_features": 163,
  "target_positives": 525,
  "target_negatives": 1809,
  "target_balance_ratio": 0.2902155887230514,
  "unique_chemicals": 1131
}