{
  "target_assay": "TOX21_p450_CYP1A2_Antagonist",
  "n_folds": 3,
  "random_state": 21,
  "global_threshold": 0.333449125289917,
  "cv_roc_auc_mean": 0.8468072084804282,
  "cv_roc_auc_std": 0.02535275613809058,
  "cv_pr_auc_mean": 0.8958673331167684,
  "cv_pr_auc_std": 0.022272690270699044,
  "cv_average_precision_mean": 0.8963635037975138,
  "cv_average_precision_std": 0.022065316338607994,
  "cv_f1_mean": 0.8342719601501803,
  "cv_f1_std": 0.004764962020373326,
  "cv_accuracy_mean": 0.78024639664392,
  "cv_accuracy_std": 0.022528443842452173,
  "cv_precision_mean": 0.783811257283031,
  "cv_precision_std": 0.04882552517090984,
  "cv_recall_mean": 0.8965591319125196,
  "cv_recall_std": 0.05525893919158314,
  "cv_specificity_mean": 0.5924182410462285,
  "cv_specificity_std": 0.1513419225597558,
  "cv_brier_score_mean": 0.15950383269548082,
  "cv_brier_score_std": 0.018741880951557113,
  "cv_log_loss_mean": 0.5076786512742927,
  "cv_log_loss_std": 0.07929546778711473,
  "oof_roc_auc": 0.8389076023428174,
  "oof_pr_auc": 0.8817704944830242,
  "oof_accuracy": 0.7697255574614065,
  "oof_f1": 0.8273866923818708,
  "samples_with_target": 2332,
  "n_httr_features": 0,
  "n_chemical_features": 163,
  "target_positives": 1436,
  "target_negatives": 896,
  "target_balance_ratio": 0.6239554317548747,
  "unique_chemicals": 1138,
  "ablation_mode": "structure_only",
  "cell_type_filter": null
}