{
  "target_assay": "TOX21_RAR_LUC_Antagonist",
  "n_folds": 3,
  "random_state": 21,
  "global_threshold": 0.215092733502388,
  "cv_roc_auc_mean": 0.8895914407969286,
  "cv_roc_auc_std": 0.03160276294827643,
  "cv_pr_auc_mean": 0.5648398199952491,
  "cv_pr_auc_std": 0.05166514238992064,
  "cv_average_precision_mean": 0.5710341252991059,
  "cv_average_precision_std": 0.04888014896760011,
  "cv_f1_mean": 0.5870361745070641,
  "cv_f1_std": 0.0195599802106563,
  "cv_accuracy_mean": 0.9132688365962133,
  "cv_accuracy_std": 0.021071193274047627,
  "cv_precision_mean": 0.5707485033461533,
  "cv_precision_std": 0.08349353390561974,
  "cv_recall_mean": 0.6179951690821256,
  "cv_recall_std": 0.06738188859473303,
  "cv_specificity_mean": 0.9452730947631327,
  "cv_specificity_std": 0.02804631643442604,
  "cv_brier_score_mean": 0.06390782122185039,
  "cv_brier_score_std": 0.009027468650269392,
  "cv_log_loss_mean": 0.25199759040314007,
  "cv_log_loss_std": 0.06177044955715404,
  "oof_roc_auc": 0.8667420842000267,
  "oof_pr_auc": 0.5564127483967549,
  "oof_accuracy": 0.9059515062454078,
  "oof_f1": 0.5733333333333334,
  "samples_with_target": 1361,
  "n_httr_features": 16821,
  "n_chemical_features": 163,
  "target_positives": 134,
  "target_negatives": 1227,
  "target_balance_ratio": 0.10920945395273024,
  "unique_chemicals": 671,
  "ablation_mode": "double_cell_httr_structure",
  "cell_type_filter": null,
  "cell_type_filter_1": "U2OS",
  "cell_type_filter_2": "HepRG"
}