{
  "target_assay": "TOX21_FXR_BLA_Antagonist_ratio",
  "n_folds": 3,
  "random_state": 21,
  "global_threshold": 0.28296616673469543,
  "cv_roc_auc_mean": 0.9024384188227278,
  "cv_roc_auc_std": 0.027944852888079377,
  "cv_pr_auc_mean": 0.5936694515553296,
  "cv_pr_auc_std": 0.025353354170170296,
  "cv_average_precision_mean": 0.5989088071465085,
  "cv_average_precision_std": 0.02445161415565222,
  "cv_f1_mean": 0.6209372856034522,
  "cv_f1_std": 0.028358646482397387,
  "cv_accuracy_mean": 0.9323049836767555,
  "cv_accuracy_std": 0.0011362048863500255,
  "cv_precision_mean": 0.6384843135091397,
  "cv_precision_std": 0.07224513958895781,
  "cv_recall_mean": 0.6200396825396826,
  "cv_recall_std": 0.112794608788412,
  "cv_specificity_mean": 0.9640966934420896,
  "cv_specificity_std": 0.01407558029150084,
  "cv_brier_score_mean": 0.057498818833720024,
  "cv_brier_score_std": 0.008065703352308556,
  "cv_log_loss_mean": 0.23774097039553033,
  "cv_log_loss_std": 0.07419403919312643,
  "oof_roc_auc": 0.8850876675128402,
  "oof_pr_auc": 0.5782180713301728,
  "oof_accuracy": 0.9218422889043963,
  "oof_f1": 0.5912408759124088,
  "samples_with_target": 1433,
  "n_httr_features": 16821,
  "n_chemical_features": 163,
  "target_positives": 130,
  "target_negatives": 1303,
  "target_balance_ratio": 0.0997697620874904,
  "unique_chemicals": 706,
  "ablation_mode": "double_cell_httr_structure",
  "cell_type_filter": null,
  "cell_type_filter_1": "U2OS",
  "cell_type_filter_2": "HepRG"
}