{
  "target_assay": "TOX21_AR_BLA_Antagonist_ratio",
  "n_folds": 3,
  "random_state": 21,
  "global_threshold": 0.2493095099925995,
  "cv_roc_auc_mean": 0.9220410035318111,
  "cv_roc_auc_std": 0.012731802133115661,
  "cv_pr_auc_mean": 0.6909445682263864,
  "cv_pr_auc_std": 0.011459377255409634,
  "cv_average_precision_mean": 0.6956284923259006,
  "cv_average_precision_std": 0.01012321833320085,
  "cv_f1_mean": 0.7032575778805287,
  "cv_f1_std": 0.0021309761965793094,
  "cv_accuracy_mean": 0.8873689176349732,
  "cv_accuracy_std": 0.0035790337652206517,
  "cv_precision_mean": 0.637022397891963,
  "cv_precision_std": 0.025691699604743063,
  "cv_recall_mean": 0.7870016784029463,
  "cv_recall_std": 0.03590510074588236,
  "cv_specificity_mean": 0.9083849213198167,
  "cv_specificity_std": 0.0056137503507142205,
  "cv_brier_score_mean": 0.09507463809206625,
  "cv_brier_score_std": 0.011425437827400473,
  "cv_log_loss_mean": 0.36428378950753393,
  "cv_log_loss_std": 0.08503883064430415,
  "oof_roc_auc": 0.9141027221999568,
  "oof_pr_auc": 0.6851100466910243,
  "oof_accuracy": 0.886339937434828,
  "oof_f1": 0.7013698630136986,
  "samples_with_target": 959,
  "n_httr_features": 16821,
  "n_chemical_features": 163,
  "target_positives": 163,
  "target_negatives": 796,
  "target_balance_ratio": 0.20477386934673367,
  "unique_chemicals": 938,
  "ablation_mode": "single_cell_httr_structure",
  "cell_type_filter": "MCF7"
}