{
  "target_assay": "TOX21_ERa_BLA_Agonist_ratio",
  "n_folds": 3,
  "random_state": 21,
  "global_threshold": 0.27103742957115173,
  "cv_roc_auc_mean": 0.8659111325125547,
  "cv_roc_auc_std": 0.0773796425942387,
  "cv_pr_auc_mean": 0.25449152258524754,
  "cv_pr_auc_std": 0.051331762703360255,
  "cv_average_precision_mean": 0.2825575364049542,
  "cv_average_precision_std": 0.045608057238765265,
  "cv_f1_mean": 0.39143064633260716,
  "cv_f1_std": 0.07100970670105816,
  "cv_accuracy_mean": 0.9577304577304577,
  "cv_accuracy_std": 0.013050850314796266,
  "cv_precision_mean": 0.38275058275058277,
  "cv_precision_std": 0.018253400420001772,
  "cv_recall_mean": 0.4120879120879121,
  "cv_recall_std": 0.14019066837552827,
  "cv_specificity_mean": 0.97808791992447,
  "cv_specificity_std": 0.0032545884781739953,
  "cv_brier_score_mean": 0.03417000499622586,
  "cv_brier_score_std": 0.011048447576955504,
  "cv_log_loss_mean": 0.15872874935864537,
  "cv_log_loss_std": 0.06482905010066632,
  "oof_roc_auc": 0.7509967490645894,
  "oof_pr_auc": 0.16953111592354964,
  "oof_accuracy": 0.9566968781470292,
  "oof_f1": 0.29508196721311475,
  "samples_with_target": 993,
  "n_httr_features": 16821,
  "n_chemical_features": 163,
  "target_positives": 34,
  "target_negatives": 959,
  "target_balance_ratio": 0.035453597497393116,
  "unique_chemicals": 980,
  "ablation_mode": "single_cell_httr_structure",
  "cell_type_filter": "HepRG"
}