{
  "target_assay": "TOX21_GR_BLA_Agonist_ratio",
  "n_folds": 3,
  "random_state": 21,
  "global_threshold": 0.21252256631851196,
  "cv_roc_auc_mean": 0.9421254229577124,
  "cv_roc_auc_std": 0.05402520786803725,
  "cv_pr_auc_mean": 0.4181853846234788,
  "cv_pr_auc_std": 0.06402535974657161,
  "cv_average_precision_mean": 0.44516492963398996,
  "cv_average_precision_std": 0.06648910379786545,
  "cv_f1_mean": 0.5462074157726332,
  "cv_f1_std": 0.02485327436889751,
  "cv_accuracy_mean": 0.973369682027139,
  "cv_accuracy_std": 0.007848187062814165,
  "cv_precision_mean": 0.5151515151515151,
  "cv_precision_std": 0.07609695165041967,
  "cv_recall_mean": 0.5945165945165944,
  "cv_recall_std": 0.06381917572148912,
  "cv_specificity_mean": 0.9837674698499251,
  "cv_specificity_std": 0.00771107881830826,
  "cv_brier_score_mean": 0.02427299023567669,
  "cv_brier_score_std": 0.005453592111331321,
  "cv_log_loss_mean": 0.09288441387331647,
  "cv_log_loss_std": 0.02392437626157551,
  "oof_roc_auc": 0.9559458141018424,
  "oof_pr_auc": 0.38716600936127105,
  "oof_accuracy": 0.9723865877712031,
  "oof_f1": 0.5172413793103449,
  "samples_with_target": 1014,
  "n_httr_features": 16821,
  "n_chemical_features": 163,
  "target_positives": 27,
  "target_negatives": 987,
  "target_balance_ratio": 0.02735562310030395,
  "unique_chemicals": 1000,
  "ablation_mode": "single_cell_httr_structure",
  "cell_type_filter": "U2OS"
}