{
  "target_assay": "TOX21_AP1_BLA_Agonist_ratio",
  "n_folds": 3,
  "random_state": 21,
  "global_threshold": 0.1886480748653412,
  "cv_roc_auc_mean": 0.7488924027775097,
  "cv_roc_auc_std": 0.06677645207206631,
  "cv_pr_auc_mean": 0.18091576033674803,
  "cv_pr_auc_std": 0.0018777702656003344,
  "cv_average_precision_mean": 0.1918575090016148,
  "cv_average_precision_std": 0.0033153036651071446,
  "cv_f1_mean": 0.30224889902309254,
  "cv_f1_std": 0.03932247544036921,
  "cv_accuracy_mean": 0.9317363336140015,
  "cv_accuracy_std": 0.014534561947543866,
  "cv_precision_mean": 0.3307259073842303,
  "cv_precision_std": 0.17307121628376895,
  "cv_recall_mean": 0.3245556912223579,
  "cv_recall_std": 0.05962363340366888,
  "cv_specificity_mean": 0.9612157257215476,
  "cv_specificity_std": 0.02326705642596311,
  "cv_brier_score_mean": 0.051471476536497945,
  "cv_brier_score_std": 0.006418961750898798,
  "cv_log_loss_mean": 0.2717334852679974,
  "cv_log_loss_std": 0.09535150987749076,
  "oof_roc_auc": 0.6992091106504787,
  "oof_pr_auc": 0.15921537300149724,
  "oof_accuracy": 0.9264248704663213,
  "oof_f1": 0.2828282828282828,
  "samples_with_target": 1930,
  "n_httr_features": 16821,
  "n_chemical_features": 163,
  "target_positives": 88,
  "target_negatives": 1842,
  "target_balance_ratio": 0.04777415852334419,
  "unique_chemicals": 1322,
  "ablation_mode": "double_cell_httr_structure",
  "cell_type_filter": null,
  "cell_type_filter_1": "MCF7",
  "cell_type_filter_2": "U2OS"
}