{
  "target_assay": "TOX21_HDAC_LUC_Antagonist",
  "n_folds": 3,
  "random_state": 21,
  "global_threshold": 0.3754698932170868,
  "cv_roc_auc_mean": 0.7560072455187209,
  "cv_roc_auc_std": 0.015481858539417904,
  "cv_pr_auc_mean": 0.12382540260982235,
  "cv_pr_auc_std": 0.04790896762485789,
  "cv_average_precision_mean": 0.15177451056018107,
  "cv_average_precision_std": 0.06526431111306309,
  "cv_f1_mean": 0.25326797385620914,
  "cv_f1_std": 0.07848241802956095,
  "cv_accuracy_mean": 0.9183117823348269,
  "cv_accuracy_std": 0.07595988677202535,
  "cv_precision_mean": 0.3823099415204678,
  "cv_precision_std": 0.28077313145871535,
  "cv_recall_mean": 0.3183922558922559,
  "cv_recall_std": 0.19740661256645917,
  "cv_specificity_mean": 0.9411305894296201,
  "cv_specificity_std": 0.08599080692000237,
  "cv_brier_score_mean": 0.035612338241287546,
  "cv_brier_score_std": 0.010951264282881706,
  "cv_log_loss_mean": 0.18885518640093624,
  "cv_log_loss_std": 0.09033384961050663,
  "oof_roc_auc": 0.6945302666208949,
  "oof_pr_auc": 0.12281155913958886,
  "oof_accuracy": 0.958291956305859,
  "oof_f1": 0.2222222222222222,
  "samples_with_target": 1007,
  "n_httr_features": 16821,
  "n_chemical_features": 163,
  "target_positives": 36,
  "target_negatives": 971,
  "target_balance_ratio": 0.037075180226570546,
  "unique_chemicals": 994,
  "ablation_mode": "single_cell_httr_structure",
  "cell_type_filter": "U2OS"
}