{
  "target_assay": "TOX21_p450_CYP2C19_Antagonist",
  "n_folds": 3,
  "random_state": 21,
  "global_threshold": 0.4116293787956238,
  "cv_roc_auc_mean": 0.8372629087104176,
  "cv_roc_auc_std": 0.014388520335219111,
  "cv_pr_auc_mean": 0.8275848629490196,
  "cv_pr_auc_std": 0.015983383239686507,
  "cv_average_precision_mean": 0.8280449555729534,
  "cv_average_precision_std": 0.015851908122170168,
  "cv_f1_mean": 0.7734486808993718,
  "cv_f1_std": 0.0018952473269818234,
  "cv_accuracy_mean": 0.785857082649659,
  "cv_accuracy_std": 0.007055439851011493,
  "cv_precision_mean": 0.7716192596879409,
  "cv_precision_std": 0.002480226970272122,
  "cv_recall_mean": 0.77531901646286,
  "cv_recall_std": 0.0061896626946533065,
  "cv_specificity_mean": 0.7951436670384647,
  "cv_specificity_std": 0.010569865641335887,
  "cv_brier_score_mean": 0.16093286136774965,
  "cv_brier_score_std": 0.007763105856637447,
  "cv_log_loss_mean": 0.5086917845112434,
  "cv_log_loss_std": 0.030215604733071662,
  "oof_roc_auc": 0.8350071593653352,
  "oof_pr_auc": 0.8256052317259215,
  "oof_accuracy": 0.7832533798517226,
  "oof_f1": 0.7693735498839908,
  "samples_with_target": 2293,
  "n_httr_features": 16821,
  "n_chemical_features": 163,
  "target_positives": 1081,
  "target_negatives": 1212,
  "target_balance_ratio": 0.891914191419142,
  "unique_chemicals": 1579,
  "ablation_mode": "double_cell_httr_structure",
  "cell_type_filter": null,
  "cell_type_filter_1": "MCF7",
  "cell_type_filter_2": "U2OS"
}