{
  "target_assay": "TOX21_ERa_LUC_VM7_Antagonist_0_1nM_E2",
  "n_folds": 3,
  "random_state": 21,
  "global_threshold": 0.263274610042572,
  "cv_roc_auc_mean": 0.9460730579246596,
  "cv_roc_auc_std": 0.011417072856638249,
  "cv_pr_auc_mean": 0.7322313866115281,
  "cv_pr_auc_std": 0.043850084734988574,
  "cv_average_precision_mean": 0.7391262543126649,
  "cv_average_precision_std": 0.03674528576095105,
  "cv_f1_mean": 0.7210664753706361,
  "cv_f1_std": 0.025067433876302156,
  "cv_accuracy_mean": 0.9202310946043536,
  "cv_accuracy_std": 0.011498366605136335,
  "cv_precision_mean": 0.645049082373026,
  "cv_precision_std": 0.03992519645217876,
  "cv_recall_mean": 0.8208020050125313,
  "cv_recall_std": 0.05048430345484628,
  "cv_specificity_mean": 0.9338845526994989,
  "cv_specificity_std": 0.016789471459072818,
  "cv_brier_score_mean": 0.06289608613186637,
  "cv_brier_score_std": 0.011786960878022334,
  "cv_log_loss_mean": 0.22813546442490215,
  "cv_log_loss_std": 0.058974477703210806,
  "oof_roc_auc": 0.9457402825073496,
  "oof_pr_auc": 0.7283549897605167,
  "oof_accuracy": 0.9183673469387755,
  "oof_f1": 0.7161290322580646,
  "samples_with_target": 1078,
  "n_httr_features": 16821,
  "n_chemical_features": 163,
  "target_positives": 137,
  "target_negatives": 941,
  "target_balance_ratio": 0.14558979808714134,
  "unique_chemicals": 1054,
  "ablation_mode": "single_cell_httr_structure",
  "cell_type_filter": "MCF7"
}