{
  "target_assay": "TOX21_p450_CYP3A4_Antagonist",
  "n_folds": 3,
  "random_state": 21,
  "global_threshold": 0.3700965940952301,
  "cv_roc_auc_mean": 0.8225950772779141,
  "cv_roc_auc_std": 0.018905244944257955,
  "cv_pr_auc_mean": 0.7608412121604987,
  "cv_pr_auc_std": 0.03707932935115824,
  "cv_average_precision_mean": 0.7617513349810796,
  "cv_average_precision_std": 0.03665246040646972,
  "cv_f1_mean": 0.7232632214754556,
  "cv_f1_std": 0.01643166352505622,
  "cv_accuracy_mean": 0.7787817998814699,
  "cv_accuracy_std": 0.025355280565731733,
  "cv_precision_mean": 0.7078395490423436,
  "cv_precision_std": 0.08072839683017316,
  "cv_recall_mean": 0.7501540501540501,
  "cv_recall_std": 0.06937094342965773,
  "cv_specificity_mean": 0.8006816162196652,
  "cv_specificity_std": 0.07663636602151212,
  "cv_brier_score_mean": 0.1681151805125977,
  "cv_brier_score_std": 0.019595615121248026,
  "cv_log_loss_mean": 0.5984698464867747,
  "cv_log_loss_std": 0.11849180559453372,
  "oof_roc_auc": 0.8138521521018045,
  "oof_pr_auc": 0.7569783918206964,
  "oof_accuracy": 0.7845474613686534,
  "oof_f1": 0.7201834862385321,
  "samples_with_target": 2265,
  "n_httr_features": 16821,
  "n_chemical_features": 0,
  "target_positives": 876,
  "target_negatives": 1389,
  "target_balance_ratio": 0.6306695464362851,
  "unique_chemicals": 1118,
  "ablation_mode": "httr_only",
  "cell_type_filter": null
}