{
  "target_assay": "TOX21_ERb_BLA_Antagonist_ratio",
  "n_folds": 3,
  "random_state": 21,
  "global_threshold": 0.39313510060310364,
  "cv_roc_auc_mean": 0.9015401164943615,
  "cv_roc_auc_std": 0.02960296248214524,
  "cv_pr_auc_mean": 0.6919911566791223,
  "cv_pr_auc_std": 0.04131811364947968,
  "cv_average_precision_mean": 0.6952550742105578,
  "cv_average_precision_std": 0.04180807914696555,
  "cv_f1_mean": 0.7190807619931432,
  "cv_f1_std": 0.07175214689773858,
  "cv_accuracy_mean": 0.8762844560544619,
  "cv_accuracy_std": 0.045026035304428474,
  "cv_precision_mean": 0.6574276386049995,
  "cv_precision_std": 0.08416316481951308,
  "cv_recall_mean": 0.798355708468068,
  "cv_recall_std": 0.082715905748552,
  "cv_specificity_mean": 0.8932298392376926,
  "cv_specificity_std": 0.054712714692707394,
  "cv_brier_score_mean": 0.09754711786376156,
  "cv_brier_score_std": 0.027660004506531916,
  "cv_log_loss_mean": 0.39552183424552095,
  "cv_log_loss_std": 0.10662920376022417,
  "oof_roc_auc": 0.9005033437424249,
  "oof_pr_auc": 0.6862040715479748,
  "oof_accuracy": 0.8823529411764706,
  "oof_f1": 0.7046979865771812,
  "samples_with_target": 1496,
  "n_httr_features": 16821,
  "n_chemical_features": 163,
  "target_positives": 291,
  "target_negatives": 1205,
  "target_balance_ratio": 0.24149377593360996,
  "unique_chemicals": 1038,
  "ablation_mode": "double_cell_httr_structure",
  "cell_type_filter": null,
  "cell_type_filter_1": "MCF7",
  "cell_type_filter_2": "U2OS"
}