{
  "target_assay": "TOX21_AR_LUC_MDAKB2_Antagonist_10nM_R1881",
  "n_folds": 3,
  "random_state": 21,
  "global_threshold": 0.1504635065793991,
  "cv_roc_auc_mean": 0.8047807882082075,
  "cv_roc_auc_std": 0.04153128560149742,
  "cv_pr_auc_mean": 0.3676724068667397,
  "cv_pr_auc_std": 0.049242029733679984,
  "cv_average_precision_mean": 0.3804294111569231,
  "cv_average_precision_std": 0.042610095179623456,
  "cv_f1_mean": 0.4351283244350009,
  "cv_f1_std": 0.010279516149945387,
  "cv_accuracy_mean": 0.8418155085690655,
  "cv_accuracy_std": 0.0744627392896252,
  "cv_precision_mean": 0.36893826547500835,
  "cv_precision_std": 0.13164990512620825,
  "cv_recall_mean": 0.6697687728937729,
  "cv_recall_std": 0.24959135258751253,
  "cv_specificity_mean": 0.8563798997330406,
  "cv_specificity_std": 0.09917611931643149,
  "cv_brier_score_mean": 0.08075175384087141,
  "cv_brier_score_std": 0.012545875434080278,
  "cv_log_loss_mean": 0.3434241554208486,
  "cv_log_loss_std": 0.05657108026329153,
  "oof_roc_auc": 0.7954829776058825,
  "oof_pr_auc": 0.31843232107176284,
  "oof_accuracy": 0.8628526645768025,
  "oof_f1": 0.358974358974359,
  "samples_with_target": 2552,
  "n_httr_features": 0,
  "n_chemical_features": 163,
  "target_positives": 225,
  "target_negatives": 2327,
  "target_balance_ratio": 0.09669101847872798,
  "unique_chemicals": 1240,
  "ablation_mode": "structure_only",
  "cell_type_filter": null
}