{
  "target_assay": "TOX21_AR_BLA_Antagonist_ratio",
  "n_folds": 3,
  "random_state": 21,
  "global_threshold": 0.2095354199409485,
  "cv_roc_auc_mean": 0.9297583411911113,
  "cv_roc_auc_std": 0.018072315381339975,
  "cv_pr_auc_mean": 0.7246605756607072,
  "cv_pr_auc_std": 0.03428839982488195,
  "cv_average_precision_mean": 0.7272248014484289,
  "cv_average_precision_std": 0.03301828723139598,
  "cv_f1_mean": 0.6946781045630064,
  "cv_f1_std": 0.012632964919053134,
  "cv_accuracy_mean": 0.8889325164615401,
  "cv_accuracy_std": 0.008402237883706412,
  "cv_precision_mean": 0.6322584908153827,
  "cv_precision_std": 0.08870602086210612,
  "cv_recall_mean": 0.7899111044002004,
  "cv_recall_std": 0.09251906644867379,
  "cv_specificity_mean": 0.9099349308872992,
  "cv_specificity_std": 0.03032423931865039,
  "cv_brier_score_mean": 0.07970135683908829,
  "cv_brier_score_std": 0.005206577448080837,
  "cv_log_loss_mean": 0.2789473618216043,
  "cv_log_loss_std": 0.037588629215986,
  "oof_roc_auc": 0.9231818757870157,
  "oof_pr_auc": 0.7162500168443391,
  "oof_accuracy": 0.8828502415458938,
  "oof_f1": 0.6891025641025641,
  "samples_with_target": 1656,
  "n_httr_features": 16821,
  "n_chemical_features": 163,
  "target_positives": 267,
  "target_negatives": 1389,
  "target_balance_ratio": 0.19222462203023757,
  "unique_chemicals": 1149,
  "ablation_mode": "double_cell_httr_structure",
  "cell_type_filter": null,
  "cell_type_filter_1": "MCF7",
  "cell_type_filter_2": "U2OS"
}