{
  "target_assay": "TOX21_SBE_BLA_Antagonist_ratio",
  "n_folds": 3,
  "random_state": 21,
  "global_threshold": 0.39929136633872986,
  "cv_roc_auc_mean": 0.9162079878433113,
  "cv_roc_auc_std": 0.01381736326478676,
  "cv_pr_auc_mean": 0.7181086748992751,
  "cv_pr_auc_std": 0.05818909766529157,
  "cv_average_precision_mean": 0.719342512100818,
  "cv_average_precision_std": 0.05780292537151324,
  "cv_f1_mean": 0.683137450990832,
  "cv_f1_std": 0.06106667566803859,
  "cv_accuracy_mean": 0.9361038975208942,
  "cv_accuracy_std": 0.008749496584006347,
  "cv_precision_mean": 0.7361213845424371,
  "cv_precision_std": 0.1155217434992807,
  "cv_recall_mean": 0.65187478500172,
  "cv_recall_std": 0.10143136711188408,
  "cv_specificity_mean": 0.9708545309389646,
  "cv_specificity_std": 0.015016438672338863,
  "cv_brier_score_mean": 0.05601665047169111,
  "cv_brier_score_std": 0.010185840583975356,
  "cv_log_loss_mean": 0.2522737730379075,
  "cv_log_loss_std": 0.07244561146063581,
  "oof_roc_auc": 0.9065436400327931,
  "oof_pr_auc": 0.7083485689157666,
  "oof_accuracy": 0.9321492007104796,
  "oof_f1": 0.6735042735042736,
  "samples_with_target": 2815,
  "n_httr_features": 16821,
  "n_chemical_features": 163,
  "target_positives": 303,
  "target_negatives": 2512,
  "target_balance_ratio": 0.12062101910828026,
  "unique_chemicals": 1385
}