{
  "target_assay": "TOX21_TSHR_HTRF_Agonist_ratio",
  "n_folds": 3,
  "random_state": 21,
  "global_threshold": 0.06619007885456085,
  "cv_roc_auc_mean": 0.7110208545446306,
  "cv_roc_auc_std": 0.10813263179306476,
  "cv_pr_auc_mean": 0.2721938985136351,
  "cv_pr_auc_std": 0.03297832715641133,
  "cv_average_precision_mean": 0.2841816804101356,
  "cv_average_precision_std": 0.037393780499888944,
  "cv_f1_mean": 0.37085832638459265,
  "cv_f1_std": 0.07521409983555699,
  "cv_accuracy_mean": 0.9194823780357616,
  "cv_accuracy_std": 0.017436522001712505,
  "cv_precision_mean": 0.4301661474558671,
  "cv_precision_std": 0.06415825895298527,
  "cv_recall_mean": 0.36672977236871757,
  "cv_recall_std": 0.19184762484369625,
  "cv_specificity_mean": 0.9603849238859409,
  "cv_specificity_std": 0.030524340858666885,
  "cv_brier_score_mean": 0.07380384588577708,
  "cv_brier_score_std": 0.016766178636842256,
  "cv_log_loss_mean": 0.38520982714775215,
  "cv_log_loss_std": 0.05311638769799987,
  "oof_roc_auc": 0.72652403298656,
  "oof_pr_auc": 0.2766037190270409,
  "oof_accuracy": 0.8719972546328071,
  "oof_f1": 0.325497287522604,
  "samples_with_target": 2914,
  "n_httr_features": 0,
  "n_chemical_features": 163,
  "target_positives": 201,
  "target_negatives": 2713,
  "target_balance_ratio": 0.07408772576483598,
  "unique_chemicals": 1419,
  "ablation_mode": "structure_only",
  "cell_type_filter": null
}