{
  "target_assay": "TOX21_PR_BLA_Antagonist_ratio",
  "n_folds": 3,
  "random_state": 21,
  "global_threshold": 0.36627987027168274,
  "cv_roc_auc_mean": 0.938809856290932,
  "cv_roc_auc_std": 0.006051495229761936,
  "cv_pr_auc_mean": 0.8915015729678829,
  "cv_pr_auc_std": 0.014106802750049828,
  "cv_average_precision_mean": 0.8918032729098059,
  "cv_average_precision_std": 0.01399678522100812,
  "cv_f1_mean": 0.8332343105125849,
  "cv_f1_std": 0.007542378162795363,
  "cv_accuracy_mean": 0.8832652324027007,
  "cv_accuracy_std": 0.015741880141558088,
  "cv_precision_mean": 0.8041568845064812,
  "cv_precision_std": 0.029535251671049877,
  "cv_recall_mean": 0.8656381070275683,
  "cv_recall_std": 0.02252083826859936,
  "cv_specificity_mean": 0.8911124810116563,
  "cv_specificity_std": 0.034108922401136804,
  "cv_brier_score_mean": 0.09248185096192463,
  "cv_brier_score_std": 0.006547887537094896,
  "cv_log_loss_mean": 0.32411415919318376,
  "cv_log_loss_std": 0.032847845662498404,
  "oof_roc_auc": 0.935609831135347,
  "oof_pr_auc": 0.878738447192342,
  "oof_accuracy": 0.8808574277168495,
  "oof_f1": 0.8291636883488206,
  "samples_with_target": 2006,
  "n_httr_features": 16821,
  "n_chemical_features": 163,
  "target_positives": 673,
  "target_negatives": 1333,
  "target_balance_ratio": 0.5048762190547637,
  "unique_chemicals": 979
}