{
  "target_assay": "TOX21_TR_LUC_GH3_Antagonist",
  "n_folds": 3,
  "random_state": 21,
  "global_threshold": 0.31582337617874146,
  "cv_roc_auc_mean": 0.8258612105129134,
  "cv_roc_auc_std": 0.041488578774392736,
  "cv_pr_auc_mean": 0.4407199705224314,
  "cv_pr_auc_std": 0.07922982272250768,
  "cv_average_precision_mean": 0.45502324317471937,
  "cv_average_precision_std": 0.07816808994274062,
  "cv_f1_mean": 0.5410746823857386,
  "cv_f1_std": 0.08270725660188553,
  "cv_accuracy_mean": 0.8436328851848941,
  "cv_accuracy_std": 0.028153710759134365,
  "cv_precision_mean": 0.4878003833112192,
  "cv_precision_std": 0.08010806025888825,
  "cv_recall_mean": 0.6148484848484849,
  "cv_recall_std": 0.11888717247716143,
  "cv_specificity_mean": 0.8851448474126493,
  "cv_specificity_std": 0.02435796243848905,
  "cv_brier_score_mean": 0.11634973909127942,
  "cv_brier_score_std": 0.01804413692894113,
  "cv_log_loss_mean": 0.403427122158137,
  "cv_log_loss_std": 0.06683549530497275,
  "oof_roc_auc": 0.8119513031550069,
  "oof_pr_auc": 0.4416598505303788,
  "oof_accuracy": 0.8385744234800838,
  "oof_f1": 0.5095541401273885,
  "samples_with_target": 954,
  "n_httr_features": 16821,
  "n_chemical_features": 163,
  "target_positives": 144,
  "target_negatives": 810,
  "target_balance_ratio": 0.17777777777777778,
  "unique_chemicals": 471,
  "ablation_mode": "double_cell_httr_structure",
  "cell_type_filter": null,
  "cell_type_filter_1": "U2OS",
  "cell_type_filter_2": "HepRG"
}