{
  "target_assay": "TOX21_SBE_BLA_Antagonist_ratio",
  "n_folds": 3,
  "random_state": 21,
  "global_threshold": 0.34999001026153564,
  "cv_roc_auc_mean": 0.9272711334955046,
  "cv_roc_auc_std": 0.013985398796979305,
  "cv_pr_auc_mean": 0.7294935621117847,
  "cv_pr_auc_std": 0.05260449635257605,
  "cv_average_precision_mean": 0.7317626329295627,
  "cv_average_precision_std": 0.051312951714613746,
  "cv_f1_mean": 0.7054227223003594,
  "cv_f1_std": 0.007983405245022886,
  "cv_accuracy_mean": 0.93694075709308,
  "cv_accuracy_std": 0.005874740599978452,
  "cv_precision_mean": 0.7402977139819246,
  "cv_precision_std": 0.09105005067287458,
  "cv_recall_mean": 0.6844335974770758,
  "cv_recall_std": 0.07074292025514757,
  "cv_specificity_mean": 0.9684591981284297,
  "cv_specificity_std": 0.01624947105263529,
  "cv_brier_score_mean": 0.056310324570380606,
  "cv_brier_score_std": 0.004805393696671079,
  "cv_log_loss_mean": 0.23720794238966136,
  "cv_log_loss_std": 0.013100069076479023,
  "oof_roc_auc": 0.9281718744432963,
  "oof_pr_auc": 0.731472212531195,
  "oof_accuracy": 0.9279639819909955,
  "oof_f1": 0.6909871244635193,
  "samples_with_target": 1999,
  "n_httr_features": 16821,
  "n_chemical_features": 163,
  "target_positives": 221,
  "target_negatives": 1778,
  "target_balance_ratio": 0.12429696287964004,
  "unique_chemicals": 1385,
  "ablation_mode": "double_cell_httr_structure",
  "cell_type_filter": null,
  "cell_type_filter_1": "MCF7",
  "cell_type_filter_2": "U2OS"
}