{
  "target_assay": "TOX21_RORg_LUC_CHO_Antagonist",
  "n_folds": 3,
  "random_state": 21,
  "global_threshold": 0.17833064496517181,
  "cv_roc_auc_mean": 0.7727119730870182,
  "cv_roc_auc_std": 0.048440596375611586,
  "cv_pr_auc_mean": 0.33177372623187,
  "cv_pr_auc_std": 0.08143637341181907,
  "cv_average_precision_mean": 0.3559644150514181,
  "cv_average_precision_std": 0.08468539970227153,
  "cv_f1_mean": 0.4557462275860631,
  "cv_f1_std": 0.0473245109525794,
  "cv_accuracy_mean": 0.8607484119404405,
  "cv_accuracy_std": 0.015581404982889069,
  "cv_precision_mean": 0.39593817397555714,
  "cv_precision_std": 0.07056904225980626,
  "cv_recall_mean": 0.5492332355769037,
  "cv_recall_std": 0.08075869475475492,
  "cv_specificity_mean": 0.8979809916622704,
  "cv_specificity_std": 0.027575434880370862,
  "cv_brier_score_mean": 0.09234414196749535,
  "cv_brier_score_std": 0.003737891287773782,
  "cv_log_loss_mean": 0.3925707394102714,
  "cv_log_loss_std": 0.026838024090443616,
  "oof_roc_auc": 0.7715180063452083,
  "oof_pr_auc": 0.33234320707049003,
  "oof_accuracy": 0.8695652173913043,
  "oof_f1": 0.44559585492227977,
  "samples_with_target": 2461,
  "n_httr_features": 0,
  "n_chemical_features": 163,
  "target_positives": 263,
  "target_negatives": 2198,
  "target_balance_ratio": 0.11965423111919928,
  "unique_chemicals": 1204,
  "ablation_mode": "structure_only",
  "cell_type_filter": null
}