{
  "target_assay": "TOX21_ERa_LUC_VM7_Agonist",
  "n_folds": 3,
  "random_state": 21,
  "global_threshold": 0.4078528583049774,
  "cv_roc_auc_mean": 0.7744897159426692,
  "cv_roc_auc_std": 0.07281758529532303,
  "cv_pr_auc_mean": 0.40119152033272026,
  "cv_pr_auc_std": 0.08931646997949794,
  "cv_average_precision_mean": 0.4097519459511439,
  "cv_average_precision_std": 0.091084736998434,
  "cv_f1_mean": 0.46799845141308555,
  "cv_f1_std": 0.08648006360383058,
  "cv_accuracy_mean": 0.8735895082096069,
  "cv_accuracy_std": 0.02040865813815542,
  "cv_precision_mean": 0.4211382113821139,
  "cv_precision_std": 0.036612456094951874,
  "cv_recall_mean": 0.5433908045977011,
  "cv_recall_std": 0.16815943659436788,
  "cv_specificity_mean": 0.9102347316046945,
  "cv_specificity_std": 0.03413620931044669,
  "cv_brier_score_mean": 0.09534135269436568,
  "cv_brier_score_std": 0.007550707639191568,
  "cv_log_loss_mean": 0.3352874757990952,
  "cv_log_loss_std": 0.018577328144738652,
  "oof_roc_auc": 0.7851431117050897,
  "oof_pr_auc": 0.40396738998488924,
  "oof_accuracy": 0.8728197674418605,
  "oof_f1": 0.4582043343653251,
  "samples_with_target": 1376,
  "n_httr_features": 16821,
  "n_chemical_features": 163,
  "target_positives": 146,
  "target_negatives": 1230,
  "target_balance_ratio": 0.11869918699186992,
  "unique_chemicals": 679,
  "ablation_mode": "double_cell_httr_structure",
  "cell_type_filter": null,
  "cell_type_filter_1": "U2OS",
  "cell_type_filter_2": "HepRG"
}