{
  "target_assay": "TOX21_p450_CYP1A2_Antagonist",
  "n_folds": 3,
  "random_state": 21,
  "global_threshold": 0.4327899217605591,
  "cv_roc_auc_mean": 0.7872175131345096,
  "cv_roc_auc_std": 0.03963235899177274,
  "cv_pr_auc_mean": 0.8436016081457979,
  "cv_pr_auc_std": 0.0411737480653562,
  "cv_average_precision_mean": 0.8446198620373098,
  "cv_average_precision_std": 0.04074515579932257,
  "cv_f1_mean": 0.8156327306878736,
  "cv_f1_std": 0.03948991938206205,
  "cv_accuracy_mean": 0.7478463082525334,
  "cv_accuracy_std": 0.07407092834656759,
  "cv_precision_mean": 0.7613444495685912,
  "cv_precision_std": 0.1086420347588096,
  "cv_recall_mean": 0.8941845678687783,
  "cv_recall_std": 0.0787362362777601,
  "cv_specificity_mean": 0.5240979370192854,
  "cv_specificity_std": 0.2877273416689943,
  "cv_brier_score_mean": 0.1927241327384627,
  "cv_brier_score_std": 0.042498419995201674,
  "cv_log_loss_mean": 0.6496849132767331,
  "cv_log_loss_std": 0.23465116815812587,
  "oof_roc_auc": 0.7734077572634894,
  "oof_pr_auc": 0.8211103938343216,
  "oof_accuracy": 0.7432432432432432,
  "oof_f1": 0.8013937282229965,
  "samples_with_target": 666,
  "n_httr_features": 16821,
  "n_chemical_features": 163,
  "target_positives": 411,
  "target_negatives": 255,
  "target_balance_ratio": 0.6204379562043796,
  "unique_chemicals": 654,
  "ablation_mode": "single_cell_httr_structure",
  "cell_type_filter": "HepRG"
}