{
  "target_assay": "TOX21_SBE_BLA_Antagonist_ratio",
  "n_folds": 3,
  "random_state": 21,
  "global_threshold": 0.5195050239562988,
  "cv_roc_auc_mean": 0.908569967355939,
  "cv_roc_auc_std": 0.026677479988644476,
  "cv_pr_auc_mean": 0.5867780759914348,
  "cv_pr_auc_std": 0.1390456469378126,
  "cv_average_precision_mean": 0.602091962809994,
  "cv_average_precision_std": 0.1273291796636492,
  "cv_f1_mean": 0.6200573813249869,
  "cv_f1_std": 0.09827308818898449,
  "cv_accuracy_mean": 0.9314463764585419,
  "cv_accuracy_std": 0.002506995417627888,
  "cv_precision_mean": 0.6549019607843137,
  "cv_precision_std": 0.10743684607194572,
  "cv_recall_mean": 0.590900900900901,
  "cv_recall_std": 0.09797822290997643,
  "cv_specificity_mean": 0.9673657318258946,
  "cv_specificity_std": 0.0036012325291135054,
  "cv_brier_score_mean": 0.06487429889408076,
  "cv_brier_score_std": 0.004966848673260257,
  "cv_log_loss_mean": 0.23927299101987357,
  "cv_log_loss_std": 0.026303830039094044,
  "oof_roc_auc": 0.9027044964327194,
  "oof_pr_auc": 0.5623640168551232,
  "oof_accuracy": 0.9216646266829865,
  "oof_f1": 0.6190476190476191,
  "samples_with_target": 817,
  "n_httr_features": 16821,
  "n_chemical_features": 163,
  "target_positives": 82,
  "target_negatives": 735,
  "target_balance_ratio": 0.11156462585034013,
  "unique_chemicals": 807,
  "ablation_mode": "single_cell_httr_structure",
  "cell_type_filter": "U2OS"
}