{
  "target_assay": "TOX21_Aromatase_LUC_Antagonist",
  "n_folds": 3,
  "random_state": 21,
  "global_threshold": 0.206170454621315,
  "cv_roc_auc_mean": 0.8673838312999315,
  "cv_roc_auc_std": 0.06315215700342773,
  "cv_pr_auc_mean": 0.5251140311228678,
  "cv_pr_auc_std": 0.2027271933841799,
  "cv_average_precision_mean": 0.5341053841688806,
  "cv_average_precision_std": 0.19573762076996715,
  "cv_f1_mean": 0.5652173913043478,
  "cv_f1_std": 0.13364866330031067,
  "cv_accuracy_mean": 0.9073335963791261,
  "cv_accuracy_std": 0.04082495682543323,
  "cv_precision_mean": 0.6228466838931955,
  "cv_precision_std": 0.2574271844075675,
  "cv_recall_mean": 0.5376984126984127,
  "cv_recall_std": 0.035879248650843486,
  "cv_specificity_mean": 0.9511055227031994,
  "cv_specificity_std": 0.04204100866429771,
  "cv_brier_score_mean": 0.07654846342738414,
  "cv_brier_score_std": 0.021845497469903857,
  "cv_log_loss_mean": 0.28961503824835094,
  "cv_log_loss_std": 0.07533328136921864,
  "oof_roc_auc": 0.8534855279249898,
  "oof_pr_auc": 0.5230338607053389,
  "oof_accuracy": 0.8708901363271853,
  "oof_f1": 0.513595166163142,
  "samples_with_target": 1247,
  "n_httr_features": 16821,
  "n_chemical_features": 163,
  "target_positives": 132,
  "target_negatives": 1115,
  "target_balance_ratio": 0.11838565022421525,
  "unique_chemicals": 617,
  "ablation_mode": "double_cell_httr_structure",
  "cell_type_filter": null,
  "cell_type_filter_1": "U2OS",
  "cell_type_filter_2": "HepRG"
}