{
  "target_assay": "TOX21_AR_BLA_Antagonist_ratio",
  "n_folds": 3,
  "random_state": 21,
  "global_threshold": 0.16943664848804474,
  "cv_roc_auc_mean": 0.9172481436040737,
  "cv_roc_auc_std": 0.003401972521367466,
  "cv_pr_auc_mean": 0.67690730383849,
  "cv_pr_auc_std": 0.03891134122650654,
  "cv_average_precision_mean": 0.6792831036838107,
  "cv_average_precision_std": 0.03740120840318157,
  "cv_f1_mean": 0.6640490740710105,
  "cv_f1_std": 0.015556835555308407,
  "cv_accuracy_mean": 0.8753388134076318,
  "cv_accuracy_std": 0.01807235293823714,
  "cv_precision_mean": 0.581533746389434,
  "cv_precision_std": 0.05385426071319571,
  "cv_recall_mean": 0.7836503623188406,
  "cv_recall_std": 0.07372302307168778,
  "cv_specificity_mean": 0.8920519205128091,
  "cv_specificity_std": 0.03423620313276018,
  "cv_brier_score_mean": 0.08536815980985507,
  "cv_brier_score_std": 0.0021251655875252256,
  "cv_log_loss_mean": 0.30335308601407635,
  "cv_log_loss_std": 0.022562612512088465,
  "oof_roc_auc": 0.9123601437374738,
  "oof_pr_auc": 0.6617510642318043,
  "oof_accuracy": 0.8703231292517006,
  "oof_f1": 0.658454647256439,
  "samples_with_target": 2352,
  "n_httr_features": 16821,
  "n_chemical_features": 163,
  "target_positives": 371,
  "target_negatives": 1981,
  "target_balance_ratio": 0.1872791519434629,
  "unique_chemicals": 1149
}