{
  "target_assay": "TOX21_ERR_LUC_Antagonist",
  "n_folds": 3,
  "random_state": 21,
  "global_threshold": 0.5447079539299011,
  "cv_roc_auc_mean": 0.8892290447335262,
  "cv_roc_auc_std": 0.03154841571029701,
  "cv_pr_auc_mean": 0.7180016095175276,
  "cv_pr_auc_std": 0.06305890215617978,
  "cv_average_precision_mean": 0.722532220051007,
  "cv_average_precision_std": 0.06045862004847713,
  "cv_f1_mean": 0.6923478640117068,
  "cv_f1_std": 0.034448158086353646,
  "cv_accuracy_mean": 0.8523248827784395,
  "cv_accuracy_std": 0.020536411474857772,
  "cv_precision_mean": 0.6642407055991296,
  "cv_precision_std": 0.09745741797746861,
  "cv_recall_mean": 0.7451958749921399,
  "cv_recall_std": 0.11803069947997524,
  "cv_specificity_mean": 0.8867015737403657,
  "cv_specificity_std": 0.05298331280247067,
  "cv_brier_score_mean": 0.11499853533579275,
  "cv_brier_score_std": 0.025612697587014455,
  "cv_log_loss_mean": 0.4258897768800905,
  "cv_log_loss_std": 0.18115793435945324,
  "oof_roc_auc": 0.8671204822448605,
  "oof_pr_auc": 0.686130033059789,
  "oof_accuracy": 0.8538988860325621,
  "oof_f1": 0.6767772511848341,
  "samples_with_target": 2334,
  "n_httr_features": 0,
  "n_chemical_features": 163,
  "target_positives": 525,
  "target_negatives": 1809,
  "target_balance_ratio": 0.2902155887230514,
  "unique_chemicals": 1131,
  "ablation_mode": "structure_only",
  "cell_type_filter": null
}