{
  "target_assay": "TOX21_AChE_Colorimetric_Antagonist",
  "n_folds": 3,
  "random_state": 21,
  "global_threshold": 0.19379214942455292,
  "cv_roc_auc_mean": 0.8600685714697457,
  "cv_roc_auc_std": 0.026963978712608534,
  "cv_pr_auc_mean": 0.3015478013918586,
  "cv_pr_auc_std": 0.12888526859426006,
  "cv_average_precision_mean": 0.3318685606792261,
  "cv_average_precision_std": 0.12054717570489683,
  "cv_f1_mean": 0.44905273937532003,
  "cv_f1_std": 0.08399990838762059,
  "cv_accuracy_mean": 0.9374703228869895,
  "cv_accuracy_std": 0.04461725266264643,
  "cv_precision_mean": 0.4259259259259259,
  "cv_precision_std": 0.15804880217297682,
  "cv_recall_mean": 0.533868092691622,
  "cv_recall_std": 0.10062621470727472,
  "cv_specificity_mean": 0.9543227490000975,
  "cv_specificity_std": 0.04843445110224034,
  "cv_brier_score_mean": 0.0349912192318378,
  "cv_brier_score_std": 0.00933220785440731,
  "cv_log_loss_mean": 0.14996854001579904,
  "cv_log_loss_std": 0.042015857007987545,
  "oof_roc_auc": 0.8222956568653897,
  "oof_pr_auc": 0.2810741524757185,
  "oof_accuracy": 0.9497630331753555,
  "oof_f1": 0.39080459770114945,
  "samples_with_target": 1055,
  "n_httr_features": 16821,
  "n_chemical_features": 163,
  "target_positives": 44,
  "target_negatives": 1011,
  "target_balance_ratio": 0.043521266073194856,
  "unique_chemicals": 1042,
  "ablation_mode": "single_cell_httr_structure",
  "cell_type_filter": "U2OS"
}