{
  "target_assay": "TOX21_GR_BLA_Agonist_ratio",
  "n_folds": 3,
  "random_state": 21,
  "global_threshold": 0.7757111191749573,
  "cv_roc_auc_mean": 0.9062824265725863,
  "cv_roc_auc_std": 0.09600701758125121,
  "cv_pr_auc_mean": 0.5385644394186442,
  "cv_pr_auc_std": 0.17793527518895047,
  "cv_average_precision_mean": 0.5592638167194615,
  "cv_average_precision_std": 0.16417912958078132,
  "cv_f1_mean": 0.5847851335656213,
  "cv_f1_std": 0.09219194395731352,
  "cv_accuracy_mean": 0.9718341525872605,
  "cv_accuracy_std": 0.009546397859349893,
  "cv_precision_mean": 0.5884711779448621,
  "cv_precision_std": 0.15445836924711606,
  "cv_recall_mean": 0.6406926406926406,
  "cv_recall_std": 0.21431850726383658,
  "cv_specificity_mean": 0.9861552800997714,
  "cv_specificity_std": 0.0031610912653858543,
  "cv_brier_score_mean": 0.029869934485445837,
  "cv_brier_score_std": 0.006341559103533422,
  "cv_log_loss_mean": 0.13863712333087622,
  "cv_log_loss_std": 0.0574370143151964,
  "oof_roc_auc": 0.8332992700729926,
  "oof_pr_auc": 0.4454186378216104,
  "oof_accuracy": 0.9704225352112676,
  "oof_f1": 0.5,
  "samples_with_target": 1420,
  "n_httr_features": 16821,
  "n_chemical_features": 163,
  "target_positives": 50,
  "target_negatives": 1370,
  "target_balance_ratio": 0.0364963503649635,
  "unique_chemicals": 1391,
  "ablation_mode": "single_cell_httr_structure",
  "cell_type_filter": "MCF7"
}