{
  "target_assay": "TOX21_CAR_LUC_Agonist",
  "n_folds": 3,
  "random_state": 21,
  "global_threshold": 0.402495801448822,
  "cv_roc_auc_mean": 0.91260025825195,
  "cv_roc_auc_std": 0.004707207142644139,
  "cv_pr_auc_mean": 0.5531521495797528,
  "cv_pr_auc_std": 0.026254252752858556,
  "cv_average_precision_mean": 0.5678017210527946,
  "cv_average_precision_std": 0.032146699592983434,
  "cv_f1_mean": 0.5937640112405672,
  "cv_f1_std": 0.032992873095502855,
  "cv_accuracy_mean": 0.9210631125926664,
  "cv_accuracy_std": 0.02485471809418565,
  "cv_precision_mean": 0.5533407325194228,
  "cv_precision_std": 0.11139647730065295,
  "cv_recall_mean": 0.6614656472668643,
  "cv_recall_std": 0.06552844819031868,
  "cv_specificity_mean": 0.9444388048940748,
  "cv_specificity_std": 0.02936920820693334,
  "cv_brier_score_mean": 0.05862876082032198,
  "cv_brier_score_std": 0.01296726882074491,
  "cv_log_loss_mean": 0.24410573343425268,
  "cv_log_loss_std": 0.07122909248463985,
  "oof_roc_auc": 0.8744741532976827,
  "oof_pr_auc": 0.5160311522577389,
  "oof_accuracy": 0.9251247920133111,
  "oof_f1": 0.5454545454545454,
  "samples_with_target": 1202,
  "n_httr_features": 16821,
  "n_chemical_features": 163,
  "target_positives": 102,
  "target_negatives": 1100,
  "target_balance_ratio": 0.09272727272727273,
  "unique_chemicals": 1177,
  "ablation_mode": "single_cell_httr_structure",
  "cell_type_filter": "MCF7"
}