{
  "target_assay": "TOX21_AChE_Colorimetric_Antagonist",
  "n_folds": 3,
  "random_state": 21,
  "global_threshold": 0.0003511875693220645,
  "cv_roc_auc_mean": 0.6223908473457098,
  "cv_roc_auc_std": 0.033382432910546475,
  "cv_pr_auc_mean": 0.07083976210042049,
  "cv_pr_auc_std": 0.03008252812538574,
  "cv_average_precision_mean": 0.07466691650543904,
  "cv_average_precision_std": 0.029806979210544364,
  "cv_f1_mean": 0.15447823088272528,
  "cv_f1_std": 0.055036199227964024,
  "cv_accuracy_mean": 0.840309101591969,
  "cv_accuracy_std": 0.08019981821431564,
  "cv_precision_mean": 0.10601245602284888,
  "cv_precision_std": 0.048788582997863324,
  "cv_recall_mean": 0.3246601838848997,
  "cv_recall_std": 0.08662184382897126,
  "cv_specificity_mean": 0.8613827471854595,
  "cv_specificity_std": 0.08175137478363281,
  "cv_brier_score_mean": 0.1070684389243451,
  "cv_brier_score_std": 0.09543325727581452,
  "cv_log_loss_mean": 0.42348301297306895,
  "cv_log_loss_std": 0.18576215942561192,
  "oof_roc_auc": 0.516030202403542,
  "oof_pr_auc": 0.041795808386651354,
  "oof_accuracy": 0.31255172413793103,
  "oof_f1": 0.09183673469387756,
  "samples_with_target": 3625,
  "n_httr_features": 16821,
  "n_chemical_features": 0,
  "target_positives": 153,
  "target_negatives": 3472,
  "target_balance_ratio": 0.04406682027649769,
  "unique_chemicals": 1782,
  "ablation_mode": "httr_only",
  "cell_type_filter": null
}