{
  "target_assay": "TOX21_DT40_100_LUC",
  "n_folds": 3,
  "random_state": 21,
  "global_threshold": 0.3894893527030945,
  "cv_roc_auc_mean": 0.89139999498928,
  "cv_roc_auc_std": 0.004326331524152581,
  "cv_pr_auc_mean": 0.8634052830600659,
  "cv_pr_auc_std": 0.015312023131880714,
  "cv_average_precision_mean": 0.8637514021226353,
  "cv_average_precision_std": 0.015249419916631202,
  "cv_f1_mean": 0.7906441270894247,
  "cv_f1_std": 0.00934894903265475,
  "cv_accuracy_mean": 0.8430849302610118,
  "cv_accuracy_std": 0.00904900228440009,
  "cv_precision_mean": 0.8006423123243677,
  "cv_precision_std": 0.04242326669486877,
  "cv_recall_mean": 0.7834542008034701,
  "cv_recall_std": 0.038624728817961966,
  "cv_specificity_mean": 0.8793833334164437,
  "cv_specificity_std": 0.03659849843619998,
  "cv_brier_score_mean": 0.12436162730719229,
  "cv_brier_score_std": 0.0050934043807387835,
  "cv_log_loss_mean": 0.46992784072367405,
  "cv_log_loss_std": 0.06910851853308467,
  "oof_roc_auc": 0.8862232270451457,
  "oof_pr_auc": 0.8502850061847761,
  "oof_accuracy": 0.8395784543325527,
  "oof_f1": 0.784251968503937,
  "samples_with_target": 1708,
  "n_httr_features": 16821,
  "n_chemical_features": 163,
  "target_positives": 647,
  "target_negatives": 1061,
  "target_balance_ratio": 0.6098020735155514,
  "unique_chemicals": 840,
  "ablation_mode": "double_cell_httr_structure",
  "cell_type_filter": null,
  "cell_type_filter_1": "U2OS",
  "cell_type_filter_2": "HepRG"
}