{
  "target_assay": "TOX21_PR_BLA_Antagonist_ratio",
  "n_folds": 3,
  "random_state": 21,
  "global_threshold": 0.15737256407737732,
  "cv_roc_auc_mean": 0.943798914853368,
  "cv_roc_auc_std": 0.012897838075834224,
  "cv_pr_auc_mean": 0.8862236578730882,
  "cv_pr_auc_std": 0.030247551004761487,
  "cv_average_precision_mean": 0.8874683576564797,
  "cv_average_precision_std": 0.029832100629776377,
  "cv_f1_mean": 0.8670845197698349,
  "cv_f1_std": 0.03284496025938211,
  "cv_accuracy_mean": 0.9124856815578465,
  "cv_accuracy_std": 0.020790614673991133,
  "cv_precision_mean": 0.8522921522921524,
  "cv_precision_std": 0.06285081430909048,
  "cv_recall_mean": 0.8853091675266599,
  "cv_recall_std": 0.04311336203402334,
  "cv_specificity_mean": 0.9270413418985175,
  "cv_specificity_std": 0.02953877202807299,
  "cv_brier_score_mean": 0.0911899971753319,
  "cv_brier_score_std": 0.0027801897531175186,
  "cv_log_loss_mean": 0.35644754549246765,
  "cv_log_loss_std": 0.049881130394009,
  "oof_roc_auc": 0.9343324470228024,
  "oof_pr_auc": 0.8577369417742237,
  "oof_accuracy": 0.8833619210977701,
  "oof_f1": 0.8365384615384616,
  "samples_with_target": 583,
  "n_httr_features": 16821,
  "n_chemical_features": 163,
  "target_positives": 189,
  "target_negatives": 394,
  "target_balance_ratio": 0.4796954314720812,
  "unique_chemicals": 574,
  "ablation_mode": "single_cell_httr_structure",
  "cell_type_filter": "U2OS"
}