{
  "target_assay": "TOX21_ERb_BLA_Antagonist_ratio",
  "n_folds": 3,
  "random_state": 21,
  "global_threshold": 0.45737165212631226,
  "cv_roc_auc_mean": 0.8771594095537392,
  "cv_roc_auc_std": 0.0256298971693912,
  "cv_pr_auc_mean": 0.7037952011117588,
  "cv_pr_auc_std": 0.043547214926405745,
  "cv_average_precision_mean": 0.7064332629499797,
  "cv_average_precision_std": 0.04216061893689225,
  "cv_f1_mean": 0.6752604515984798,
  "cv_f1_std": 0.019095552488047125,
  "cv_accuracy_mean": 0.8687528924164424,
  "cv_accuracy_std": 0.013034681775394422,
  "cv_precision_mean": 0.6527361527361527,
  "cv_precision_std": 0.06986350425339091,
  "cv_recall_mean": 0.712092731829574,
  "cv_recall_std": 0.08747897171690835,
  "cv_specificity_mean": 0.9061890619469456,
  "cv_specificity_std": 0.035919925277486504,
  "cv_brier_score_mean": 0.09592490043555874,
  "cv_brier_score_std": 0.006202430917029923,
  "cv_log_loss_mean": 0.33158384657202084,
  "cv_log_loss_std": 0.026583946525977297,
  "oof_roc_auc": 0.8747386327391289,
  "oof_pr_auc": 0.698839521051743,
  "oof_accuracy": 0.8763485477178423,
  "oof_f1": 0.6696230598669624,
  "samples_with_target": 1205,
  "n_httr_features": 16821,
  "n_chemical_features": 163,
  "target_positives": 232,
  "target_negatives": 973,
  "target_balance_ratio": 0.23843782117163412,
  "unique_chemicals": 596,
  "ablation_mode": "double_cell_httr_structure",
  "cell_type_filter": null,
  "cell_type_filter_1": "U2OS",
  "cell_type_filter_2": "HepRG"
}