{
  "target_assay": "TOX21_hERG_U2OS_Antagonist",
  "n_folds": 3,
  "random_state": 21,
  "global_threshold": 0.32732781767845154,
  "cv_roc_auc_mean": 0.9317790973381976,
  "cv_roc_auc_std": 0.027894387648715244,
  "cv_pr_auc_mean": 0.70451137486649,
  "cv_pr_auc_std": 0.044805140286590786,
  "cv_average_precision_mean": 0.7059941399030025,
  "cv_average_precision_std": 0.044937755410201285,
  "cv_f1_mean": 0.6541741456891373,
  "cv_f1_std": 0.0429239355829062,
  "cv_accuracy_mean": 0.9263151534215375,
  "cv_accuracy_std": 0.009336541619617608,
  "cv_precision_mean": 0.5820809282206678,
  "cv_precision_std": 0.04893957399764726,
  "cv_recall_mean": 0.7526344757225512,
  "cv_recall_std": 0.08015576465119308,
  "cv_specificity_mean": 0.9439457706786243,
  "cv_specificity_std": 0.013484937906845329,
  "cv_brier_score_mean": 0.05021352023480093,
  "cv_brier_score_std": 0.006973847403394912,
  "cv_log_loss_mean": 0.19698723301565788,
  "cv_log_loss_std": 0.05314819887235291,
  "oof_roc_auc": 0.9143051650468242,
  "oof_pr_auc": 0.6881936218106883,
  "oof_accuracy": 0.9296688289518606,
  "oof_f1": 0.6460481099656358,
  "samples_with_target": 2929,
  "n_httr_features": 16821,
  "n_chemical_features": 163,
  "target_positives": 272,
  "target_negatives": 2657,
  "target_balance_ratio": 0.10237109522017313,
  "unique_chemicals": 1440
}