{
  "target_assay": "TOX21_ERR_LUC_Antagonist",
  "n_folds": 3,
  "random_state": 21,
  "global_threshold": 0.25293731689453125,
  "cv_roc_auc_mean": 0.9463383496829484,
  "cv_roc_auc_std": 0.018702892695904614,
  "cv_pr_auc_mean": 0.8678087842951353,
  "cv_pr_auc_std": 0.04236718174790242,
  "cv_average_precision_mean": 0.8693494734979733,
  "cv_average_precision_std": 0.04133125213541399,
  "cv_f1_mean": 0.8050979185102536,
  "cv_f1_std": 0.02635020917267498,
  "cv_accuracy_mean": 0.8991302278586081,
  "cv_accuracy_std": 0.02839778128338162,
  "cv_precision_mean": 0.7786435786435787,
  "cv_precision_std": 0.09291271037729375,
  "cv_recall_mean": 0.8427222403126017,
  "cv_recall_std": 0.051565350434709105,
  "cv_specificity_mean": 0.9161658056980695,
  "cv_specificity_std": 0.051340940699351044,
  "cv_brier_score_mean": 0.08012224495448543,
  "cv_brier_score_std": 0.01461735287851159,
  "cv_log_loss_mean": 0.28643189637138045,
  "cv_log_loss_std": 0.06334626976470611,
  "oof_roc_auc": 0.9446608946608946,
  "oof_pr_auc": 0.8570694827422033,
  "oof_accuracy": 0.8906414300736067,
  "oof_f1": 0.7936507936507936,
  "samples_with_target": 951,
  "n_httr_features": 16821,
  "n_chemical_features": 163,
  "target_positives": 231,
  "target_negatives": 720,
  "target_balance_ratio": 0.32083333333333336,
  "unique_chemicals": 937,
  "ablation_mode": "single_cell_httr_structure",
  "cell_type_filter": "MCF7"
}