{
  "target_assay": "TOX21_ERa_LUC_VM7_Agonist",
  "n_folds": 3,
  "random_state": 21,
  "global_threshold": 0.6802734732627869,
  "cv_roc_auc_mean": 0.8116795494395479,
  "cv_roc_auc_std": 0.010534292331903913,
  "cv_pr_auc_mean": 0.5512267986437008,
  "cv_pr_auc_std": 0.06878015341424908,
  "cv_average_precision_mean": 0.5574263130948132,
  "cv_average_precision_std": 0.06572362495003609,
  "cv_f1_mean": 0.5698839477959409,
  "cv_f1_std": 0.026023633494466777,
  "cv_accuracy_mean": 0.9156331921758419,
  "cv_accuracy_std": 0.02194993723445598,
  "cv_precision_mean": 0.6212484035759899,
  "cv_precision_std": 0.0659739968076222,
  "cv_recall_mean": 0.5296052631578947,
  "cv_recall_std": 0.031379578993978474,
  "cv_specificity_mean": 0.9606823403047349,
  "cv_specificity_std": 0.015997991801625203,
  "cv_brier_score_mean": 0.07725732339734585,
  "cv_brier_score_std": 0.009367153085889987,
  "cv_log_loss_mean": 0.2745219403975938,
  "cv_log_loss_std": 0.025677219796473593,
  "oof_roc_auc": 0.8064483795522887,
  "oof_pr_auc": 0.5405482209971202,
  "oof_accuracy": 0.9171511627906976,
  "oof_f1": 0.5289256198347108,
  "samples_with_target": 688,
  "n_httr_features": 16821,
  "n_chemical_features": 163,
  "target_positives": 73,
  "target_negatives": 615,
  "target_balance_ratio": 0.11869918699186992,
  "unique_chemicals": 678,
  "ablation_mode": "single_cell_httr_structure",
  "cell_type_filter": "U2OS"
}