{
  "target_assay": "TOX21_AR_BLA_Antagonist_ratio",
  "n_folds": 3,
  "random_state": 21,
  "global_threshold": 0.2777940630912781,
  "cv_roc_auc_mean": 0.8958329017172283,
  "cv_roc_auc_std": 0.033390610318114085,
  "cv_pr_auc_mean": 0.6517211341541046,
  "cv_pr_auc_std": 0.07020663032791928,
  "cv_average_precision_mean": 0.6549200211305521,
  "cv_average_precision_std": 0.07064003104010382,
  "cv_f1_mean": 0.6429214799450734,
  "cv_f1_std": 0.06097920051437503,
  "cv_accuracy_mean": 0.8755755479671322,
  "cv_accuracy_std": 0.005065721407678241,
  "cv_precision_mean": 0.5924634829658461,
  "cv_precision_std": 0.06656872501241712,
  "cv_recall_mean": 0.7036549707602339,
  "cv_recall_std": 0.05672382737961706,
  "cv_specificity_mean": 0.9078550784005825,
  "cv_specificity_std": 0.004744465682366295,
  "cv_brier_score_mean": 0.09550652816132003,
  "cv_brier_score_std": 0.009301498858135866,
  "cv_log_loss_mean": 0.3810359658904818,
  "cv_log_loss_std": 0.0870726551996136,
  "oof_roc_auc": 0.8913425940916793,
  "oof_pr_auc": 0.6320253231587911,
  "oof_accuracy": 0.8785498489425981,
  "oof_f1": 0.6391382405745063,
  "samples_with_target": 1655,
  "n_httr_features": 16821,
  "n_chemical_features": 163,
  "target_positives": 267,
  "target_negatives": 1388,
  "target_balance_ratio": 0.19236311239193082,
  "unique_chemicals": 1149,
  "ablation_mode": "double_cell_httr_structure",
  "cell_type_filter": null,
  "cell_type_filter_1": "MCF7",
  "cell_type_filter_2": "HepRG"
}