{
  "target_assay": "TOX21_ERa_LUC_VM7_Antagonist_0_5nM_E2",
  "n_folds": 3,
  "random_state": 21,
  "global_threshold": 0.34115099906921387,
  "cv_roc_auc_mean": 0.9503792766535527,
  "cv_roc_auc_std": 0.011192371809081798,
  "cv_pr_auc_mean": 0.6945383646513875,
  "cv_pr_auc_std": 0.022028062308384503,
  "cv_average_precision_mean": 0.7007394191812052,
  "cv_average_precision_std": 0.0215495954939485,
  "cv_f1_mean": 0.7112095484188506,
  "cv_f1_std": 0.011569655713465245,
  "cv_accuracy_mean": 0.936087745312713,
  "cv_accuracy_std": 0.008259833887336024,
  "cv_precision_mean": 0.6510792913656691,
  "cv_precision_std": 0.04026340358662635,
  "cv_recall_mean": 0.7922139016897081,
  "cv_recall_std": 0.0885290908945169,
  "cv_specificity_mean": 0.9514730584865195,
  "cv_specificity_std": 0.017904415589820716,
  "cv_brier_score_mean": 0.05341543924197472,
  "cv_brier_score_std": 0.007837512534074753,
  "cv_log_loss_mean": 0.21178409338210116,
  "cv_log_loss_std": 0.04809783310991675,
  "oof_roc_auc": 0.9409013605442177,
  "oof_pr_auc": 0.6763192361322089,
  "oof_accuracy": 0.934077079107505,
  "oof_f1": 0.6859903381642513,
  "samples_with_target": 986,
  "n_httr_features": 16821,
  "n_chemical_features": 163,
  "target_positives": 98,
  "target_negatives": 888,
  "target_balance_ratio": 0.11036036036036036,
  "unique_chemicals": 961,
  "ablation_mode": "single_cell_httr_structure",
  "cell_type_filter": "MCF7"
}