{
  "target_assay": "TOX21_AR_BLA_Antagonist_ratio",
  "n_folds": 3,
  "random_state": 21,
  "global_threshold": 0.39393913745880127,
  "cv_roc_auc_mean": 0.8585562308742668,
  "cv_roc_auc_std": 0.06144796173332643,
  "cv_pr_auc_mean": 0.5579832682192026,
  "cv_pr_auc_std": 0.11905359544774603,
  "cv_average_precision_mean": 0.5702933424314413,
  "cv_average_precision_std": 0.11247683032871858,
  "cv_f1_mean": 0.6105050505050504,
  "cv_f1_std": 0.06627904025653031,
  "cv_accuracy_mean": 0.876381467385965,
  "cv_accuracy_std": 0.015692996785896838,
  "cv_precision_mean": 0.5765993265993266,
  "cv_precision_std": 0.07054153301529732,
  "cv_recall_mean": 0.6571241258741259,
  "cv_recall_std": 0.1132545763214481,
  "cv_specificity_mean": 0.9157949779896329,
  "cv_specificity_std": 0.014242449398547016,
  "cv_brier_score_mean": 0.0955167856349739,
  "cv_brier_score_std": 0.017576673618722165,
  "cv_log_loss_mean": 0.33956045882564273,
  "cv_log_loss_std": 0.07153314540117664,
  "oof_roc_auc": 0.8609992203742204,
  "oof_pr_auc": 0.5670208967736623,
  "oof_accuracy": 0.8735632183908046,
  "oof_f1": 0.5849056603773585,
  "samples_with_target": 696,
  "n_httr_features": 16821,
  "n_chemical_features": 163,
  "target_positives": 104,
  "target_negatives": 592,
  "target_balance_ratio": 0.17567567567567569,
  "unique_chemicals": 688,
  "ablation_mode": "single_cell_httr_structure",
  "cell_type_filter": "HepRG"
}