{
  "target_assay": "TOX21_AhR_LUC_Agonist",
  "n_folds": 3,
  "random_state": 21,
  "global_threshold": 0.15964597463607788,
  "cv_roc_auc_mean": 0.8865295070099428,
  "cv_roc_auc_std": 0.037824333915799445,
  "cv_pr_auc_mean": 0.5194466778736103,
  "cv_pr_auc_std": 0.10603268078026312,
  "cv_average_precision_mean": 0.5284509274575996,
  "cv_average_precision_std": 0.10452905247217624,
  "cv_f1_mean": 0.5745299145299144,
  "cv_f1_std": 0.09335634167420628,
  "cv_accuracy_mean": 0.9599942605750852,
  "cv_accuracy_std": 0.015457176561384732,
  "cv_precision_mean": 0.6323529411764706,
  "cv_precision_std": 0.1256471139017284,
  "cv_recall_mean": 0.5740864527629234,
  "cv_recall_std": 0.19153849661170658,
  "cv_specificity_mean": 0.9788745264836844,
  "cv_specificity_std": 0.018592271918769897,
  "cv_brier_score_mean": 0.033979095411586654,
  "cv_brier_score_std": 0.010668833980030542,
  "cv_log_loss_mean": 0.16490397346041477,
  "cv_log_loss_std": 0.047037579580579185,
  "oof_roc_auc": 0.890909090909091,
  "oof_pr_auc": 0.48214995151372797,
  "oof_accuracy": 0.9565595134665508,
  "oof_f1": 0.5454545454545454,
  "samples_with_target": 1151,
  "n_httr_features": 16821,
  "n_chemical_features": 163,
  "target_positives": 55,
  "target_negatives": 1096,
  "target_balance_ratio": 0.05018248175182482,
  "unique_chemicals": 1130,
  "ablation_mode": "single_cell_httr_structure",
  "cell_type_filter": "MCF7"
}