{
  "target_assay": "TOX21_AR_LUC_MDAKB2_Antagonist_10nM_R1881",
  "n_folds": 3,
  "random_state": 21,
  "global_threshold": 0.33000728487968445,
  "cv_roc_auc_mean": 0.8945928011778181,
  "cv_roc_auc_std": 0.01470807736468698,
  "cv_pr_auc_mean": 0.6093884607013945,
  "cv_pr_auc_std": 0.07326627602411545,
  "cv_average_precision_mean": 0.6145291898865022,
  "cv_average_precision_std": 0.07047185305365117,
  "cv_f1_mean": 0.6307052441229657,
  "cv_f1_std": 0.04664583669412612,
  "cv_accuracy_mean": 0.9413001054487844,
  "cv_accuracy_std": 0.008896819169448206,
  "cv_precision_mean": 0.6788600288600288,
  "cv_precision_std": 0.10282645931674589,
  "cv_recall_mean": 0.5954184704184704,
  "cv_recall_std": 0.041783629244235385,
  "cv_specificity_mean": 0.9731240467412526,
  "cv_specificity_std": 0.012482648319020368,
  "cv_brier_score_mean": 0.05137462164066937,
  "cv_brier_score_std": 0.0027510640910035225,
  "cv_log_loss_mean": 0.2294037166545041,
  "cv_log_loss_std": 0.018653701376705384,
  "oof_roc_auc": 0.8941606261344061,
  "oof_pr_auc": 0.606112354097962,
  "oof_accuracy": 0.9359573048699132,
  "oof_f1": 0.6065573770491803,
  "samples_with_target": 1499,
  "n_httr_features": 16821,
  "n_chemical_features": 163,
  "target_positives": 126,
  "target_negatives": 1373,
  "target_balance_ratio": 0.09176984705025491,
  "unique_chemicals": 740,
  "ablation_mode": "double_cell_httr_structure",
  "cell_type_filter": null,
  "cell_type_filter_1": "U2OS",
  "cell_type_filter_2": "HepRG"
}