{
  "target_assay": "TOX21_TR_LUC_GH3_Antagonist",
  "n_folds": 3,
  "random_state": 21,
  "global_threshold": 0.05649324506521225,
  "cv_roc_auc_mean": 0.7527977343462634,
  "cv_roc_auc_std": 0.028900149719357244,
  "cv_pr_auc_mean": 0.31917114982456385,
  "cv_pr_auc_std": 0.02389531640346239,
  "cv_average_precision_mean": 0.33736805193292674,
  "cv_average_precision_std": 0.02468839804867291,
  "cv_f1_mean": 0.4391583750978802,
  "cv_f1_std": 0.05108139876849767,
  "cv_accuracy_mean": 0.7524882483807884,
  "cv_accuracy_std": 0.06637837199622061,
  "cv_precision_mean": 0.3529427620104646,
  "cv_precision_std": 0.05653483218755053,
  "cv_recall_mean": 0.6187596031146644,
  "cv_recall_std": 0.1598335712449439,
  "cv_specificity_mean": 0.7754138136603149,
  "cv_specificity_std": 0.101900766083238,
  "cv_brier_score_mean": 0.15171624052075092,
  "cv_brier_score_std": 0.006013900511353025,
  "cv_log_loss_mean": 0.5720661885976617,
  "cv_log_loss_std": 0.10902340880308836,
  "oof_roc_auc": 0.743609375,
  "oof_pr_auc": 0.3157490883872893,
  "oof_accuracy": 0.6916002452483139,
  "oof_f1": 0.4238258877434135,
  "samples_with_target": 1631,
  "n_httr_features": 0,
  "n_chemical_features": 163,
  "target_positives": 256,
  "target_negatives": 1375,
  "target_balance_ratio": 0.18618181818181817,
  "unique_chemicals": 790,
  "ablation_mode": "structure_only",
  "cell_type_filter": null
}