{
  "target_assay": "TOX21_ARE_BLA_Agonist_ratio",
  "n_folds": 3,
  "random_state": 21,
  "global_threshold": 0.40286290645599365,
  "cv_roc_auc_mean": 0.9178652132361919,
  "cv_roc_auc_std": 0.006644912566429015,
  "cv_pr_auc_mean": 0.7204629622869324,
  "cv_pr_auc_std": 0.06787512115298036,
  "cv_average_precision_mean": 0.7241175818716138,
  "cv_average_precision_std": 0.06570428422707396,
  "cv_f1_mean": 0.7125392673779771,
  "cv_f1_std": 0.02381277984938808,
  "cv_accuracy_mean": 0.9170751140503602,
  "cv_accuracy_std": 0.01407962558557768,
  "cv_precision_mean": 0.7063139268913728,
  "cv_precision_std": 0.01687868008151145,
  "cv_recall_mean": 0.7201713608604502,
  "cv_recall_std": 0.04698722520381202,
  "cv_specificity_mean": 0.9488004161850471,
  "cv_specificity_std": 0.01627614435814296,
  "cv_brier_score_mean": 0.07364559352512634,
  "cv_brier_score_std": 0.006692578616984841,
  "cv_log_loss_mean": 0.257605939276081,
  "cv_log_loss_std": 0.031774857736069806,
  "oof_roc_auc": 0.9115343915343915,
  "oof_pr_auc": 0.7161283600287468,
  "oof_accuracy": 0.9031914893617021,
  "oof_f1": 0.6872852233676976,
  "samples_with_target": 940,
  "n_httr_features": 16821,
  "n_chemical_features": 163,
  "target_positives": 135,
  "target_negatives": 805,
  "target_balance_ratio": 0.16770186335403728,
  "unique_chemicals": 920,
  "ablation_mode": "single_cell_httr_structure",
  "cell_type_filter": "MCF7"
}