{
  "target_assay": "TOX21_p450_CYP2C9_Antagonist",
  "n_folds": 3,
  "random_state": 21,
  "global_threshold": 0.264126181602478,
  "cv_roc_auc_mean": 0.8749878687295913,
  "cv_roc_auc_std": 0.009886158417612513,
  "cv_pr_auc_mean": 0.8869212865358129,
  "cv_pr_auc_std": 0.026873744432719917,
  "cv_average_precision_mean": 0.8873932826144699,
  "cv_average_precision_std": 0.026630721678170106,
  "cv_f1_mean": 0.8118136090944033,
  "cv_f1_std": 0.009523004575811888,
  "cv_accuracy_mean": 0.8049932208144374,
  "cv_accuracy_std": 0.02494469105340112,
  "cv_precision_mean": 0.8037464362081255,
  "cv_precision_std": 0.10486383549962643,
  "cv_recall_mean": 0.8367263417973357,
  "cv_recall_std": 0.09460973690972888,
  "cv_specificity_mean": 0.7782571641632045,
  "cv_specificity_std": 0.14284180000063804,
  "cv_brier_score_mean": 0.15719630861392872,
  "cv_brier_score_std": 0.018492225509097893,
  "cv_log_loss_mean": 0.5676705079050824,
  "cv_log_loss_std": 0.11294138297592038,
  "oof_roc_auc": 0.8695417004722378,
  "oof_pr_auc": 0.8758727650594553,
  "oof_accuracy": 0.790193842645382,
  "oof_f1": 0.7982456140350878,
  "samples_with_target": 877,
  "n_httr_features": 16821,
  "n_chemical_features": 163,
  "target_positives": 441,
  "target_negatives": 436,
  "target_balance_ratio": 0.9886621315192744,
  "unique_chemicals": 865,
  "ablation_mode": "single_cell_httr_structure",
  "cell_type_filter": "U2OS"
}