{
  "target_assay": "TOX21_PPARg_BLA_Antagonist_ratio",
  "n_folds": 3,
  "random_state": 21,
  "global_threshold": 0.2474137246608734,
  "cv_roc_auc_mean": 0.8587880085377754,
  "cv_roc_auc_std": 0.02060826373430637,
  "cv_pr_auc_mean": 0.4065535507456412,
  "cv_pr_auc_std": 0.038506571951365205,
  "cv_average_precision_mean": 0.41127681611076516,
  "cv_average_precision_std": 0.03762214590591369,
  "cv_f1_mean": 0.46609574000878345,
  "cv_f1_std": 0.04808152933543241,
  "cv_accuracy_mean": 0.867901836032399,
  "cv_accuracy_std": 0.011603157164649968,
  "cv_precision_mean": 0.40553716453538047,
  "cv_precision_std": 0.020364340872788936,
  "cv_recall_mean": 0.5515411771778495,
  "cv_recall_std": 0.09631733024141215,
  "cv_specificity_mean": 0.904482396112711,
  "cv_specificity_std": 0.018605641687047786,
  "cv_brier_score_mean": 0.08848336905161475,
  "cv_brier_score_std": 0.0018861505069614618,
  "cv_log_loss_mean": 0.32844243181973737,
  "cv_log_loss_std": 0.08511869182657777,
  "oof_roc_auc": 0.8330594405594406,
  "oof_pr_auc": 0.3890208953110166,
  "oof_accuracy": 0.8666666666666667,
  "oof_f1": 0.46229508196721314,
  "samples_with_target": 2460,
  "n_httr_features": 16821,
  "n_chemical_features": 163,
  "target_positives": 260,
  "target_negatives": 2200,
  "target_balance_ratio": 0.11818181818181818,
  "unique_chemicals": 1181
}