{
  "target_assay": "TOX21_ERa_LUC_VM7_Antagonist_0_1nM_E2",
  "n_folds": 3,
  "random_state": 21,
  "global_threshold": 0.38526472449302673,
  "cv_roc_auc_mean": 0.9137604518552945,
  "cv_roc_auc_std": 0.021851521709311764,
  "cv_pr_auc_mean": 0.7103105030380664,
  "cv_pr_auc_std": 0.06952252617213305,
  "cv_average_precision_mean": 0.7166662896911017,
  "cv_average_precision_std": 0.06503321984611588,
  "cv_f1_mean": 0.6857619345424224,
  "cv_f1_std": 0.020659239381636,
  "cv_accuracy_mean": 0.9361111111111112,
  "cv_accuracy_std": 0.01196311575633777,
  "cv_precision_mean": 0.7336309523809524,
  "cv_precision_std": 0.13454718244066316,
  "cv_recall_mean": 0.6653667105841019,
  "cv_recall_std": 0.09365356227991374,
  "cv_specificity_mean": 0.9678564846146415,
  "cv_specificity_std": 0.020642679035224265,
  "cv_brier_score_mean": 0.0525936623760449,
  "cv_brier_score_std": 0.003092070715633424,
  "cv_log_loss_mean": 0.20651927903376957,
  "cv_log_loss_std": 0.011770017447675758,
  "oof_roc_auc": 0.914552064211928,
  "oof_pr_auc": 0.7106661234014736,
  "oof_accuracy": 0.9322033898305084,
  "oof_f1": 0.6666666666666666,
  "samples_with_target": 767,
  "n_httr_features": 16821,
  "n_chemical_features": 163,
  "target_positives": 81,
  "target_negatives": 686,
  "target_balance_ratio": 0.11807580174927114,
  "unique_chemicals": 759,
  "ablation_mode": "single_cell_httr_structure",
  "cell_type_filter": "HepRG"
}