{
  "target_assay": "TOX21_MMP_ratio",
  "n_folds": 3,
  "random_state": 21,
  "global_threshold": 0.2947714924812317,
  "cv_roc_auc_mean": 0.880626632404622,
  "cv_roc_auc_std": 0.012101515963146873,
  "cv_pr_auc_mean": 0.6801307761404214,
  "cv_pr_auc_std": 0.01420942959276194,
  "cv_average_precision_mean": 0.6823186086116434,
  "cv_average_precision_std": 0.014001314393372136,
  "cv_f1_mean": 0.6450374433354725,
  "cv_f1_std": 0.022405599946575313,
  "cv_accuracy_mean": 0.8894459764933301,
  "cv_accuracy_std": 0.0020061917471090552,
  "cv_precision_mean": 0.6621317763543261,
  "cv_precision_std": 0.029353022908409597,
  "cv_recall_mean": 0.6298764228648644,
  "cv_recall_std": 0.03552504503371848,
  "cv_specificity_mean": 0.9388000851634598,
  "cv_specificity_std": 0.006926647371313566,
  "cv_brier_score_mean": 0.09331923970669687,
  "cv_brier_score_std": 0.006711202436250805,
  "cv_log_loss_mean": 0.384100074731772,
  "cv_log_loss_std": 0.058699477607181534,
  "oof_roc_auc": 0.876178459026212,
  "oof_pr_auc": 0.6668284057112731,
  "oof_accuracy": 0.8792731752386819,
  "oof_f1": 0.6350093109869647,
  "samples_with_target": 3247,
  "n_httr_features": 0,
  "n_chemical_features": 163,
  "target_positives": 519,
  "target_negatives": 2728,
  "target_balance_ratio": 0.19024926686217009,
  "unique_chemicals": 1569,
  "ablation_mode": "structure_only",
  "cell_type_filter": null
}