{
  "target_assay": "TOX21_ERR_LUC_Antagonist",
  "n_folds": 3,
  "random_state": 21,
  "global_threshold": 0.4179171323776245,
  "cv_roc_auc_mean": 0.8740252906135259,
  "cv_roc_auc_std": 0.018003165540183528,
  "cv_pr_auc_mean": 0.7430691927529477,
  "cv_pr_auc_std": 0.011228687972473419,
  "cv_average_precision_mean": 0.7453629140255896,
  "cv_average_precision_std": 0.010779086483988133,
  "cv_f1_mean": 0.6853640216749826,
  "cv_f1_std": 0.022633245094967093,
  "cv_accuracy_mean": 0.872542440570108,
  "cv_accuracy_std": 0.029480829905276285,
  "cv_precision_mean": 0.7513946489929634,
  "cv_precision_std": 0.12199255579156713,
  "cv_recall_mean": 0.6453846153846153,
  "cv_recall_std": 0.08196189040822534,
  "cv_specificity_mean": 0.933296742768328,
  "cv_specificity_std": 0.05118484610692219,
  "cv_brier_score_mean": 0.10590722026691457,
  "cv_brier_score_std": 0.014537767787132354,
  "cv_log_loss_mean": 0.39995951472787955,
  "cv_log_loss_std": 0.051945183942467485,
  "oof_roc_auc": 0.868234793917567,
  "oof_pr_auc": 0.7346512724883645,
  "oof_accuracy": 0.8581765557163531,
  "oof_f1": 0.6643835616438356,
  "samples_with_target": 691,
  "n_httr_features": 16821,
  "n_chemical_features": 163,
  "target_positives": 147,
  "target_negatives": 544,
  "target_balance_ratio": 0.2702205882352941,
  "unique_chemicals": 683,
  "ablation_mode": "single_cell_httr_structure",
  "cell_type_filter": "HepRG"
}