{
  "target_assay": "TOX21_SHH_3T3_GLI3_LUC_Antagonist",
  "n_folds": 3,
  "random_state": 21,
  "global_threshold": 0.3995734453201294,
  "cv_roc_auc_mean": 0.8274064924873551,
  "cv_roc_auc_std": 0.02862300230322532,
  "cv_pr_auc_mean": 0.6437862288867241,
  "cv_pr_auc_std": 0.03247681967034539,
  "cv_average_precision_mean": 0.6451648934254539,
  "cv_average_precision_std": 0.031973507768885454,
  "cv_f1_mean": 0.6078224072360011,
  "cv_f1_std": 0.02015754312613621,
  "cv_accuracy_mean": 0.8328397465705649,
  "cv_accuracy_std": 0.026759906974007708,
  "cv_precision_mean": 0.5996887409361501,
  "cv_precision_std": 0.07834956523854751,
  "cv_recall_mean": 0.6239153926733558,
  "cv_recall_std": 0.040590190980689375,
  "cv_specificity_mean": 0.8879954518889214,
  "cv_specificity_std": 0.04008909039758986,
  "cv_brier_score_mean": 0.1245034662527152,
  "cv_brier_score_std": 0.007949317389004442,
  "cv_log_loss_mean": 0.4089772579005897,
  "cv_log_loss_std": 0.017105929118538706,
  "oof_roc_auc": 0.8273148667339538,
  "oof_pr_auc": 0.620349586193543,
  "oof_accuracy": 0.8207414359455655,
  "oof_f1": 0.5953389830508474,
  "samples_with_target": 2131,
  "n_httr_features": 16821,
  "n_chemical_features": 0,
  "target_positives": 444,
  "target_negatives": 1687,
  "target_balance_ratio": 0.26318909306461175,
  "unique_chemicals": 1039,
  "ablation_mode": "httr_only",
  "cell_type_filter": null
}