{
  "target_assay": "TOX21_p450_CYP2D6_Antagonist",
  "n_folds": 3,
  "random_state": 21,
  "global_threshold": 0.30370092391967773,
  "cv_roc_auc_mean": 0.828334703663486,
  "cv_roc_auc_std": 0.02535148558803007,
  "cv_pr_auc_mean": 0.7704854684054095,
  "cv_pr_auc_std": 0.018094008790375798,
  "cv_average_precision_mean": 0.7711154539116687,
  "cv_average_precision_std": 0.018082925578935552,
  "cv_f1_mean": 0.7061575897212401,
  "cv_f1_std": 0.0024476757669078556,
  "cv_accuracy_mean": 0.7541157860077591,
  "cv_accuracy_std": 0.02558839469797238,
  "cv_precision_mean": 0.6338397675445121,
  "cv_precision_std": 0.024676953077571277,
  "cv_recall_mean": 0.7993849583885909,
  "cv_recall_std": 0.03950019384095683,
  "cv_specificity_mean": 0.7257568705082518,
  "cv_specificity_std": 0.06357911523742382,
  "cv_brier_score_mean": 0.15958960626139215,
  "cv_brier_score_std": 0.011929728319833226,
  "cv_log_loss_mean": 0.4998870634340145,
  "cv_log_loss_std": 0.04637320680018324,
  "oof_roc_auc": 0.823500042983448,
  "oof_pr_auc": 0.7664710438111976,
  "oof_accuracy": 0.7391786903440621,
  "oof_f1": 0.6959896507115135,
  "samples_with_target": 1802,
  "n_httr_features": 16821,
  "n_chemical_features": 163,
  "target_positives": 665,
  "target_negatives": 1137,
  "target_balance_ratio": 0.5848724714160071,
  "unique_chemicals": 1247,
  "ablation_mode": "double_cell_httr_structure",
  "cell_type_filter": null,
  "cell_type_filter_1": "MCF7",
  "cell_type_filter_2": "HepRG"
}