{
  "target_assay": "TOX21_AhR_LUC_Agonist",
  "n_folds": 3,
  "random_state": 21,
  "global_threshold": 0.5770950317382812,
  "cv_roc_auc_mean": 0.8565140909027181,
  "cv_roc_auc_std": 0.061457267812197174,
  "cv_pr_auc_mean": 0.46377030661225155,
  "cv_pr_auc_std": 0.010332565459619717,
  "cv_average_precision_mean": 0.47241726992894356,
  "cv_average_precision_std": 0.014546321888649277,
  "cv_f1_mean": 0.508678638434736,
  "cv_f1_std": 0.059824282446029615,
  "cv_accuracy_mean": 0.9587443243881216,
  "cv_accuracy_std": 0.020603457105354727,
  "cv_precision_mean": 0.6978260869565217,
  "cv_precision_std": 0.2617106007851555,
  "cv_recall_mean": 0.4296296296296296,
  "cv_recall_std": 0.10905505084692935,
  "cv_specificity_mean": 0.9852702977614459,
  "cv_specificity_std": 0.01281382771745289,
  "cv_brier_score_mean": 0.03828008625374982,
  "cv_brier_score_std": 0.016340113845722645,
  "cv_log_loss_mean": 0.18075205843440614,
  "cv_log_loss_std": 0.06788230656841931,
  "oof_roc_auc": 0.8580773137852455,
  "oof_pr_auc": 0.4340679985886755,
  "oof_accuracy": 0.9590540063536886,
  "oof_f1": 0.48672566371681414,
  "samples_with_target": 2833,
  "n_httr_features": 0,
  "n_chemical_features": 163,
  "target_positives": 135,
  "target_negatives": 2698,
  "target_balance_ratio": 0.050037064492216454,
  "unique_chemicals": 1375,
  "ablation_mode": "structure_only",
  "cell_type_filter": null
}