{
  "target_assay": "TOX21_ERa_LUC_VM7_Antagonist_0_5nM_E2",
  "n_folds": 3,
  "random_state": 21,
  "global_threshold": 0.6635391712188721,
  "cv_roc_auc_mean": 0.907949755157993,
  "cv_roc_auc_std": 0.005155415191413263,
  "cv_pr_auc_mean": 0.4542917802191364,
  "cv_pr_auc_std": 0.049257529621498715,
  "cv_average_precision_mean": 0.47835661215355024,
  "cv_average_precision_std": 0.046562316356604336,
  "cv_f1_mean": 0.6006242742545463,
  "cv_f1_std": 0.055925431934121625,
  "cv_accuracy_mean": 0.9247365513105453,
  "cv_accuracy_std": 0.016542982819059034,
  "cv_precision_mean": 0.563973063973064,
  "cv_precision_std": 0.06857041028422996,
  "cv_recall_mean": 0.6585303839308416,
  "cv_recall_std": 0.12834002790213972,
  "cv_specificity_mean": 0.9489999089999089,
  "cv_specificity_std": 0.026054034655645236,
  "cv_brier_score_mean": 0.06912833047666263,
  "cv_brier_score_std": 0.004349142744690663,
  "cv_log_loss_mean": 0.25173565897917943,
  "cv_log_loss_std": 0.043289078996278776,
  "oof_roc_auc": 0.8924585326384427,
  "oof_pr_auc": 0.4332364637722656,
  "oof_accuracy": 0.9232876712328767,
  "oof_f1": 0.5692307692307692,
  "samples_with_target": 730,
  "n_httr_features": 16821,
  "n_chemical_features": 163,
  "target_positives": 63,
  "target_negatives": 667,
  "target_balance_ratio": 0.0944527736131934,
  "unique_chemicals": 718,
  "ablation_mode": "single_cell_httr_structure",
  "cell_type_filter": "U2OS"
}