{
  "target_assay": "TOX21_PGC_ERR_LUC_Antagonist",
  "n_folds": 3,
  "random_state": 21,
  "global_threshold": 0.44815537333488464,
  "cv_roc_auc_mean": 0.8660794956690118,
  "cv_roc_auc_std": 0.02188541073117335,
  "cv_pr_auc_mean": 0.6297863000795579,
  "cv_pr_auc_std": 0.02569107945531466,
  "cv_average_precision_mean": 0.6319767411983831,
  "cv_average_precision_std": 0.025032909505866632,
  "cv_f1_mean": 0.6098892313679349,
  "cv_f1_std": 0.02772224461542914,
  "cv_accuracy_mean": 0.8856004200370702,
  "cv_accuracy_std": 0.021940981393812353,
  "cv_precision_mean": 0.5873113303473555,
  "cv_precision_std": 0.06329249573721028,
  "cv_recall_mean": 0.6413097430883993,
  "cv_recall_std": 0.06058251918947967,
  "cv_specificity_mean": 0.926092801206306,
  "cv_specificity_std": 0.021422331415175154,
  "cv_brier_score_mean": 0.08433815810049715,
  "cv_brier_score_std": 0.018440159662293572,
  "cv_log_loss_mean": 0.36278233810126514,
  "cv_log_loss_std": 0.09157678390505368,
  "oof_roc_auc": 0.8598965549090237,
  "oof_pr_auc": 0.6204381797978873,
  "oof_accuracy": 0.8990983254615715,
  "oof_f1": 0.5982905982905983,
  "samples_with_target": 2329,
  "n_httr_features": 16821,
  "n_chemical_features": 163,
  "target_positives": 324,
  "target_negatives": 2005,
  "target_balance_ratio": 0.16159600997506235,
  "unique_chemicals": 1137
}