{
  "target_assay": "TOX21_TSHR_HTRF_Agonist_ratio",
  "n_folds": 3,
  "random_state": 21,
  "global_threshold": 0.03971865028142929,
  "cv_roc_auc_mean": 0.7401890218122457,
  "cv_roc_auc_std": 0.08992495038617772,
  "cv_pr_auc_mean": 0.27867553713123244,
  "cv_pr_auc_std": 0.1825067939260065,
  "cv_average_precision_mean": 0.2894346392077103,
  "cv_average_precision_std": 0.1813765620880949,
  "cv_f1_mean": 0.3410709312964952,
  "cv_f1_std": 0.15295504806070312,
  "cv_accuracy_mean": 0.8508999629667152,
  "cv_accuracy_std": 0.06446758310483547,
  "cv_precision_mean": 0.27615450871264824,
  "cv_precision_std": 0.1760969494965973,
  "cv_recall_mean": 0.5367335562987736,
  "cv_recall_std": 0.014209455616302947,
  "cv_specificity_mean": 0.8738779272705247,
  "cv_specificity_std": 0.07571662536317973,
  "cv_brier_score_mean": 0.06848070608849728,
  "cv_brier_score_std": 0.004849690473927343,
  "cv_log_loss_mean": 0.32491073440587215,
  "cv_log_loss_std": 0.018962572311521996,
  "oof_roc_auc": 0.7371526540790879,
  "oof_pr_auc": 0.2517835661509423,
  "oof_accuracy": 0.8391608391608392,
  "oof_f1": 0.31,
  "samples_with_target": 858,
  "n_httr_features": 16821,
  "n_chemical_features": 163,
  "target_positives": 56,
  "target_negatives": 802,
  "target_balance_ratio": 0.06982543640897755,
  "unique_chemicals": 847,
  "ablation_mode": "single_cell_httr_structure",
  "cell_type_filter": "HepRG"
}