{
  "target_assay": "TOX21_PXR_LUC_Agonist",
  "n_folds": 3,
  "random_state": 21,
  "global_threshold": 0.5812787413597107,
  "cv_roc_auc_mean": 0.9370939234453965,
  "cv_roc_auc_std": 0.022524376882748397,
  "cv_pr_auc_mean": 0.8869599142434635,
  "cv_pr_auc_std": 0.02914562466399506,
  "cv_average_precision_mean": 0.8878899922504235,
  "cv_average_precision_std": 0.02901191246074555,
  "cv_f1_mean": 0.8335968735397815,
  "cv_f1_std": 0.03781043996667777,
  "cv_accuracy_mean": 0.9042358827724594,
  "cv_accuracy_std": 0.01564582309196446,
  "cv_precision_mean": 0.8810956790123456,
  "cv_precision_std": 0.021862850993035355,
  "cv_recall_mean": 0.7916515700483092,
  "cv_recall_std": 0.053592278606490816,
  "cv_specificity_mean": 0.9532527629889035,
  "cv_specificity_std": 0.006396422272521342,
  "cv_brier_score_mean": 0.08421121613207638,
  "cv_brier_score_std": 0.015317119376334907,
  "cv_log_loss_mean": 0.3133144799035031,
  "cv_log_loss_std": 0.07043203339007993,
  "oof_roc_auc": 0.9344559177521317,
  "oof_pr_auc": 0.8823045624257032,
  "oof_accuracy": 0.9010819165378671,
  "oof_f1": 0.827027027027027,
  "samples_with_target": 647,
  "n_httr_features": 16821,
  "n_chemical_features": 163,
  "target_positives": 198,
  "target_negatives": 449,
  "target_balance_ratio": 0.44097995545657015,
  "unique_chemicals": 639,
  "ablation_mode": "single_cell_httr_structure",
  "cell_type_filter": "U2OS"
}