{
  "target_assay": "TOX21_PXR_LUC_Agonist",
  "n_folds": 3,
  "random_state": 21,
  "global_threshold": 0.3384353220462799,
  "cv_roc_auc_mean": 0.9531154297240527,
  "cv_roc_auc_std": 0.011397817434503497,
  "cv_pr_auc_mean": 0.9130406394032331,
  "cv_pr_auc_std": 0.024153671880070973,
  "cv_average_precision_mean": 0.9133809093079664,
  "cv_average_precision_std": 0.024041314705138296,
  "cv_f1_mean": 0.8550542809645103,
  "cv_f1_std": 0.022701026953478413,
  "cv_accuracy_mean": 0.9039236157095162,
  "cv_accuracy_std": 0.008677740712665975,
  "cv_precision_mean": 0.8427751931948689,
  "cv_precision_std": 0.04999487601124438,
  "cv_recall_mean": 0.8690433236252199,
  "cv_recall_std": 0.011936947859693507,
  "cv_specificity_mean": 0.9215939886671594,
  "cv_specificity_std": 0.020389213636034582,
  "cv_brier_score_mean": 0.07710404947510038,
  "cv_brier_score_std": 0.0061286656476198095,
  "cv_log_loss_mean": 0.26802442841645874,
  "cv_log_loss_std": 0.02923545885871848,
  "oof_roc_auc": 0.9531922389712357,
  "oof_pr_auc": 0.9119939034182574,
  "oof_accuracy": 0.8986928104575164,
  "oof_f1": 0.8499515972894482,
  "samples_with_target": 1530,
  "n_httr_features": 16821,
  "n_chemical_features": 163,
  "target_positives": 503,
  "target_negatives": 1027,
  "target_balance_ratio": 0.48977604673807207,
  "unique_chemicals": 1060,
  "ablation_mode": "double_cell_httr_structure",
  "cell_type_filter": null,
  "cell_type_filter_1": "MCF7",
  "cell_type_filter_2": "U2OS"
}