{
  "target_assay": "TOX21_PR_BLA_Antagonist_ratio",
  "n_folds": 3,
  "random_state": 21,
  "global_threshold": 0.29587629437446594,
  "cv_roc_auc_mean": 0.9121170204246521,
  "cv_roc_auc_std": 0.008863171082849996,
  "cv_pr_auc_mean": 0.8455580466697242,
  "cv_pr_auc_std": 0.03159521248410841,
  "cv_average_precision_mean": 0.8462736373735744,
  "cv_average_precision_std": 0.03136240783154822,
  "cv_f1_mean": 0.8006948567850293,
  "cv_f1_std": 0.019406980345941547,
  "cv_accuracy_mean": 0.8574390115840881,
  "cv_accuracy_std": 0.023694714965649077,
  "cv_precision_mean": 0.7614276796861067,
  "cv_precision_std": 0.06373079562527381,
  "cv_recall_mean": 0.8492545325460181,
  "cv_recall_std": 0.04010816237303178,
  "cv_specificity_mean": 0.8608570858866758,
  "cv_specificity_std": 0.05403320617857828,
  "cv_brier_score_mean": 0.10888631794222353,
  "cv_brier_score_std": 0.012729330532937287,
  "cv_log_loss_mean": 0.3772443928726341,
  "cv_log_loss_std": 0.045241130515150434,
  "oof_roc_auc": 0.9117186428850897,
  "oof_pr_auc": 0.842271559865201,
  "oof_accuracy": 0.8544366899302094,
  "oof_f1": 0.7946554149085795,
  "samples_with_target": 2006,
  "n_httr_features": 16821,
  "n_chemical_features": 0,
  "target_positives": 673,
  "target_negatives": 1333,
  "target_balance_ratio": 0.5048762190547637,
  "unique_chemicals": 979,
  "ablation_mode": "httr_only",
  "cell_type_filter": null
}