{
  "target_assay": "TOX21_AChE_Colorimetric_Antagonist",
  "n_folds": 3,
  "random_state": 21,
  "global_threshold": 0.3895626664161682,
  "cv_roc_auc_mean": 0.860565124457974,
  "cv_roc_auc_std": 0.03911314600379202,
  "cv_pr_auc_mean": 0.49931371077134523,
  "cv_pr_auc_std": 0.016112809593776967,
  "cv_average_precision_mean": 0.5057958467564656,
  "cv_average_precision_std": 0.017568260035795154,
  "cv_f1_mean": 0.5617722967686181,
  "cv_f1_std": 0.03526396263668804,
  "cv_accuracy_mean": 0.9616038526826133,
  "cv_accuracy_std": 0.006573405262265794,
  "cv_precision_mean": 0.5298299359805192,
  "cv_precision_std": 0.02278437296423145,
  "cv_recall_mean": 0.6009963768115942,
  "cv_recall_std": 0.07039477219528423,
  "cv_specificity_mean": 0.976728037137518,
  "cv_specificity_std": 0.0068588965319986,
  "cv_brier_score_mean": 0.0305682715520883,
  "cv_brier_score_std": 0.0064066465493782445,
  "cv_log_loss_mean": 0.14580415723118093,
  "cv_log_loss_std": 0.0017637967582912744,
  "oof_roc_auc": 0.858665575763774,
  "oof_pr_auc": 0.49332039199697375,
  "oof_accuracy": 0.9616113744075829,
  "oof_f1": 0.5524861878453039,
  "samples_with_target": 2110,
  "n_httr_features": 16821,
  "n_chemical_features": 163,
  "target_positives": 87,
  "target_negatives": 2023,
  "target_balance_ratio": 0.04300543746910529,
  "unique_chemicals": 1043,
  "ablation_mode": "double_cell_httr_structure",
  "cell_type_filter": null,
  "cell_type_filter_1": "U2OS",
  "cell_type_filter_2": "HepRG"
}