{
  "target_assay": "TOX21_p450_CYP1A2_Antagonist",
  "n_folds": 3,
  "random_state": 21,
  "global_threshold": 0.35759541392326355,
  "cv_roc_auc_mean": 0.8208984392203061,
  "cv_roc_auc_std": 0.032878455310449355,
  "cv_pr_auc_mean": 0.8781200749434951,
  "cv_pr_auc_std": 0.028022090325595786,
  "cv_average_precision_mean": 0.8784204048754815,
  "cv_average_precision_std": 0.027919411815726613,
  "cv_f1_mean": 0.8148290103450536,
  "cv_f1_std": 0.016817292539433988,
  "cv_accuracy_mean": 0.7544467631551782,
  "cv_accuracy_std": 0.03629701942656027,
  "cv_precision_mean": 0.7654998844207949,
  "cv_precision_std": 0.05369151114241371,
  "cv_recall_mean": 0.8747999731171564,
  "cv_recall_std": 0.03807310721340264,
  "cv_specificity_mean": 0.5616726722846711,
  "cv_specificity_std": 0.14739080985900443,
  "cv_brier_score_mean": 0.1808423368828109,
  "cv_brier_score_std": 0.010596422166970241,
  "cv_log_loss_mean": 0.5953852805653094,
  "cv_log_loss_std": 0.024423205952940206,
  "oof_roc_auc": 0.8152840455081618,
  "oof_pr_auc": 0.8729285540510456,
  "oof_accuracy": 0.7563025210084033,
  "oof_f1": 0.8102803738317756,
  "samples_with_target": 1666,
  "n_httr_features": 16821,
  "n_chemical_features": 163,
  "target_positives": 1025,
  "target_negatives": 641,
  "target_balance_ratio": 0.6253658536585366,
  "unique_chemicals": 1137,
  "ablation_mode": "double_cell_httr_structure",
  "cell_type_filter": null,
  "cell_type_filter_1": "MCF7",
  "cell_type_filter_2": "U2OS"
}