{
  "target_assay": "TOX21_AChE_Colorimetric_Antagonist",
  "n_folds": 3,
  "random_state": 21,
  "global_threshold": 0.17419150471687317,
  "cv_roc_auc_mean": 0.8721156601918517,
  "cv_roc_auc_std": 0.04591220097000056,
  "cv_pr_auc_mean": 0.4933020642838432,
  "cv_pr_auc_std": 0.05523842727941881,
  "cv_average_precision_mean": 0.49969426470316597,
  "cv_average_precision_std": 0.057578207745880544,
  "cv_f1_mean": 0.5505243100023133,
  "cv_f1_std": 0.06170231604900251,
  "cv_accuracy_mean": 0.9649966334652076,
  "cv_accuracy_std": 0.009811492024139052,
  "cv_precision_mean": 0.6527777777777778,
  "cv_precision_std": 0.1354860933139689,
  "cv_recall_mean": 0.519951416425535,
  "cv_recall_std": 0.1952969885490464,
  "cv_specificity_mean": 0.9837232269176855,
  "cv_specificity_std": 0.01588796813552906,
  "cv_brier_score_mean": 0.02857835957013122,
  "cv_brier_score_std": 0.0026914763385654703,
  "cv_log_loss_mean": 0.1409073569330874,
  "cv_log_loss_std": 0.025387881921294507,
  "oof_roc_auc": 0.8525549023481914,
  "oof_pr_auc": 0.4951622962329555,
  "oof_accuracy": 0.9630350194552529,
  "oof_f1": 0.5497630331753555,
  "samples_with_target": 2570,
  "n_httr_features": 16821,
  "n_chemical_features": 163,
  "target_positives": 109,
  "target_negatives": 2461,
  "target_balance_ratio": 0.04429093864282812,
  "unique_chemicals": 1782,
  "ablation_mode": "double_cell_httr_structure",
  "cell_type_filter": null,
  "cell_type_filter_1": "MCF7",
  "cell_type_filter_2": "HepRG"
}