{
  "target_assay": "TOX21_GR_BLA_Antagonist_ratio",
  "n_folds": 3,
  "random_state": 21,
  "global_threshold": 0.26520657539367676,
  "cv_roc_auc_mean": 0.9233202202608527,
  "cv_roc_auc_std": 0.019097317568962907,
  "cv_pr_auc_mean": 0.5957615816031432,
  "cv_pr_auc_std": 0.11652656747893567,
  "cv_average_precision_mean": 0.6002712012216974,
  "cv_average_precision_std": 0.11477394026953627,
  "cv_f1_mean": 0.5942744797880882,
  "cv_f1_std": 0.07378661683145774,
  "cv_accuracy_mean": 0.9230155599136983,
  "cv_accuracy_std": 0.0027823863466395534,
  "cv_precision_mean": 0.5309754730807362,
  "cv_precision_std": 0.0509942209699158,
  "cv_recall_mean": 0.6769897557131599,
  "cv_recall_std": 0.11404759419966831,
  "cv_specificity_mean": 0.9451601469761984,
  "cv_specificity_std": 0.005549218006606246,
  "cv_brier_score_mean": 0.054650115513249616,
  "cv_brier_score_std": 0.00677843553201094,
  "cv_log_loss_mean": 0.19833894973022778,
  "cv_log_loss_std": 0.03232967770081911,
  "oof_roc_auc": 0.9218823276710761,
  "oof_pr_auc": 0.5882587390830669,
  "oof_accuracy": 0.92457805907173,
  "oof_f1": 0.5925925925925926,
  "samples_with_target": 1896,
  "n_httr_features": 16821,
  "n_chemical_features": 163,
  "target_positives": 161,
  "target_negatives": 1735,
  "target_balance_ratio": 0.09279538904899136,
  "unique_chemicals": 1302,
  "ablation_mode": "double_cell_httr_structure",
  "cell_type_filter": null,
  "cell_type_filter_1": "MCF7",
  "cell_type_filter_2": "U2OS"
}