{
  "target_assay": "TOX21_AChE_Colorimetric_Antagonist",
  "n_folds": 3,
  "random_state": 21,
  "global_threshold": 0.09407967329025269,
  "cv_roc_auc_mean": 0.885005220174167,
  "cv_roc_auc_std": 0.03340323012535604,
  "cv_pr_auc_mean": 0.4533432401999753,
  "cv_pr_auc_std": 0.08914396567844364,
  "cv_average_precision_mean": 0.45850924023063433,
  "cv_average_precision_std": 0.08937727549871166,
  "cv_f1_mean": 0.492130857648099,
  "cv_f1_std": 0.07978810410611713,
  "cv_accuracy_mean": 0.9607817276678743,
  "cv_accuracy_std": 0.016802073889838065,
  "cv_precision_mean": 0.5942982456140351,
  "cv_precision_std": 0.13717977344766155,
  "cv_recall_mean": 0.4675728429736008,
  "cv_recall_std": 0.17151997384779777,
  "cv_specificity_mean": 0.9811277763968628,
  "cv_specificity_std": 0.0143214204419745,
  "cv_brier_score_mean": 0.03343520516870347,
  "cv_brier_score_std": 0.007455724553664593,
  "cv_log_loss_mean": 0.15155953612415393,
  "cv_log_loss_std": 0.022803922709985124,
  "oof_roc_auc": 0.8860632962862565,
  "oof_pr_auc": 0.4337837751082322,
  "oof_accuracy": 0.9486896551724138,
  "oof_f1": 0.45930232558139533,
  "samples_with_target": 3625,
  "n_httr_features": 16821,
  "n_chemical_features": 163,
  "target_positives": 153,
  "target_negatives": 3472,
  "target_balance_ratio": 0.04406682027649769,
  "unique_chemicals": 1782
}