{
  "target_assay": "TOX21_AR_LUC_MDAKB2_Antagonist_10nM_R1881",
  "n_folds": 3,
  "random_state": 21,
  "global_threshold": 0.179017573595047,
  "cv_roc_auc_mean": 0.9358701076900185,
  "cv_roc_auc_std": 0.03303675874083813,
  "cv_pr_auc_mean": 0.6234679047268218,
  "cv_pr_auc_std": 0.08556890859030673,
  "cv_average_precision_mean": 0.6322542032027494,
  "cv_average_precision_std": 0.08537911428871603,
  "cv_f1_mean": 0.6785225674466181,
  "cv_f1_std": 0.10457078278678371,
  "cv_accuracy_mean": 0.9326069117666842,
  "cv_accuracy_std": 0.01655266645950421,
  "cv_precision_mean": 0.6073935011356789,
  "cv_precision_std": 0.07100923671963416,
  "cv_recall_mean": 0.7745655080213903,
  "cv_recall_std": 0.16343232597429383,
  "cv_specificity_mean": 0.9487083807753126,
  "cv_specificity_std": 0.009480108856752692,
  "cv_brier_score_mean": 0.05727091675500714,
  "cv_brier_score_std": 0.015728025054256925,
  "cv_log_loss_mean": 0.24205360288898117,
  "cv_log_loss_std": 0.09765815239098592,
  "oof_roc_auc": 0.9341634373080915,
  "oof_pr_auc": 0.6076044200927896,
  "oof_accuracy": 0.9278252611585945,
  "oof_f1": 0.6752136752136753,
  "samples_with_target": 1053,
  "n_httr_features": 16821,
  "n_chemical_features": 163,
  "target_positives": 99,
  "target_negatives": 954,
  "target_balance_ratio": 0.10377358490566038,
  "unique_chemicals": 1026,
  "ablation_mode": "single_cell_httr_structure",
  "cell_type_filter": "MCF7"
}