{
  "target_assay": "TOX21_ERa_LUC_VM7_Antagonist_0_1nM_E2",
  "n_folds": 3,
  "random_state": 21,
  "global_threshold": 0.15262004733085632,
  "cv_roc_auc_mean": 0.9293069258895601,
  "cv_roc_auc_std": 0.02229402497866009,
  "cv_pr_auc_mean": 0.729051359489964,
  "cv_pr_auc_std": 0.05311930272328463,
  "cv_average_precision_mean": 0.7311907410159607,
  "cv_average_precision_std": 0.05273415622725908,
  "cv_f1_mean": 0.6844769140853302,
  "cv_f1_std": 0.03128720565480531,
  "cv_accuracy_mean": 0.9309303675810717,
  "cv_accuracy_std": 0.012343466977857119,
  "cv_precision_mean": 0.6693548387096774,
  "cv_precision_std": 0.0698407583697128,
  "cv_recall_mean": 0.7036528286528286,
  "cv_recall_std": 0.016213025452811114,
  "cv_specificity_mean": 0.9577314217858733,
  "cv_specificity_std": 0.013866369059035709,
  "cv_brier_score_mean": 0.05631675629953278,
  "cv_brier_score_std": 0.012093003989847442,
  "cv_log_loss_mean": 0.21643541315016188,
  "cv_log_loss_std": 0.06044121639667726,
  "oof_roc_auc": 0.920711406255624,
  "oof_pr_auc": 0.7129437654631902,
  "oof_accuracy": 0.9159061277705346,
  "oof_f1": 0.6649350649350649,
  "samples_with_target": 1534,
  "n_httr_features": 16821,
  "n_chemical_features": 163,
  "target_positives": 162,
  "target_negatives": 1372,
  "target_balance_ratio": 0.11807580174927114,
  "unique_chemicals": 760,
  "ablation_mode": "double_cell_httr_structure",
  "cell_type_filter": null,
  "cell_type_filter_1": "U2OS",
  "cell_type_filter_2": "HepRG"
}