{
  "target_assay": "TOX21_ERa_BLA_Antagonist_ratio",
  "n_folds": 3,
  "random_state": 21,
  "global_threshold": 0.3126353323459625,
  "cv_roc_auc_mean": 0.9122121876801765,
  "cv_roc_auc_std": 0.04147268394327805,
  "cv_pr_auc_mean": 0.6133127119251042,
  "cv_pr_auc_std": 0.1170726028090601,
  "cv_average_precision_mean": 0.6200430863659797,
  "cv_average_precision_std": 0.11387148643009523,
  "cv_f1_mean": 0.6504079891353437,
  "cv_f1_std": 0.08664661882768783,
  "cv_accuracy_mean": 0.894302056446238,
  "cv_accuracy_std": 0.05251599759592716,
  "cv_precision_mean": 0.5686643474594139,
  "cv_precision_std": 0.11002777338658751,
  "cv_recall_mean": 0.7685414575169749,
  "cv_recall_std": 0.05307118579422148,
  "cv_specificity_mean": 0.9121953387721887,
  "cv_specificity_std": 0.05181709847624853,
  "cv_brier_score_mean": 0.07404196126432734,
  "cv_brier_score_std": 0.025421926539474574,
  "cv_log_loss_mean": 0.29004288009204754,
  "cv_log_loss_std": 0.09278846451532803,
  "oof_roc_auc": 0.9093667387647201,
  "oof_pr_auc": 0.6060423924980551,
  "oof_accuracy": 0.9050031665611147,
  "oof_f1": 0.6113989637305699,
  "samples_with_target": 1579,
  "n_httr_features": 16821,
  "n_chemical_features": 163,
  "target_positives": 192,
  "target_negatives": 1387,
  "target_balance_ratio": 0.1384282624369142,
  "unique_chemicals": 1091,
  "ablation_mode": "double_cell_httr_structure",
  "cell_type_filter": null,
  "cell_type_filter_1": "MCF7",
  "cell_type_filter_2": "HepRG"
}