{
  "target_assay": "TOX21_AhR_LUC_Agonist",
  "n_folds": 3,
  "random_state": 21,
  "global_threshold": 0.8385584354400635,
  "cv_roc_auc_mean": 0.7428718953502708,
  "cv_roc_auc_std": 0.0891173402621676,
  "cv_pr_auc_mean": 0.25429670586797476,
  "cv_pr_auc_std": 0.043263221780204385,
  "cv_average_precision_mean": 0.26384887941093377,
  "cv_average_precision_std": 0.051706001418184405,
  "cv_f1_mean": 0.3286651411136537,
  "cv_f1_std": 0.11317609681724161,
  "cv_accuracy_mean": 0.9514188272286038,
  "cv_accuracy_std": 0.015107805591302198,
  "cv_precision_mean": 0.4993827160493827,
  "cv_precision_std": 0.09296837326246513,
  "cv_recall_mean": 0.26851851851851855,
  "cv_recall_std": 0.14723095711334044,
  "cv_specificity_mean": 0.9875092967784512,
  "cv_specificity_std": 0.004797572676578377,
  "cv_brier_score_mean": 0.08963983614609744,
  "cv_brier_score_std": 0.01553782479581743,
  "cv_log_loss_mean": 0.30473995107373403,
  "cv_log_loss_std": 0.03732091144624284,
  "oof_roc_auc": 0.693591961123466,
  "oof_pr_auc": 0.22633462553880757,
  "oof_accuracy": 0.9495234733498059,
  "oof_f1": 0.30917874396135264,
  "samples_with_target": 2833,
  "n_httr_features": 16821,
  "n_chemical_features": 0,
  "target_positives": 135,
  "target_negatives": 2698,
  "target_balance_ratio": 0.050037064492216454,
  "unique_chemicals": 1375,
  "ablation_mode": "httr_only",
  "cell_type_filter": null
}