{
  "target_assay": "TOX21_AR_LUC_MDAKB2_Antagonist_0_5nM_R1881",
  "n_folds": 3,
  "random_state": 21,
  "global_threshold": 0.3880861699581146,
  "cv_roc_auc_mean": 0.8875227900545242,
  "cv_roc_auc_std": 0.009539764617869977,
  "cv_pr_auc_mean": 0.7582690780281262,
  "cv_pr_auc_std": 0.04263040500210499,
  "cv_average_precision_mean": 0.7591267541713279,
  "cv_average_precision_std": 0.04249682863851852,
  "cv_f1_mean": 0.7216087953540123,
  "cv_f1_std": 0.03677194096034231,
  "cv_accuracy_mean": 0.8685803004059879,
  "cv_accuracy_std": 0.01589881094514389,
  "cv_precision_mean": 0.7167038763163402,
  "cv_precision_std": 0.07726314390466947,
  "cv_recall_mean": 0.7343336753706575,
  "cv_recall_std": 0.06749678201873233,
  "cv_specificity_mean": 0.9081257173258467,
  "cv_specificity_std": 0.03605967143911243,
  "cv_brier_score_mean": 0.10211419376315516,
  "cv_brier_score_std": 0.0026020663978420537,
  "cv_log_loss_mean": 0.34201431702874957,
  "cv_log_loss_std": 0.004777723766635147,
  "oof_roc_auc": 0.8875552590744491,
  "oof_pr_auc": 0.7594220983587235,
  "oof_accuracy": 0.858877086494689,
  "oof_f1": 0.7107309486780715,
  "samples_with_target": 2636,
  "n_httr_features": 16821,
  "n_chemical_features": 0,
  "target_positives": 617,
  "target_negatives": 2019,
  "target_balance_ratio": 0.3055968301139178,
  "unique_chemicals": 1269,
  "ablation_mode": "httr_only",
  "cell_type_filter": null
}