{
  "target_assay": "TOX21_DT40_657_LUC",
  "n_folds": 3,
  "random_state": 21,
  "global_threshold": 0.42960456013679504,
  "cv_roc_auc_mean": 0.8257694415064476,
  "cv_roc_auc_std": 0.015849910418961256,
  "cv_pr_auc_mean": 0.7905492690436327,
  "cv_pr_auc_std": 0.03473205092338861,
  "cv_average_precision_mean": 0.7915000357668674,
  "cv_average_precision_std": 0.034498615501191064,
  "cv_f1_mean": 0.7092980929160563,
  "cv_f1_std": 0.023925499877043656,
  "cv_accuracy_mean": 0.7862775564076218,
  "cv_accuracy_std": 0.025461375764335922,
  "cv_precision_mean": 0.7365792362736929,
  "cv_precision_std": 0.09875617825401836,
  "cv_recall_mean": 0.6955173865454238,
  "cv_recall_std": 0.06834502003184084,
  "cv_specificity_mean": 0.8419254965307598,
  "cv_specificity_std": 0.07908417980835389,
  "cv_brier_score_mean": 0.16218289920072734,
  "cv_brier_score_std": 0.018563663475261418,
  "cv_log_loss_mean": 0.5407559139488621,
  "cv_log_loss_std": 0.12147590431436628,
  "oof_roc_auc": 0.817152334415237,
  "oof_pr_auc": 0.7629681479693085,
  "oof_accuracy": 0.7792207792207793,
  "oof_f1": 0.6998394863563403,
  "samples_with_target": 847,
  "n_httr_features": 16821,
  "n_chemical_features": 163,
  "target_positives": 318,
  "target_negatives": 529,
  "target_balance_ratio": 0.6011342155009451,
  "unique_chemicals": 833,
  "ablation_mode": "single_cell_httr_structure",
  "cell_type_filter": "HepRG"
}