{
  "target_assay": "TOX21_RORg_LUC_CHO_Antagonist",
  "n_folds": 3,
  "random_state": 21,
  "global_threshold": 0.30816784501075745,
  "cv_roc_auc_mean": 0.8378875445222844,
  "cv_roc_auc_std": 0.04021292976634771,
  "cv_pr_auc_mean": 0.5392559454527418,
  "cv_pr_auc_std": 0.13536766499019126,
  "cv_average_precision_mean": 0.5486604186746367,
  "cv_average_precision_std": 0.13057103436621675,
  "cv_f1_mean": 0.5678321678321678,
  "cv_f1_std": 0.09702347441923403,
  "cv_accuracy_mean": 0.9083333333333332,
  "cv_accuracy_std": 0.026020824993326672,
  "cv_precision_mean": 0.5865027045300879,
  "cv_precision_std": 0.17680216514521752,
  "cv_recall_mean": 0.580823259645139,
  "cv_recall_std": 0.08977618755017219,
  "cv_specificity_mean": 0.94600197114326,
  "cv_specificity_std": 0.0376355699978863,
  "cv_brier_score_mean": 0.07258282530920536,
  "cv_brier_score_std": 0.005722107528280787,
  "cv_log_loss_mean": 0.2938219787877471,
  "cv_log_loss_std": 0.0325327282625057,
  "oof_roc_auc": 0.8417777777777778,
  "oof_pr_auc": 0.5446701851997031,
  "oof_accuracy": 0.9041666666666667,
  "oof_f1": 0.543046357615894,
  "samples_with_target": 720,
  "n_httr_features": 16821,
  "n_chemical_features": 163,
  "target_positives": 75,
  "target_negatives": 645,
  "target_balance_ratio": 0.11627906976744186,
  "unique_chemicals": 711,
  "ablation_mode": "single_cell_httr_structure",
  "cell_type_filter": "HepRG"
}