{
  "target_assay": "TOX21_RAR_LUC_Antagonist",
  "n_folds": 3,
  "random_state": 21,
  "global_threshold": 0.3617085814476013,
  "cv_roc_auc_mean": 0.9207600545414477,
  "cv_roc_auc_std": 0.025310510936908878,
  "cv_pr_auc_mean": 0.6088233161977216,
  "cv_pr_auc_std": 0.03942366543695053,
  "cv_average_precision_mean": 0.6150794738454078,
  "cv_average_precision_std": 0.0365200014261293,
  "cv_f1_mean": 0.6513173675423191,
  "cv_f1_std": 0.03139246938106714,
  "cv_accuracy_mean": 0.9235508472825872,
  "cv_accuracy_std": 0.008968463150921093,
  "cv_precision_mean": 0.613582554517134,
  "cv_precision_std": 0.05295994135789531,
  "cv_recall_mean": 0.6987353206865402,
  "cv_recall_std": 0.056050464849645695,
  "cv_specificity_mean": 0.9489606210253984,
  "cv_specificity_std": 0.014535533978304366,
  "cv_brier_score_mean": 0.05934381573842549,
  "cv_brier_score_std": 0.0011904856523186134,
  "cv_log_loss_mean": 0.22418044326970232,
  "cv_log_loss_std": 0.029315947030348333,
  "oof_roc_auc": 0.9102564102564102,
  "oof_pr_auc": 0.6034948396210383,
  "oof_accuracy": 0.9243550502842152,
  "oof_f1": 0.6418219461697723,
  "samples_with_target": 2287,
  "n_httr_features": 16821,
  "n_chemical_features": 163,
  "target_positives": 234,
  "target_negatives": 2053,
  "target_balance_ratio": 0.11397954213346323,
  "unique_chemicals": 1093
}