{
  "target_assay": "TOX21_GR_BLA_Antagonist_ratio",
  "n_folds": 3,
  "random_state": 21,
  "global_threshold": 0.1391836553812027,
  "cv_roc_auc_mean": 0.8216824297845194,
  "cv_roc_auc_std": 0.03676347844663558,
  "cv_pr_auc_mean": 0.29255145103603497,
  "cv_pr_auc_std": 0.15387204993920275,
  "cv_average_precision_mean": 0.31137566541832856,
  "cv_average_precision_std": 0.14506730483791427,
  "cv_f1_mean": 0.4118908382066277,
  "cv_f1_std": 0.07070060155424747,
  "cv_accuracy_mean": 0.8997814478249188,
  "cv_accuracy_std": 0.014896762597903108,
  "cv_precision_mean": 0.3825031928480205,
  "cv_precision_std": 0.10359598744294828,
  "cv_recall_mean": 0.46296296296296297,
  "cv_recall_std": 0.06415002990995841,
  "cv_specificity_mean": 0.9362583461050275,
  "cv_specificity_std": 0.01957529834099155,
  "cv_brier_score_mean": 0.07488808500607008,
  "cv_brier_score_std": 0.009641774562513314,
  "cv_log_loss_mean": 0.3075998126750828,
  "cv_log_loss_std": 0.05806295097803852,
  "oof_roc_auc": 0.8062762973352033,
  "oof_pr_auc": 0.25253165034639224,
  "oof_accuracy": 0.8922305764411027,
  "oof_f1": 0.37681159420289856,
  "samples_with_target": 798,
  "n_httr_features": 16821,
  "n_chemical_features": 163,
  "target_positives": 62,
  "target_negatives": 736,
  "target_balance_ratio": 0.08423913043478261,
  "unique_chemicals": 788,
  "ablation_mode": "single_cell_httr_structure",
  "cell_type_filter": "HepRG"
}