{
  "target_assay": "TOX21_AhR_LUC_Agonist",
  "n_folds": 3,
  "random_state": 21,
  "global_threshold": 0.2723827064037323,
  "cv_roc_auc_mean": 0.906019857463427,
  "cv_roc_auc_std": 0.029433253242734915,
  "cv_pr_auc_mean": 0.47175110717606783,
  "cv_pr_auc_std": 0.14059700987952892,
  "cv_average_precision_mean": 0.47997842703093935,
  "cv_average_precision_std": 0.13641461507797997,
  "cv_f1_mean": 0.5079365079365079,
  "cv_f1_std": 0.11446194525282505,
  "cv_accuracy_mean": 0.9598509383050277,
  "cv_accuracy_std": 0.002885840870173338,
  "cv_precision_mean": 0.5928571428571429,
  "cv_precision_std": 0.07607878718414506,
  "cv_recall_mean": 0.45143498476831806,
  "cv_recall_std": 0.13506631684937212,
  "cv_specificity_mean": 0.9847108984327284,
  "cv_specificity_std": 0.004809168966422734,
  "cv_brier_score_mean": 0.0376017042390139,
  "cv_brier_score_std": 0.001348600621405976,
  "cv_log_loss_mean": 0.1664149950491052,
  "cv_log_loss_std": 0.013169826723135089,
  "oof_roc_auc": 0.9015398274283495,
  "oof_pr_auc": 0.47646081494630055,
  "oof_accuracy": 0.9497991967871486,
  "oof_f1": 0.4897959183673469,
  "samples_with_target": 1992,
  "n_httr_features": 16821,
  "n_chemical_features": 163,
  "target_positives": 95,
  "target_negatives": 1897,
  "target_balance_ratio": 0.05007907221929362,
  "unique_chemicals": 1375,
  "ablation_mode": "double_cell_httr_structure",
  "cell_type_filter": null,
  "cell_type_filter_1": "MCF7",
  "cell_type_filter_2": "HepRG"
}