{
  "target_assay": "TOX21_TSHR_HTRF_Agonist_ratio",
  "n_folds": 3,
  "random_state": 21,
  "global_threshold": 0.13774996995925903,
  "cv_roc_auc_mean": 0.8265105428833225,
  "cv_roc_auc_std": 0.0208288328041478,
  "cv_pr_auc_mean": 0.4200603266105853,
  "cv_pr_auc_std": 0.0192264914223282,
  "cv_average_precision_mean": 0.4251129106526567,
  "cv_average_precision_std": 0.01679964676002474,
  "cv_f1_mean": 0.42883426903337146,
  "cv_f1_std": 0.02131448026865631,
  "cv_accuracy_mean": 0.8959752107803682,
  "cv_accuracy_std": 0.014624351853028641,
  "cv_precision_mean": 0.35135882266426727,
  "cv_precision_std": 0.019202760020518867,
  "cv_recall_mean": 0.5603801169590644,
  "cv_recall_std": 0.09113559471799393,
  "cv_specificity_mean": 0.9219568504423621,
  "cv_specificity_std": 0.015770335115638804,
  "cv_brier_score_mean": 0.05673661432768035,
  "cv_brier_score_std": 0.008005112472689674,
  "cv_log_loss_mean": 0.2403908329800264,
  "cv_log_loss_std": 0.04529664710674737,
  "oof_roc_auc": 0.8215634591081422,
  "oof_pr_auc": 0.41984432686852696,
  "oof_accuracy": 0.9021897810218978,
  "oof_f1": 0.4207492795389049,
  "samples_with_target": 2055,
  "n_httr_features": 16821,
  "n_chemical_features": 163,
  "target_positives": 145,
  "target_negatives": 1910,
  "target_balance_ratio": 0.07591623036649214,
  "unique_chemicals": 1419,
  "ablation_mode": "double_cell_httr_structure",
  "cell_type_filter": null,
  "cell_type_filter_1": "MCF7",
  "cell_type_filter_2": "HepRG"
}