{
  "target_assay": "TOX21_ARE_BLA_Agonist_ratio",
  "n_folds": 3,
  "random_state": 21,
  "global_threshold": 0.267418771982193,
  "cv_roc_auc_mean": 0.9036747227212166,
  "cv_roc_auc_std": 0.017510270312089477,
  "cv_pr_auc_mean": 0.6824541284421914,
  "cv_pr_auc_std": 0.04454663571814532,
  "cv_average_precision_mean": 0.6840963189345534,
  "cv_average_precision_std": 0.044133585889327184,
  "cv_f1_mean": 0.6438038925843804,
  "cv_f1_std": 0.034419239923361405,
  "cv_accuracy_mean": 0.9052386016481965,
  "cv_accuracy_std": 0.02217804390463791,
  "cv_precision_mean": 0.6285178236397749,
  "cv_precision_std": 0.028561608532154482,
  "cv_recall_mean": 0.6698202960425949,
  "cv_recall_std": 0.1117541061999277,
  "cv_specificity_mean": 0.9369197917395358,
  "cv_specificity_std": 0.035784976851815774,
  "cv_brier_score_mean": 0.07176910827977447,
  "cv_brier_score_std": 0.009299383505696493,
  "cv_log_loss_mean": 0.25847749243660595,
  "cv_log_loss_std": 0.03672775841534843,
  "oof_roc_auc": 0.9020584902792556,
  "oof_pr_auc": 0.6823074204133526,
  "oof_accuracy": 0.8946672542970472,
  "oof_f1": 0.6248037676609105,
  "samples_with_target": 2269,
  "n_httr_features": 16821,
  "n_chemical_features": 163,
  "target_positives": 293,
  "target_negatives": 1976,
  "target_balance_ratio": 0.14827935222672065,
  "unique_chemicals": 1095
}