{
  "target_assay": "TOX21_DT40_LUC",
  "n_folds": 3,
  "random_state": 21,
  "global_threshold": 0.3768151104450226,
  "cv_roc_auc_mean": 0.8947698967986706,
  "cv_roc_auc_std": 0.009327338167319569,
  "cv_pr_auc_mean": 0.8798744581064385,
  "cv_pr_auc_std": 0.020402805530543706,
  "cv_average_precision_mean": 0.8801382691145528,
  "cv_average_precision_std": 0.020363653287727608,
  "cv_f1_mean": 0.8051234047274153,
  "cv_f1_std": 0.022120946865467978,
  "cv_accuracy_mean": 0.8364101451703488,
  "cv_accuracy_std": 0.01533362105447858,
  "cv_precision_mean": 0.8084347042982237,
  "cv_precision_std": 0.028286725445340766,
  "cv_recall_mean": 0.8024382889730445,
  "cv_recall_std": 0.03042058038810672,
  "cv_specificity_mean": 0.860135749646804,
  "cv_specificity_std": 0.030217056316900272,
  "cv_brier_score_mean": 0.13401282999369665,
  "cv_brier_score_std": 0.016908126084291437,
  "cv_log_loss_mean": 0.49462537514797217,
  "cv_log_loss_std": 0.09475753624838451,
  "oof_roc_auc": 0.8880908285691279,
  "oof_pr_auc": 0.8720644664866812,
  "oof_accuracy": 0.8316274309109519,
  "oof_f1": 0.799267846247712,
  "samples_with_target": 1954,
  "n_httr_features": 16821,
  "n_chemical_features": 163,
  "target_positives": 825,
  "target_negatives": 1129,
  "target_balance_ratio": 0.7307351638618246,
  "unique_chemicals": 1334,
  "ablation_mode": "double_cell_httr_structure",
  "cell_type_filter": null,
  "cell_type_filter_1": "MCF7",
  "cell_type_filter_2": "HepRG"
}