{
  "target_assay": "TOX21_AChE_Colorimetric_Antagonist",
  "n_folds": 3,
  "random_state": 21,
  "global_threshold": 0.1396750509738922,
  "cv_roc_auc_mean": 0.8601170052752081,
  "cv_roc_auc_std": 0.027489045558379117,
  "cv_pr_auc_mean": 0.3711709257033618,
  "cv_pr_auc_std": 0.07624423913374552,
  "cv_average_precision_mean": 0.39148043598680365,
  "cv_average_precision_std": 0.07739127538303865,
  "cv_f1_mean": 0.498410116734866,
  "cv_f1_std": 0.0991018972920766,
  "cv_accuracy_mean": 0.9570982305269865,
  "cv_accuracy_std": 0.01272226436369735,
  "cv_precision_mean": 0.5113390313390314,
  "cv_precision_std": 0.06236981961971759,
  "cv_recall_mean": 0.49792799792799797,
  "cv_recall_std": 0.16016836522479955,
  "cv_specificity_mean": 0.9778777917155429,
  "cv_specificity_std": 0.008752191559575774,
  "cv_brier_score_mean": 0.033754525362228525,
  "cv_brier_score_std": 0.006227558509478946,
  "cv_log_loss_mean": 0.15222727463902488,
  "cv_log_loss_std": 0.017386120781903186,
  "oof_roc_auc": 0.8570592048852917,
  "oof_pr_auc": 0.36087978972716783,
  "oof_accuracy": 0.9570957095709571,
  "oof_f1": 0.49612403100775193,
  "samples_with_target": 1515,
  "n_httr_features": 16821,
  "n_chemical_features": 163,
  "target_positives": 66,
  "target_negatives": 1449,
  "target_balance_ratio": 0.045548654244306416,
  "unique_chemicals": 1485,
  "ablation_mode": "single_cell_httr_structure",
  "cell_type_filter": "MCF7"
}