{
  "target_assay": "TOX21_GR_BLA_Agonist_ratio",
  "n_folds": 3,
  "random_state": 21,
  "global_threshold": 0.3655431866645813,
  "cv_roc_auc_mean": 0.9069258776475292,
  "cv_roc_auc_std": 0.02463094523356681,
  "cv_pr_auc_mean": 0.4253525461072276,
  "cv_pr_auc_std": 0.13750630816097817,
  "cv_average_precision_mean": 0.44090208206299336,
  "cv_average_precision_std": 0.12272437430362138,
  "cv_f1_mean": 0.4904761904761905,
  "cv_f1_std": 0.08611019676202437,
  "cv_accuracy_mean": 0.9584494752953928,
  "cv_accuracy_std": 0.012657681682531471,
  "cv_precision_mean": 0.43600539811066125,
  "cv_precision_std": 0.18414629737482233,
  "cv_recall_mean": 0.6377688172043011,
  "cv_recall_std": 0.10592515019406443,
  "cv_specificity_mean": 0.9694092033327881,
  "cv_specificity_std": 0.01731815562792189,
  "cv_brier_score_mean": 0.027292490264407124,
  "cv_brier_score_std": 0.0019948874190389796,
  "cv_log_loss_mean": 0.10439293286981305,
  "cv_log_loss_std": 0.001584945366565899,
  "oof_roc_auc": 0.9014463889251665,
  "oof_pr_auc": 0.4110820549344293,
  "oof_accuracy": 0.9622021364009861,
  "oof_f1": 0.46511627906976744,
  "samples_with_target": 2434,
  "n_httr_features": 16821,
  "n_chemical_features": 163,
  "target_positives": 78,
  "target_negatives": 2356,
  "target_balance_ratio": 0.03310696095076401,
  "unique_chemicals": 1677,
  "ablation_mode": "double_cell_httr_structure",
  "cell_type_filter": null,
  "cell_type_filter_1": "MCF7",
  "cell_type_filter_2": "HepRG"
}