{
  "target_assay": "TOX21_RORg_LUC_CHO_Antagonist",
  "n_folds": 3,
  "random_state": 21,
  "global_threshold": 0.3375629484653473,
  "cv_roc_auc_mean": 0.8789480117840928,
  "cv_roc_auc_std": 0.0016292850070672262,
  "cv_pr_auc_mean": 0.5909804817829462,
  "cv_pr_auc_std": 0.08891326977152925,
  "cv_average_precision_mean": 0.5934691362745217,
  "cv_average_precision_std": 0.08751431995928423,
  "cv_f1_mean": 0.5978028981643836,
  "cv_f1_std": 0.054854737747148545,
  "cv_accuracy_mean": 0.9123297170301194,
  "cv_accuracy_std": 0.014955395944344948,
  "cv_precision_mean": 0.5967255736155049,
  "cv_precision_std": 0.11383746424689818,
  "cv_recall_mean": 0.609364502749651,
  "cv_recall_std": 0.02378580682141838,
  "cv_specificity_mean": 0.9487397471087925,
  "cv_specificity_std": 0.022169645019407047,
  "cv_brier_score_mean": 0.07061021889541307,
  "cv_brier_score_std": 0.006355341160117255,
  "cv_log_loss_mean": 0.2890036855905387,
  "cv_log_loss_std": 0.053428741498726035,
  "oof_roc_auc": 0.8653286603445232,
  "oof_pr_auc": 0.5604550764128335,
  "oof_accuracy": 0.9081674116212921,
  "oof_f1": 0.5905797101449275,
  "samples_with_target": 2461,
  "n_httr_features": 16821,
  "n_chemical_features": 0,
  "target_positives": 263,
  "target_negatives": 2198,
  "target_balance_ratio": 0.11965423111919928,
  "unique_chemicals": 1204,
  "ablation_mode": "httr_only",
  "cell_type_filter": null
}