{
  "target_assay": "TOX21_ERa_LUC_VM7_Agonist",
  "n_folds": 3,
  "random_state": 21,
  "global_threshold": 0.11545009911060333,
  "cv_roc_auc_mean": 0.7630353104348027,
  "cv_roc_auc_std": 0.08035929492252801,
  "cv_pr_auc_mean": 0.34983984558028225,
  "cv_pr_auc_std": 0.13193912406275973,
  "cv_average_precision_mean": 0.37039670166726896,
  "cv_average_precision_std": 0.12853822888419317,
  "cv_f1_mean": 0.44817366254355456,
  "cv_f1_std": 0.1220119337923947,
  "cv_accuracy_mean": 0.8575769132977372,
  "cv_accuracy_std": 0.028808987507837044,
  "cv_precision_mean": 0.3814659197012138,
  "cv_precision_std": 0.11099122399418808,
  "cv_recall_mean": 0.543768115942029,
  "cv_recall_std": 0.13354362748212212,
  "cv_specificity_mean": 0.8943809937849503,
  "cv_specificity_std": 0.0189927591811202,
  "cv_brier_score_mean": 0.09228682636097585,
  "cv_brier_score_std": 0.007951766382425066,
  "cv_log_loss_mean": 0.38621722097335787,
  "cv_log_loss_std": 0.04890078062032926,
  "oof_roc_auc": 0.7639603519322865,
  "oof_pr_auc": 0.32712433181858164,
  "oof_accuracy": 0.8706395348837209,
  "oof_f1": 0.43312101910828027,
  "samples_with_target": 688,
  "n_httr_features": 16821,
  "n_chemical_features": 163,
  "target_positives": 73,
  "target_negatives": 615,
  "target_balance_ratio": 0.11869918699186992,
  "unique_chemicals": 678,
  "ablation_mode": "single_cell_httr_structure",
  "cell_type_filter": "HepRG"
}